{
"type": "FeatureCollection",
"name": "1674_Kecamatan",
"crs": { "type": "name", "properties": { "name": "urn:ogc:def:crs:EPSG::3857" } },
"xy_coordinate_resolution": 1e-15,
"features": [
{ "type": "Feature", "properties": { "fid": 40460, "kdkab": "74", "kdkec": "041", "nmkab": "LUBUKLINGGAU", "nmkec": "LUBUK LINGGAU UTARA I", "kdprov": "16", "nmprov": "SUMATERA SELATAN" }, "geometry": { "type": "MultiPolygon", "coordinates": [ [ [ [ 11442042.654405549168587, -364660.40394018049119 ], [ 11441897.508261093869805, -364706.192032915831078 ], [ 11441791.144714027643204, -364775.688837886380497 ], [ 11441622.198462435975671, -364886.076476559217554 ], [ 11441592.795645331963897, -364908.173887007578742 ], [ 11441574.30770430341363, -364922.069233327871189 ], [ 11441484.408755205571651, -365112.040043285524007 ], [ 11441466.22872388549149, -365150.457371780124959 ], [ 11441461.665737956762314, -365198.316258056031074 ], [ 11441452.930497514083982, -365289.938619631459005 ], [ 11441452.685594635084271, -365289.853878030029591 ], [ 11441452.662217542529106, -365289.846072882413864 ], [ 11441437.255600014701486, -365284.053538397070952 ], [ 11441365.162871386855841, -365407.838783589075319 ], [ 11441245.992016909644008, -365495.828571854333859 ], [ 11441216.898556670174003, -365517.309829702251591 ], [ 11441169.906258150935173, -365552.006798131915275 ], [ 11441090.519876483827829, -365571.798471045738552 ], [ 11440983.566336117684841, -365598.4620413533994 ], [ 11440907.08906670473516, -365445.257265197811648 ], [ 11440904.444894840940833, -365439.960350183304399 ], [ 11440880.246820531785488, -365433.900983002677094 ], [ 11440652.247248865664005, -365376.807717734598555 ], [ 11440400.8902876842767, -365585.592321372881997 ], [ 11440232.037544462829828, -365725.846714991261251 ], [ 11440179.45889993198216, -365769.520264064369258 ], [ 11440118.226055551320314, -365771.371318580757361 ], [ 11440010.96794505789876, -365774.61370251030894 ], [ 11439948.478748900815845, -365776.502556497754995 ], [ 11439934.33338120393455, -365775.678552304801997 ], [ 11439792.89306259341538, -365767.44854595081415 ], [ 11439454.308152178302407, -365604.158700096071698 ], [ 11439290.379070036113262, -365654.681575305236038 ], [ 11439242.44155771099031, -365737.619377503346186 ], [ 11438435.775999628007412, -365702.352238852879964 ], [ 11438464.508673397824168, -365687.687427963188384 ], [ 11438520.968805935233831, -365658.871838415565435 ], [ 11438556.653381900861859, -365626.940877884859219 ], [ 11438567.781991396099329, -365616.983709747961257 ], [ 11438568.277363130822778, -365615.08593827689765 ], [ 11438577.878669207915664, -365578.371537276310846 ], [ 11438609.641459522768855, -365551.567478784418199 ], [ 11438649.716476202011108, -365538.219530596281402 ], [ 11438684.414761489257216, -365533.124987936753314 ], [ 11438694.781945664435625, -365531.602980814583134 ], [ 11438712.821269145235419, -365518.692124192079064 ], [ 11438729.877641525119543, -365506.484848748310469 ], [ 11438758.30307350307703, -365479.673002390190959 ], [ 11438756.704525612294674, -365447.754358473524917 ], [ 11438795.716441160067916, -365425.068109255982563 ], [ 11438808.497031899169087, -365417.635369811381679 ], [ 11438846.501506058499217, -365417.721226533234585 ], [ 11438890.255631908774376, -365417.8204635217553 ], [ 11438924.638883033767343, -365421.744227361807134 ], [ 11438950.308044416829944, -365424.674506334064063 ], [ 11439007.102135425433517, -365396.247012524225283 ], [ 11439013.551986718550324, -365367.333376419206616 ], [ 11439013.843643788248301, -365366.026570787245873 ], [ 11438993.888511864468455, -365335.74592608230887 ], [ 11438997.292661895975471, -365305.517695599177387 ], [ 11439026.15001349337399, -365261.392967976571526 ], [ 11439029.103319585323334, -365256.876018725743052 ], [ 11439152.777047462761402, -365166.447870588279329 ], [ 11439160.037304654717445, -365164.029392518103123 ], [ 11439177.823932891711593, -365158.105292230495252 ], [ 11439185.022964363917708, -365150.510892724385485 ], [ 11439209.601194731891155, -365124.582227380189579 ], [ 11439208.011552406474948, -365089.303017512022052 ], [ 11439208.099494805559516, -365089.16364012187114 ], [ 11439228.104720495641232, -365057.433546172105707 ], [ 11439240.167300520464778, -365055.184553317842074 ], [ 11439254.812492728233337, -365052.453872414422221 ], [ 11439269.22168761305511, -365055.711957191699184 ], [ 11439269.821699669584632, -365055.847989481000695 ], [ 11439319.912130940705538, -365040.842067955411039 ], [ 11439356.672053191810846, -365017.408839212323073 ], [ 11439422.953904395923018, -365014.276752625533845 ], [ 11439427.226346457377076, -365014.073819283687044 ], [ 11439427.300930518656969, -365014.070474232255947 ], [ 11439458.146448221057653, -365012.613145259791054 ], [ 11439458.463708769530058, -365012.598650022584479 ], [ 11439480.803304178640246, -364991.225980675138999 ], [ 11439492.634339662268758, -364979.908547340543009 ], [ 11439494.927521169185638, -364977.715306948113721 ], [ 11439495.704531216993928, -364976.677225210529286 ], [ 11439520.371817184612155, -364937.04726343753282 ], [ 11439522.132891526445746, -364898.502227459510323 ], [ 11439527.862505719065666, -364890.21095992741175 ], [ 11439537.187739465385675, -364876.714793649618514 ], [ 11439544.307734094560146, -364872.962761595612392 ], [ 11439580.232760161161423, -364854.030890622467268 ], [ 11439596.952947678044438, -364845.218913611373864 ], [ 11439600.555246397852898, -364843.320040257647634 ], [ 11439603.042123828083277, -364842.328790467814542 ], [ 11439614.720651607960463, -364837.740497123333625 ], [ 11439647.426317995414138, -364824.889931721612811 ], [ 11439643.955376278609037, -364816.978890239319298 ], [ 11439620.864374298602343, -364764.359049735125154 ], [ 11439629.33467435836792, -364735.768931923434138 ], [ 11439650.53101859614253, -364718.46054661902599 ], [ 11439654.942610016092658, -364714.857931939768605 ], [ 11439674.334465308114886, -364699.023599964333698 ], [ 11439701.272668890655041, -364688.893687333445996 ], [ 11439701.307177934795618, -364688.880307154380716 ], [ 11439717.113432429730892, -364682.952887048188131 ], [ 11439728.630546946078539, -364678.599868413817603 ], [ 11439738.70162128098309, -364674.375076675263699 ], [ 11439758.065646702423692, -364666.249963002977893 ], [ 11439831.386229312047362, -364635.490051947184838 ], [ 11439854.856830755248666, -364590.113428402168211 ], [ 11439858.995689421892166, -364561.404048725322355 ], [ 11439859.912962026894093, -364555.045125057222322 ], [ 11439844.987244693562388, -364521.29700859793229 ], [ 11439800.604163719341159, -364492.889815165952314 ], [ 11439763.34441695548594, -364469.041916626621969 ], [ 11439723.990750571712852, -364420.121851175790653 ], [ 11439683.718698389828205, -364370.062264951353427 ], [ 11439681.014747958630323, -364363.473659732146189 ], [ 11439668.863112341612577, -364332.42281401832588 ], [ 11439661.290047379210591, -364313.070675383904018 ], [ 11439645.262267099693418, -364271.978054710722063 ], [ 11439640.113740647211671, -364244.873257100989576 ], [ 11439625.556490836665034, -364167.925282371346839 ], [ 11439626.963569203391671, -364162.71261120447889 ], [ 11439637.297357531264424, -364124.409799441113137 ], [ 11439657.259168623015285, -364107.739294148224872 ], [ 11439684.546915400773287, -364084.949621371808462 ], [ 11439687.22860193438828, -364082.710683173267171 ], [ 11439691.334064753726125, -364081.80418082192773 ], [ 11439741.018179882317781, -364072.575251360482071 ], [ 11439791.441456433385611, -364074.526517041609623 ], [ 11439804.448025735095143, -364078.587379777745809 ], [ 11439833.260849537327886, -364087.583272831980139 ], [ 11439863.051058474928141, -364097.12998115667142 ], [ 11439918.803199043497443, -364116.470932321390137 ], [ 11439954.292965903878212, -364136.877835997322109 ], [ 11439972.883320864289999, -364136.920206357317511 ], [ 11439982.268667135387659, -364136.940276533248834 ], [ 11440024.734826482832432, -364116.647103805153165 ], [ 11440035.191066252067685, -364109.104065539373551 ], [ 11440037.596680453047156, -364107.36799604864791 ], [ 11440066.195770828053355, -364086.736980936781038 ], [ 11440126.359502824023366, -364083.621645571896806 ], [ 11440141.210636090487242, -364101.976926229486708 ], [ 11440160.362041285261512, -364125.649689976242371 ], [ 11440166.194069409742951, -364132.858226492942777 ], [ 11440186.17480481043458, -364157.554575765971094 ], [ 11440200.468227429315448, -364162.016845060570631 ], [ 11440207.752974906936288, -364164.291465165326372 ], [ 11440239.660480555146933, -364159.314061241282616 ], [ 11440271.137179771438241, -364146.721141100977547 ], [ 11440286.517080619931221, -364140.567402793851215 ], [ 11440306.365345822647214, -364132.626304506382439 ], [ 11440309.415499873459339, -364130.03948238468729 ], [ 11440324.793174330145121, -364116.999446773319505 ], [ 11440336.495079202577472, -364107.075863616017159 ], [ 11440346.429230563342571, -364098.651968714781106 ], [ 11440356.259854791685939, -364090.72536852088524 ], [ 11440356.262081183493137, -364090.723138500878122 ], [ 11440359.828757669776678, -364087.92669563513482 ], [ 11440382.942023539915681, -364069.798879106121603 ], [ 11440412.487329591065645, -364046.627881088294089 ], [ 11440432.897758232429624, -364030.6208174622152 ], [ 11440449.155969865620136, -364017.869580618164036 ], [ 11440466.672091741114855, -364004.13267791189719 ], [ 11440503.533314721658826, -363975.222747279854957 ], [ 11440535.195917490869761, -363975.240587402542587 ], [ 11440550.594742653891444, -363986.344952431740239 ], [ 11440600.272178616374731, -364022.418815004813951 ], [ 11440622.072987692430615, -364027.45865331182722 ], [ 11440636.961969582363963, -364030.89956959488336 ], [ 11440662.941712344065309, -364068.243441672064364 ], [ 11440668.564459824934602, -364076.323911514773499 ], [ 11440667.040495995432138, -364104.291685440461151 ], [ 11440666.41265406832099, -364115.806386727199424 ], [ 11440665.133593115955591, -364140.314295610703994 ], [ 11440674.919689558446407, -364175.089221210393589 ], [ 11440678.331631949171424, -364187.209380263695493 ], [ 11440708.566005650907755, -364193.219284827529918 ], [ 11440746.173069221898913, -364200.693198134831619 ], [ 11440752.091926548629999, -364200.704348233295605 ], [ 11440830.142474321648479, -364199.307240427704528 ], [ 11440844.091919712722301, -364193.375386246189009 ], [ 11440896.880735440179706, -364170.929119083797559 ], [ 11440918.996578680351377, -364166.512564837175887 ], [ 11440920.522768901661038, -364166.208167138043791 ], [ 11440955.354637566953897, -364159.276150902966037 ], [ 11441002.1310875993222, -364135.838647062715609 ], [ 11441027.509593790397048, -364106.194560270232614 ], [ 11441029.630341406911612, -364103.71745567076141 ], [ 11441032.255255, -364100.65229525777977 ], [ 11441040.681027259677649, -364096.903634288115427 ], [ 11441107.533947456628084, -364067.219863499631174 ], [ 11441136.718578357249498, -364066.305556211620569 ], [ 11441151.406071972101927, -364065.846172547782771 ], [ 11441157.455173099413514, -364065.656621039379388 ], [ 11441159.432207260280848, -364065.857322639029007 ], [ 11441163.774780593812466, -364066.304441201849841 ], [ 11441207.51888769492507, -364070.806847177562304 ], [ 11441260.942224524915218, -364044.064476136933081 ], [ 11441263.934492437168956, -364041.337164977565408 ], [ 11441263.966775089502335, -364041.308174748963211 ], [ 11441299.425372486934066, -364008.860313072276767 ], [ 11441301.422444155439734, -363998.921129393565934 ], [ 11441304.459239862859249, -363983.80830905114999 ], [ 11441382.92055656015873, -363944.99488502764143 ], [ 11441393.488115819171071, -363837.629732150293421 ], [ 11441405.521752778440714, -363715.373784269148018 ], [ 11441406.156273873522878, -363708.924593270581681 ], [ 11441385.555488908663392, -363646.298106576374266 ], [ 11441378.005801040679216, -363623.34908212517621 ], [ 11441330.931014776229858, -363480.251729217590764 ], [ 11441331.081296088173985, -363411.809517861460336 ], [ 11441331.482046255841851, -363228.897988396231085 ], [ 11441331.525460854172707, -363209.120110380230471 ], [ 11441331.832702651619911, -363068.945698563125916 ], [ 11441325.585452828556299, -363062.877874385390896 ], [ 11441204.469846840947866, -362945.223252215946559 ], [ 11441262.189002823084593, -362891.193820219952613 ], [ 11441320.023931067436934, -362862.242921828175895 ], [ 11441378.160535134375095, -362909.276846152322832 ], [ 11441410.21052972972393, -362921.090243943966925 ], [ 11441442.171468729153275, -362932.870193043316249 ], [ 11441446.922473276033998, -362932.349489167158026 ], [ 11441544.659761678427458, -362606.031643265334424 ], [ 11441637.591721622273326, -362466.40834516758332 ], [ 11441744.422031311318278, -362305.904217518400401 ], [ 11441925.488303784281015, -362150.454233397787903 ], [ 11441935.104304037988186, -362142.198625920282211 ], [ 11442425.429925547912717, -361942.114449092186987 ], [ 11442453.563366496935487, -361932.975452158949338 ], [ 11442592.21958464756608, -361887.933415149105713 ], [ 11442761.393818557262421, -361832.977714531996753 ], [ 11443146.405413161963224, -361762.86291307018837 ], [ 11443160.918469132855535, -361760.219950286729727 ], [ 11443202.197183474898338, -361755.913205547432881 ], [ 11443212.519060622900724, -361754.836240641714539 ], [ 11443506.850577265024185, -361724.12741410639137 ], [ 11443596.76355261541903, -361714.746483012684621 ], [ 11443710.590514939278364, -361717.913376438256819 ], [ 11443835.333911811932921, -361721.383992028306238 ], [ 11443917.464986836537719, -361723.669043519243132 ], [ 11443923.647337399423122, -361723.841085798980203 ], [ 11444058.619993597269058, -361784.894592594821006 ], [ 11444071.249746426939964, -361790.607559121446684 ], [ 11444113.672268532216549, -361749.225074134476017 ], [ 11444766.994114853441715, -361111.900956705969293 ], [ 11444819.13505114428699, -361061.035600731032901 ], [ 11444992.426881700754166, -360891.983606499503367 ], [ 11445427.040771612897515, -360468.004328874056228 ], [ 11444873.453396679833531, -360144.576711380039342 ], [ 11444512.85950973816216, -359933.902209749445319 ], [ 11444513.205713352188468, -359932.616651733289473 ], [ 11444513.565275307744741, -359931.278690236620605 ], [ 11444535.643269915133715, -359750.441075291018933 ], [ 11444598.724685763940215, -359242.489292912941892 ], [ 11444778.864112155511975, -359006.602788168762345 ], [ 11444821.092047793790698, -358951.306419752538204 ], [ 11444950.620067697018385, -358781.693521089968272 ], [ 11444895.767388606444001, -358575.00528570311144 ], [ 11444856.488306283950806, -358426.997393593890592 ], [ 11444785.713600423187017, -358160.312071674270555 ], [ 11444761.212180502712727, -358064.085194903425872 ], [ 11444710.27126831933856, -357717.443447378522251 ], [ 11444704.782104225829244, -357680.08829750737641 ], [ 11444662.652129743248224, -357393.403762337518856 ], [ 11444657.916598606854677, -357361.177454892313108 ], [ 11444657.894334703683853, -357361.030282463878393 ], [ 11444657.224191369488835, -357356.464592331554741 ], [ 11444602.275777520611882, -356982.560277645010501 ], [ 11444425.61842480301857, -356759.475702877796721 ], [ 11444421.263606322929263, -356753.975719841488171 ], [ 11444278.065552951768041, -356573.143159484141506 ], [ 11444340.447882395237684, -356411.040649839793332 ], [ 11444393.411469724029303, -356273.407781081390567 ], [ 11444414.267176328226924, -356219.215407106734347 ], [ 11444436.415302213281393, -356200.730959046515636 ], [ 11444446.882673934102058, -356191.995472384616733 ], [ 11444481.734691429883242, -356162.909595670527779 ], [ 11444481.798032222315669, -356162.856747937679756 ], [ 11444484.851637171581388, -356160.308350265433546 ], [ 11444673.851983712986112, -356002.576614811026957 ], [ 11444902.749347070232034, -355811.548115516547114 ], [ 11444898.365585524588823, -355792.111585370788816 ], [ 11444796.013992907479405, -355338.330363432469312 ], [ 11444795.991729011759162, -355338.227790517441463 ], [ 11444795.989502619951963, -355338.218871139572002 ], [ 11444788.913256550207734, -355306.845836071646772 ], [ 11444760.224776620045304, -355179.65352655260358 ], [ 11444806.041652640327811, -354974.334246975718997 ], [ 11444848.820619756355882, -354782.630706947180443 ], [ 11444885.311148831620812, -354505.827120504865889 ], [ 11444910.849287176504731, -354312.092545244202483 ], [ 11444915.709162186831236, -354275.225055254122708 ], [ 11444822.585955360904336, -353935.234073715342674 ], [ 11444806.849832145497203, -353877.782811341341585 ], [ 11445035.398765498772264, -353648.872203643899411 ], [ 11445039.041139233857393, -353645.224229518848006 ], [ 11445060.209653602913022, -353624.023169459018391 ], [ 11445070.675912126898766, -353613.539706040930469 ], [ 11445436.930395172908902, -353559.759988533507567 ], [ 11445663.22065606340766, -353526.530229737458285 ], [ 11446216.714522624388337, -353479.994089767860714 ], [ 11446221.593655904754996, -353479.583804762747604 ], [ 11446224.130627101287246, -353479.370857929636259 ], [ 11446273.580971302464604, -353475.21226274932269 ], [ 11446288.697044957429171, -353473.941271221148781 ], [ 11446338.894342940300703, -353469.721356468333397 ], [ 11446382.541602084413171, -353466.051089917251375 ], [ 11446423.945773489773273, -353462.570357291901018 ], [ 11446431.234973745420575, -353461.957159692188725 ], [ 11446432.097699800506234, -353462.307239775720518 ], [ 11446451.339273784309626, -353470.095964481588453 ], [ 11446718.732030251994729, -353578.338778165460099 ], [ 11446779.191872095689178, -353602.814308953587897 ], [ 11446786.41873343847692, -353605.733133136061952 ], [ 11446826.600616831332445, -353621.996269827650394 ], [ 11446831.338374359533191, -353623.913908637827262 ], [ 11446869.419658964499831, -353639.328604095440824 ], [ 11446869.654543092474341, -353639.423371142416727 ], [ 11447050.00102373957634, -353628.469415847212076 ], [ 11447215.721236484125257, -353618.401812058058567 ], [ 11447220.731726765632629, -353618.097442647791468 ], [ 11447187.42827470600605, -353213.228873067011591 ], [ 11447172.018317595124245, -353025.887528749590274 ], [ 11447191.060629691928625, -352851.794607709045522 ], [ 11447202.414104554802179, -352747.996681678981986 ], [ 11447202.42412330955267, -352747.915294136619195 ], [ 11447202.426349693909287, -352747.886306796863209 ], [ 11447214.917509762570262, -352633.908128777286038 ], [ 11447230.013545906171203, -352496.143767607631162 ], [ 11447359.180890658870339, -351966.839472607418429 ], [ 11447412.825753273442388, -351763.519339071470313 ], [ 11447502.603809403255582, -351423.25592066795798 ], [ 11447563.98648982308805, -351250.398696289688814 ], [ 11447660.046304816380143, -350979.890394890215248 ], [ 11448059.362676631659269, -350551.343273438804317 ], [ 11448062.127852780744433, -350550.37667536479421 ], [ 11448214.130164679139853, -350497.220482930482831 ], [ 11448218.211137216538191, -350495.793441461049952 ], [ 11448492.885301575064659, -350399.737982438644394 ], [ 11448628.958907535299659, -350352.151773102581501 ], [ 11448829.886135639622808, -350061.302493368100841 ], [ 11449063.052601471543312, -349723.78218128537992 ], [ 11449163.318066826090217, -349595.969239255704451 ], [ 11449444.350800508633256, -349237.722720735997427 ], [ 11449894.580254632979631, -348856.128778249782044 ], [ 11450356.237767679616809, -348520.921939447580371 ], [ 11450363.836436118930578, -348534.040465389902238 ], [ 11450445.363491594791412, -348674.784604115120601 ], [ 11450451.54840249940753, -348685.461606512661092 ], [ 11450631.860374100506306, -348996.743981263309252 ], [ 11450688.863745752722025, -349073.517848768387921 ], [ 11450693.835274212062359, -349080.213713272940367 ], [ 11450804.25752991065383, -349228.932017696439289 ], [ 11451085.898068007081747, -349439.210052540292963 ], [ 11451333.587274605408311, -349624.13748540886445 ], [ 11451468.368461277335882, -349830.455101229541469 ], [ 11451712.72587551549077, -350204.505657127534505 ], [ 11451814.158414416015148, -350391.155115861387458 ], [ 11452025.739585703238845, -350780.494136629335117 ], [ 11452044.90100965462625, -350804.270045975863468 ], [ 11452324.830567179247737, -351151.631218668248039 ], [ 11452325.187902744859457, -351152.07494187814882 ], [ 11452328.684447951614857, -351156.414064442040399 ], [ 11452350.507520919665694, -351183.493448357679881 ], [ 11452372.313895976170897, -351210.552770706184674 ], [ 11452522.549567557871342, -351396.979197794280481 ], [ 11452558.631554106250405, -351441.752980087359902 ], [ 11452583.481404036283493, -351472.588479951606132 ], [ 11452625.138270689174533, -351524.280159044836182 ], [ 11452640.071780379861593, -351542.810681180562824 ], [ 11452667.304980602115393, -351576.605116759368684 ], [ 11452689.053469520062208, -351576.649712217971683 ], [ 11452719.336823800578713, -351576.712145862577017 ], [ 11452759.087900763377547, -351576.797992130217608 ], [ 11452833.136512843891978, -351576.959650672739372 ], [ 11452851.819262985140085, -351559.616477052564733 ], [ 11452875.146262276917696, -351537.962041176680941 ], [ 11452936.915221333503723, -351481.243336640938651 ], [ 11452995.202106714248657, -351427.721035397145897 ], [ 11453073.913892261683941, -351354.532196513842791 ], [ 11453117.385266609489918, -351312.659376025781967 ], [ 11453129.668259223923087, -351300.828227720689029 ], [ 11453131.974799074232578, -351298.606264174508397 ], [ 11453134.895822513848543, -351295.792297355830669 ], [ 11453134.95704822987318, -351295.733208516787272 ], [ 11453134.963727399706841, -351295.727634099544957 ], [ 11453134.977085743099451, -351295.733208516787272 ], [ 11453137.056533828377724, -351296.649643025069963 ], [ 11453139.412054255604744, -351297.687599881261121 ], [ 11453155.135932324454188, -351304.61660319758812 ], [ 11453156.435030788183212, -351297.889393859251868 ], [ 11453170.716208258643746, -351302.651062874821946 ], [ 11453173.361159363761544, -351303.532936034840532 ], [ 11453260.527660235762596, -351332.596848143613897 ], [ 11453329.766157120466232, -351355.681642328388989 ], [ 11453347.677463186904788, -351361.654078234685585 ], [ 11453396.428720988333225, -351377.909094828122761 ], [ 11453487.734080528840423, -351408.352138219284825 ], [ 11453512.588383238762617, -351416.639078056206927 ], [ 11453588.170977903530002, -351441.839941134909168 ], [ 11453588.266712665557861, -351441.872272806824185 ], [ 11453645.774361614137888, -351460.847621039894875 ], [ 11453834.917308419942856, -351523.256693682342302 ], [ 11453849.389955414459109, -351527.203390249575023 ], [ 11453891.581155620515347, -351538.705670247145463 ], [ 11453932.420937208458781, -351549.841153803281486 ], [ 11453977.075637746602297, -351562.016827428131364 ], [ 11454038.940331557765603, -351578.883944845059887 ], [ 11454065.688178805634379, -351586.176418018410914 ], [ 11454148.24159998446703, -351608.684866223076824 ], [ 11454267.000572342425585, -351641.064529219293036 ], [ 11454407.838652512058616, -351679.463478832389228 ], [ 11454408.383004823699594, -351679.523682761879172 ], [ 11454435.40581121109426, -351682.536108883679844 ], [ 11454588.847372809424996, -351699.642944712308235 ], [ 11454718.529124924913049, -351714.100809505849611 ], [ 11454737.437853632494807, -351716.209062456444371 ], [ 11454781.395694157108665, -351721.108994763693772 ], [ 11454841.301164932549, -351734.971512011718005 ], [ 11454863.238340387120843, -351742.61306648387108 ], [ 11454877.972142910584807, -351747.745342606678605 ], [ 11455163.424928285181522, -351757.835415526817087 ], [ 11455227.899507565423846, -351760.114470160682686 ], [ 11455244.98805127479136, -351760.7185166417039 ], [ 11455291.22760740481317, -351754.678051972994581 ], [ 11455578.586516425013542, -351717.139436387980822 ], [ 11455687.428146669641137, -351666.369014155934565 ], [ 11455753.868516830727458, -351635.377155534282792 ], [ 11455753.564280666410923, -351634.993745861342177 ], [ 11455750.993690984323621, -351631.754218487942126 ], [ 11455857.479244206100702, -351584.143756745907012 ], [ 11455936.505952598527074, -351548.810441448586062 ], [ 11455933.13096827827394, -351543.346384003700223 ], [ 11456010.615233799442649, -351501.560790846124291 ], [ 11456182.75846984796226, -351349.048972219985444 ], [ 11456246.697936329990625, -351292.401266757515259 ], [ 11456289.485475054010749, -351261.130564312799834 ], [ 11456365.799104811623693, -351205.357861954660621 ], [ 11456414.679938497021794, -351169.634007278538775 ], [ 11456509.362063474953175, -351136.049845680245198 ], [ 11456542.393562017008662, -351124.333436770190019 ], [ 11456554.355509223416448, -351120.090529737994075 ], [ 11456632.602424576878548, -351092.336099648266099 ], [ 11456664.974132502451539, -351086.25720639975043 ], [ 11456700.013612018898129, -351079.677397097635549 ], [ 11456700.400892525911331, -351080.558934100787155 ], [ 11456762.285512531176209, -351221.419089948234614 ], [ 11456764.333902478218079, -351218.399429075419903 ], [ 11456769.359643533825874, -351210.990808241360355 ], [ 11456903.37517474591732, -351543.342370411381125 ], [ 11456905.578410105779767, -351548.806427855975926 ], [ 11456936.075831767171621, -351624.438552799925674 ], [ 11456997.74015049263835, -351777.36324275447987 ], [ 11456999.065742986276746, -351777.36324275447987 ], [ 11457007.326873721554875, -351795.257538441859651 ], [ 11457023.838003238663077, -351831.021945020474959 ], [ 11457024.093704106286168, -351836.475090129650198 ], [ 11457024.282724602147937, -351840.504745116864797 ], [ 11457055.085384299978614, -351912.661280230269767 ], [ 11457085.823478696867824, -351984.666569699009415 ], [ 11457095.366008087992668, -352059.530596424941905 ], [ 11457095.190791206434369, -352060.627426373015624 ], [ 11457101.734930112957954, -352109.485647889960092 ], [ 11457135.077566631138325, -352358.418703502917197 ], [ 11457138.503646600991488, -352358.126712743134703 ], [ 11457140.414556981995702, -352357.963826726016123 ], [ 11457142.452482899650931, -352369.626622583833523 ], [ 11457148.710196753963828, -352405.440039154840633 ], [ 11457154.718777587637305, -352439.827293330687098 ], [ 11457179.913050021976233, -352587.186495738627855 ], [ 11457181.924593221396208, -352598.951996697694995 ], [ 11457182.60854017175734, -352600.684657180972863 ], [ 11457208.893743619322777, -352667.27219845802756 ], [ 11457226.652096707373857, -352706.177986755035818 ], [ 11457244.466666139662266, -352741.861622091848403 ], [ 11457280.422639027237892, -352813.883594227256253 ], [ 11457434.931977177038789, -352973.557678401120938 ], [ 11457435.062443621456623, -352973.492456749838311 ], [ 11457481.416324861347675, -353022.832924376532901 ], [ 11457491.817016210407019, -353033.903663691715337 ], [ 11457528.471184937283397, -353072.919504830264486 ], [ 11457533.038957603275776, -353077.781588033249136 ], [ 11457542.400036223232746, -353224.976933885540348 ], [ 11457543.937914995476604, -353249.158612762636039 ], [ 11457545.012704676017165, -353266.059423540253192 ], [ 11457545.125805279240012, -353267.837024632608518 ], [ 11457543.038230868056417, -353271.969969561730977 ], [ 11457528.471184937283397, -353300.809389169153292 ], [ 11457493.152070859447122, -353370.733349779271521 ], [ 11457421.574640154838562, -353389.462509486998897 ], [ 11457358.987482843920588, -353405.839224384690169 ], [ 11457331.684485301375389, -353422.384069181396626 ], [ 11457331.861483285203576, -353422.892688545631245 ], [ 11457277.402429919689894, -353455.277431194612291 ], [ 11457263.859189352020621, -353463.331056790892035 ], [ 11457213.930616619065404, -353493.021642782026902 ], [ 11457213.729128338396549, -353493.141495072573889 ], [ 11457207.589747101068497, -353493.141495072573889 ], [ 11457154.708424877375364, -353493.141495072573889 ], [ 11457112.544052669778466, -353442.466508403362241 ], [ 11457109.443025611341, -353443.660013713408262 ], [ 11457109.439018113538623, -353443.661574582394678 ], [ 11457059.838503919541836, -353462.752086761873215 ], [ 11457052.180502185598016, -353466.412430552591104 ], [ 11457038.728654922917485, -353472.84219803288579 ], [ 11457038.062519084662199, -353473.1606148511637 ], [ 11457040.836155520752072, -353550.942311387218069 ], [ 11457041.207183383405209, -353561.346945278521162 ], [ 11456986.726534031331539, -353584.081992830615491 ], [ 11456983.899798201397061, -353583.466564770555124 ], [ 11456939.002198535948992, -353573.69129321287619 ], [ 11456908.382659399881959, -353567.024602634832263 ], [ 11456908.379431137815118, -353568.647459445928689 ], [ 11456908.054823499172926, -353730.409361140220426 ], [ 11456858.470005357638001, -353789.267006255104207 ], [ 11456853.518069127574563, -353803.649876454321202 ], [ 11456851.425151381641626, -353809.728689694369677 ], [ 11456848.504016622900963, -353818.212806130643003 ], [ 11456840.958447575569153, -353836.686055648722686 ], [ 11456838.039761846885085, -353843.831503512221389 ], [ 11456837.368393996730447, -353850.555962376471143 ], [ 11456836.060835260897875, -353863.651901221775915 ], [ 11456831.229680679738522, -353912.037161471904255 ], [ 11456824.457336815074086, -353970.82142692891648 ], [ 11456824.419599508866668, -353971.148652912816033 ], [ 11456822.770512571558356, -353972.066223563684616 ], [ 11456783.55922381952405, -353993.883892895770259 ], [ 11456740.42870974726975, -354037.080861247435678 ], [ 11456738.748008074238896, -354085.896327014779672 ], [ 11456738.158682696521282, -354103.013107368897181 ], [ 11456792.639220723882318, -354184.860086185974069 ], [ 11456806.321165377274156, -354200.704097864509095 ], [ 11456805.499404897913337, -354201.644637529738247 ], [ 11456804.266764177009463, -354202.162402613728773 ], [ 11456803.745343679562211, -354202.381371307943482 ], [ 11456790.22536888718605, -354218.979957880044822 ], [ 11456789.694374911487103, -354219.631846964650322 ], [ 11456766.794508507475257, -354221.740814647695515 ], [ 11456751.307852262631059, -354223.167010198987555 ], [ 11456750.26078113168478, -354223.263450096186716 ], [ 11456738.154675191268325, -354214.455756323121022 ], [ 11456736.20580486766994, -354213.037922720308416 ], [ 11456702.215400230139494, -354188.308731200522743 ], [ 11456625.161384534090757, -354165.156810335931368 ], [ 11456621.081970471888781, -354225.07930744998157 ], [ 11456621.081970471888781, -354275.014671245939098 ], [ 11456620.117275767028332, -354275.163289096090011 ], [ 11456603.404880613088608, -354277.73840276862029 ], [ 11456573.194440603256226, -354269.432526956719812 ], [ 11456557.172560255974531, -354265.027619051979855 ], [ 11456529.523693047463894, -354285.001724307774566 ], [ 11456543.838934287428856, -354334.348885938350577 ], [ 11456567.832292053848505, -354417.057969464687631 ], [ 11456568.50399386510253, -354419.373534336744342 ], [ 11456550.373611036688089, -354489.283234816917684 ], [ 11456542.81123274564743, -354505.141559369920287 ], [ 11456521.365087568759918, -354550.113776444224641 ], [ 11456515.019431317225099, -354657.24815333308652 ], [ 11456544.934540715068579, -354728.746866823697928 ], [ 11456548.437097169458866, -354763.827066874015145 ], [ 11456549.920318067073822, -354778.682561056455597 ], [ 11456522.271562181413174, -354863.573079272871837 ], [ 11456486.539230152964592, -354947.961389221949503 ], [ 11456486.519192641600966, -354947.974322280206252 ], [ 11456486.464089494198561, -354948.009776707855053 ], [ 11456486.458968801423907, -354948.117589389148634 ], [ 11456486.457187689840794, -354948.155050675210077 ], [ 11456486.362788759171963, -354950.142059577570762 ], [ 11456486.346870070323348, -354950.475754883198533 ], [ 11456486.010907849296927, -354957.543004681996536 ], [ 11456487.33471923135221, -354957.686940753599629 ], [ 11456487.389265781268477, -354957.692849826358724 ], [ 11456488.737233495339751, -354968.572901160572655 ], [ 11456495.075987942516804, -355019.735669024987146 ], [ 11456542.668187201023102, -355089.645735131227411 ], [ 11456510.486835604533553, -355125.962604256987106 ], [ 11456495.112278092652559, -355152.215760416642297 ], [ 11456482.83807972073555, -355173.174718542199116 ], [ 11456481.11240497417748, -355184.063598193228245 ], [ 11456480.017021184787154, -355190.975107851729263 ], [ 11456478.305484015494585, -355201.77423800888937 ], [ 11456478.240584747865796, -355203.507606637838762 ], [ 11456476.945716431364417, -355238.091254135011695 ], [ 11456480.64887061342597, -355252.617907716776244 ], [ 11456482.384786751121283, -355259.427406131755561 ], [ 11456494.359201740473509, -355272.219912279804703 ], [ 11456494.744367180392146, -355272.631430093140807 ], [ 11456495.982573874294758, -355273.954285405867267 ], [ 11456535.416056336835027, -355340.232756445300765 ], [ 11456542.550745140761137, -355357.894921234576032 ], [ 11456545.855264218524098, -355366.075335462228395 ], [ 11456558.417557436972857, -355397.173781080637127 ], [ 11456559.438802447170019, -355399.70187015942065 ], [ 11456602.95169897004962, -355442.828346825728659 ], [ 11456655.529675584286451, -355463.710651319881435 ], [ 11456732.130398310720921, -355476.875564973277505 ], [ 11456772.824128724634647, -355479.226940307824407 ], [ 11456773.711901659145951, -355479.763218899897765 ], [ 11456775.688601860776544, -355479.332858118286822 ], [ 11456776.549769438803196, -355479.145327849895693 ], [ 11456782.272481821477413, -355479.840037183603272 ], [ 11456866.295097637921572, -355490.040480145951733 ], [ 11456890.043441208079457, -355503.014187274035066 ], [ 11456911.167650418356061, -355514.554437242972199 ], [ 11456926.795237135142088, -355534.708931868721265 ], [ 11456939.917801352217793, -355551.632711804588325 ], [ 11456944.255587944760919, -355557.227071155328304 ], [ 11456968.278334064409137, -355598.537728008697741 ], [ 11456968.731627026572824, -355598.310729182965588 ], [ 11456970.001225819811225, -355600.609817000338808 ], [ 11456972.204127224162221, -355604.599020458234008 ], [ 11456973.079543700441718, -355606.102163058065344 ], [ 11456992.315106427296996, -355640.187002750288229 ], [ 11456997.784900929778814, -355649.879499720584136 ], [ 11456999.933589741587639, -355653.68697195808636 ], [ 11457030.919036045670509, -355692.996259237348568 ], [ 11457031.544985542073846, -355693.153017883480061 ], [ 11457072.232927341014147, -355703.340769685048144 ], [ 11457107.093516442924738, -355706.026516130077653 ], [ 11457125.941019427031279, -355707.478596427943558 ], [ 11457160.946323864161968, -355709.426373084017541 ], [ 11457162.659419506788254, -355709.521699303237256 ], [ 11457163.123621786013246, -355709.547565604385454 ], [ 11457163.222918771207333, -355709.555258592241444 ], [ 11457216.831713866442442, -355713.685392565268558 ], [ 11457260.211249638348818, -355742.650074019329622 ], [ 11457285.583633257076144, -355763.221703008573968 ], [ 11457286.792451605200768, -355764.201723904116079 ], [ 11457303.590896727517247, -355777.821562410914339 ], [ 11457333.74946185387671, -355806.588694940321147 ], [ 11457338.638391252607107, -355811.252102254889905 ], [ 11457346.970543816685677, -355819.199751983338501 ], [ 11457385.428422257304192, -355853.663061666942667 ], [ 11457386.218679325655103, -355854.371263898152392 ], [ 11457386.287697406485677, -355854.451984684157651 ], [ 11457392.73253932595253, -355861.982542835467029 ], [ 11457410.493007488548756, -355882.735257617838215 ], [ 11457411.007080895826221, -355883.335980955278501 ], [ 11457456.452372455969453, -355904.025148689455818 ], [ 11457457.014313243329525, -355903.875079324119724 ], [ 11457487.437818760052323, -355895.749481148144696 ], [ 11457528.751710055395961, -355889.542786629113834 ], [ 11457545.685742318630219, -355894.898679317964707 ], [ 11457567.999956887215376, -355901.956176003732253 ], [ 11457621.708048962056637, -355881.267120135191362 ], [ 11457622.766586005687714, -355880.451661637227517 ], [ 11457629.773813992738724, -355875.052956379833631 ], [ 11457639.055967094376683, -355867.901695903914515 ], [ 11457648.562095008790493, -355860.57795650936896 ], [ 11457655.261190645396709, -355856.743942112487275 ], [ 11457678.636502604931593, -355843.365922060795128 ], [ 11457706.401587354019284, -355827.475413988751825 ], [ 11457737.387033658102155, -355810.924090570013504 ], [ 11457740.793966675177217, -355809.218028476287145 ], [ 11457751.11183631978929, -355804.051008509180974 ], [ 11457786.963725483044982, -355786.097221430682112 ], [ 11457810.292839845642447, -355783.082346579991281 ], [ 11457823.887287382036448, -355781.325444211659487 ], [ 11457834.474661517888308, -355786.097221430682112 ], [ 11457838.844730764627457, -355789.744594628980849 ], [ 11457846.868862302973866, -355796.441740291658789 ], [ 11457846.868862302973866, -355812.993061616027262 ], [ 11457842.270142816007137, -355823.52065403223969 ], [ 11457834.126342823728919, -355842.164141340530477 ], [ 11457832.409017041325569, -355846.095599947788287 ], [ 11457832.470354083925486, -355846.402762580954004 ], [ 11457837.207666331902146, -355870.126200448081363 ], [ 11457838.606061775237322, -355877.129287109535653 ], [ 11457838.928776983171701, -355877.236989173397887 ], [ 11457859.648673800751567, -355884.154338281950913 ], [ 11457869.591508079320192, -355887.473814198980108 ], [ 11457870.645926294848323, -355887.473814198980108 ], [ 11457892.196934437379241, -355887.473814198980108 ], [ 11457904.708354648202658, -355887.473814198980108 ], [ 11457907.791125304996967, -355887.110570566961542 ], [ 11457939.272277299314737, -355883.400646793656051 ], [ 11457939.825201209634542, -355883.335980955278501 ], [ 11457942.67030475474894, -355883.335980955278501 ], [ 11457964.436493471264839, -355883.335980955278501 ], [ 11457964.505400232970715, -355883.389163033745717 ], [ 11457964.542135670781136, -355883.335980955278501 ], [ 11457964.654679674655199, -355883.173201429948676 ], [ 11457986.52762377820909, -355889.321138882485684 ], [ 11457986.536306703463197, -355889.323034259665292 ], [ 11457986.864365238696337, -355889.415238830668386 ], [ 11457997.670704806223512, -355890.861189351009671 ], [ 11458014.853090854361653, -355893.160394535749219 ], [ 11458022.898484412580729, -355894.295280094898771 ], [ 11458036.404432952404022, -355898.211020004469901 ], [ 11458053.040128970518708, -355903.034088801417965 ], [ 11458055.419805731624365, -355903.715087093005423 ], [ 11458070.680483400821686, -355910.803579330502544 ], [ 11458071.057188561186194, -355910.978511613968294 ], [ 11458085.674773536622524, -355946.047255302080885 ], [ 11458092.360399510711432, -356024.356316760298796 ], [ 11458088.903706684708595, -356064.385864656127524 ], [ 11458088.815652968361974, -356065.405914120143279 ], [ 11458088.734278419986367, -356066.348029984801542 ], [ 11458085.076319947838783, -356082.258974457741715 ], [ 11458081.506971798837185, -356097.784489729907364 ], [ 11458081.623523307964206, -356097.82072496280307 ], [ 11458081.66326436214149, -356097.833100691670552 ], [ 11458081.595470793545246, -356098.125658409204334 ], [ 11458081.539922365918756, -356098.197682907630224 ], [ 11458081.357581039890647, -356098.433936643996276 ], [ 11458080.802319418638945, -356100.849433243332896 ], [ 11458079.559771267697215, -356100.764252564811613 ], [ 11458058.479310614988208, -356128.087408141989727 ], [ 11458028.564201217144728, -356143.976174082781654 ], [ 11457998.742488868534565, -356178.111345892830286 ], [ 11457990.490486331284046, -356187.556931176397484 ], [ 11457965.14481939189136, -356211.761421226663515 ], [ 11457964.343096418306231, -356212.527044645743445 ], [ 11457951.510185521095991, -356224.782148794096429 ], [ 11457907.09081438370049, -356262.915267608244903 ], [ 11457886.037515692412853, -356277.210925831110217 ], [ 11457856.230386195704341, -356338.62128973583458 ], [ 11457877.335448455065489, -356373.546561204362661 ], [ 11457877.90540425106883, -356374.369381775090005 ], [ 11457879.633082745596766, -356376.778752074751537 ], [ 11457887.341957485303283, -356387.527822120813653 ], [ 11457894.14803115464747, -356397.019248456752393 ], [ 11457902.878818813711405, -356409.194320169393905 ], [ 11457905.297791350632906, -356412.566993653716054 ], [ 11457906.992073995992541, -356414.589482859009877 ], [ 11457916.629002315923572, -356425.956229630683083 ], [ 11457922.455464467406273, -356432.826450248889159 ], [ 11457938.076928604394197, -356451.248499557608739 ], [ 11457943.963503278791904, -356458.191192396974657 ], [ 11457946.166516004130244, -356460.735471461550333 ], [ 11457948.434094032272696, -356462.869454908417538 ], [ 11457950.493504611775279, -356464.807210023223888 ], [ 11457950.500183781608939, -356464.813899625674821 ], [ 11457973.938502570614219, -356486.964293751167133 ], [ 11457973.937389373779297, -356487.845091715164017 ], [ 11457974.278360975906253, -356488.148465292120818 ], [ 11457975.42829130962491, -356488.372344063362107 ], [ 11457989.654588274657726, -356501.817447136621922 ], [ 11457989.822680708020926, -356501.976882737071719 ], [ 11457989.934000197798014, -356502.066077479918022 ], [ 11458026.463491104543209, -356531.439024671097286 ], [ 11458047.834606947377324, -356548.63466167927254 ], [ 11458051.432452891021967, -356552.010684080829378 ], [ 11458051.522621672600508, -356552.09430419083219 ], [ 11458057.963567415252328, -356558.137250752304681 ], [ 11458058.363204387947917, -356558.394800697569735 ], [ 11458071.639166854321957, -356566.964190063532442 ], [ 11458089.601679887622595, -356578.558398744207807 ], [ 11458089.605019476264715, -356578.559513680113014 ], [ 11458131.822936356067657, -356604.165114208881278 ], [ 11458131.826275942847133, -356604.167344081099145 ], [ 11458193.913052139803767, -356641.406857116264291 ], [ 11458213.766326731070876, -356653.314816271304153 ], [ 11458218.559744004160166, -356656.189120667928364 ], [ 11458227.83265758305788, -356661.861914045002777 ], [ 11458265.339533615857363, -356684.803950980014633 ], [ 11458277.179474659264088, -356692.045460901746992 ], [ 11458333.176518114283681, -356729.466068284469657 ], [ 11458399.544085331261158, -356780.83956610574387 ], [ 11458452.729198444634676, -356825.725265934015624 ], [ 11458478.076646495610476, -356848.144430046435446 ], [ 11458497.196882234886289, -356865.054690679069608 ], [ 11458540.892008759081364, -356908.703399641206488 ], [ 11458603.987896140664816, -356975.967643735581078 ], [ 11458615.997042810544372, -356988.76937291584909 ], [ 11458674.647942924872041, -357060.010654141777195 ], [ 11458682.190951617434621, -357069.517745554971043 ], [ 11458706.797011869028211, -357100.533145570196211 ], [ 11458729.965937484055758, -357140.412330719118472 ], [ 11458747.87167757563293, -357171.618404895009007 ], [ 11458758.598423713818192, -357190.312619057367556 ], [ 11458766.21267688088119, -357203.58153263933491 ], [ 11458786.020867075771093, -357245.710705832112581 ], [ 11458786.10769627802074, -357245.89578612864716 ], [ 11458786.883593128994107, -357247.627290352538694 ], [ 11458801.902818826958537, -357281.106760360591579 ], [ 11458805.203441727906466, -357288.463147153554019 ], [ 11458812.015081368386745, -357303.647542673686985 ], [ 11458826.118815572932363, -357337.73366931459168 ], [ 11458830.595417579635978, -357348.552959763910621 ], [ 11458849.922707570716739, -357399.10558089625556 ], [ 11458872.141076058149338, -357459.569626931217499 ], [ 11458876.171843497082591, -357470.538888880691957 ], [ 11458877.381886361166835, -357473.726513073313981 ], [ 11458878.470590984448791, -357476.59191859519342 ], [ 11458884.092225266620517, -357491.901212911179755 ], [ 11458884.834726272150874, -357494.233675672963727 ], [ 11458888.837775159627199, -357506.813589182507712 ], [ 11458892.332093976438046, -357517.795789036666974 ], [ 11458901.711874268949032, -357551.364533984218724 ], [ 11458903.309308964759111, -357557.420912830391899 ], [ 11458903.835850154981017, -357564.084936833649408 ], [ 11458904.684104677289724, -357574.809589962475002 ], [ 11458904.911196434870362, -357577.681687701318879 ], [ 11458905.82290306687355, -357589.215792106988374 ], [ 11458906.201389333233237, -357594.00113571860129 ], [ 11458906.60325269587338, -357599.085284792759921 ], [ 11458906.978399381041527, -357603.823801128193736 ], [ 11458907.041851488873363, -357604.622101781482343 ], [ 11458907.031832734122872, -357604.702377825276926 ], [ 11458906.908268101513386, -357605.690219143172726 ], [ 11458906.110107352957129, -357611.298392939963378 ], [ 11458903.621003538370132, -357628.795227995025925 ], [ 11458903.614324370399117, -357628.838710864016321 ], [ 11458900.964920489117503, -357647.464988366060425 ], [ 11458900.939317002892494, -357647.642264697235078 ], [ 11458899.12035652436316, -357660.428460092749447 ], [ 11458898.12772062420845, -357667.404228930710815 ], [ 11458896.2516532484442, -357680.588908166042529 ], [ 11458895.81528084166348, -357683.656124088331126 ], [ 11458895.452379303053021, -357686.206005219486542 ], [ 11458893.826001545414329, -357694.541340699710418 ], [ 11458892.683863567188382, -357700.128334894834552 ], [ 11458889.773972079157829, -357714.359506353444885 ], [ 11458888.329045087099075, -357721.428265007387381 ], [ 11458884.545295594260097, -357739.962017116893549 ], [ 11458884.528597669675946, -357740.04452314437367 ], [ 11458878.646253136917949, -357745.667866835021414 ], [ 11458874.439378265291452, -357746.630957566900179 ], [ 11458869.751714503392577, -357748.196007894584909 ], [ 11458865.544839626178145, -357751.687239791150205 ], [ 11458862.299431197345257, -357758.549178176850546 ], [ 11458859.054134080186486, -357766.253905131656211 ], [ 11458859.121816331520677, -357767.775361319887452 ], [ 11458821.02305456623435, -357778.457777156494558 ], [ 11458759.071531545370817, -357795.828648900846019 ], [ 11458689.564754690974951, -357815.317922788788565 ], [ 11458635.276465421542525, -357830.540296762192156 ], [ 11458460.374621069058776, -357854.188330679142382 ], [ 11458251.581557750701904, -357862.005227839457802 ], [ 11458085.223484316840768, -357868.233325143286493 ], [ 11458082.920618014410138, -357868.31951059657149 ], [ 11458055.000242566689849, -357869.363882051897235 ], [ 11457676.854945471510291, -357868.591669313376769 ], [ 11457570.179369876161218, -357868.373808542499319 ], [ 11457403.259133016690612, -357876.034614000760484 ], [ 11457266.833757465705276, -357904.158058489847463 ], [ 11457172.674166174605489, -357923.569304566190112 ], [ 11457159.526221122592688, -357921.887962727691047 ], [ 11457077.291952919214964, -357911.368538833106868 ], [ 11456981.973859690129757, -357899.175356056715827 ], [ 11456963.195374794304371, -357892.199127033527475 ], [ 11456743.717866741120815, -357810.673053208796773 ], [ 11456483.478500749915838, -357684.977334900875576 ], [ 11456394.353890029713511, -357641.930399186909199 ], [ 11456005.286703737452626, -357457.102702682546806 ], [ 11455822.241504676640034, -357356.579654410190415 ], [ 11455777.907292956486344, -357332.232543456484564 ], [ 11455727.423235960304737, -357304.508277986955363 ], [ 11455457.623752102255821, -357095.9239832116873 ], [ 11455433.468535792082548, -357070.343915964127518 ], [ 11455291.078661926090717, -356919.556209027650766 ], [ 11455132.142258945852518, -356911.227619853336364 ], [ 11455123.815561033785343, -356908.81043371517444 ], [ 11455102.969984505325556, -356902.757880115823355 ], [ 11455095.649503475055099, -356900.63236197642982 ], [ 11455097.45822256244719, -356903.071512225724291 ], [ 11455104.077502118423581, -356911.998042202438228 ], [ 11455036.656518563628197, -356945.761723018891644 ], [ 11455006.558288602158427, -356960.834579029527958 ], [ 11454990.322340868413448, -356968.965827647130936 ], [ 11454988.412098409608006, -356973.60843304276932 ], [ 11454963.728114517405629, -357033.607769621303305 ], [ 11454945.292604964226484, -357078.418310452485457 ], [ 11454938.29205615259707, -357095.435750952339731 ], [ 11454936.627607123926282, -357099.481645546096843 ], [ 11454924.435673853382468, -357129.116868983313907 ], [ 11454923.984829911962152, -357130.212855401448905 ], [ 11454923.703191604465246, -357130.899658695387188 ], [ 11454923.333610894158483, -357131.041256126598455 ], [ 11454919.009961869567633, -357132.696942659735214 ], [ 11454944.833857346326113, -357174.878491882409435 ], [ 11454952.782068986445665, -357199.785158164973836 ], [ 11454988.269609455019236, -357310.987206794554368 ], [ 11454995.874957069754601, -357479.026955874054693 ], [ 11454995.972918223589659, -357487.141517300333362 ], [ 11454692.78871906735003, -357630.010518365714233 ], [ 11454676.225492037832737, -357637.815135729324538 ], [ 11453766.073216490447521, -357758.974307297903579 ], [ 11453531.242190312594175, -357790.234960322093684 ], [ 11453490.932289499789476, -357794.467298712872434 ], [ 11453330.455224771052599, -357811.316377666371409 ], [ 11453116.974497692659497, -357824.776019558834378 ], [ 11453018.55025671236217, -357830.981815881095827 ], [ 11452972.801285577937961, -357833.866184499929659 ], [ 11452967.359988868236542, -357834.209588267607614 ], [ 11452960.255578968673944, -357834.651107400713954 ], [ 11452885.732745854184031, -357839.283713541459292 ], [ 11452910.505785338580608, -357857.739438509976026 ], [ 11452941.208814088255167, -357881.88251488894457 ], [ 11452951.146305037662387, -357893.268362042668741 ], [ 11452966.775561539456248, -357911.174426376237534 ], [ 11452976.621770502999425, -357935.389985729649197 ], [ 11452978.674501914530993, -357940.438471702160314 ], [ 11453005.917720893397927, -357985.213690917473286 ], [ 11453024.490264739841223, -358009.356794343795627 ], [ 11453029.772374577820301, -358016.222650593088474 ], [ 11453053.661537302657962, -358030.031295822176617 ], [ 11453065.183104595169425, -358029.411384060920682 ], [ 11453065.918926430866122, -358032.542161491699517 ], [ 11453066.041377872228622, -358033.062842790561263 ], [ 11453067.407268026843667, -358033.935848050517961 ], [ 11453099.132209703326225, -358029.686776513408404 ], [ 11453199.564654299989343, -358010.371397952898405 ], [ 11453256.936493463814259, -358001.830888735945337 ], [ 11453268.035046696662903, -358000.177419467072468 ], [ 11453350.177698951214552, -357999.200724210706539 ], [ 11453402.531255474314094, -358011.362587641517166 ], [ 11453429.997113432735205, -358017.742326198553201 ], [ 11453475.559067824855447, -358040.553072083566803 ], [ 11453538.26533698476851, -358071.947819419030566 ], [ 11453550.045165505260229, -358082.603393524652347 ], [ 11453581.536336254328489, -358111.08590299327625 ], [ 11453604.426963144913316, -358121.988999692373909 ], [ 11453620.286650998517871, -358129.542787009500898 ], [ 11453600.73449563421309, -358206.450962453091051 ], [ 11453574.989636996760964, -358289.004190538544208 ], [ 11453573.172902908176184, -358294.828698671597522 ], [ 11453572.921320861205459, -358296.080789565050509 ], [ 11453566.256622944027185, -358329.269565457419958 ], [ 11453564.81392234377563, -358342.458335238858126 ], [ 11453563.885517794638872, -358350.929742998210713 ], [ 11453563.857687920331955, -358386.688500888645649 ], [ 11453567.967603521421552, -358409.478136698890012 ], [ 11453572.292365739122033, -358433.459662013221532 ], [ 11453560.935551283881068, -358476.920545097615104 ], [ 11453528.233224475756288, -358602.058546481886879 ], [ 11453526.682543972507119, -358607.992336241470184 ], [ 11453524.227949196472764, -358617.38583156367531 ], [ 11453522.701758971437812, -358616.94765425811056 ], [ 11453523.258356425911188, -358618.553189435158856 ], [ 11453528.078490380197763, -358632.45667903998401 ], [ 11453500.92210060544312, -358688.401796316204127 ], [ 11453480.007394675165415, -358714.802834882983007 ], [ 11453459.775077220052481, -358733.185114908614196 ], [ 11453455.237694777548313, -358737.307107750733849 ], [ 11453451.524076567962766, -358747.653901371988468 ], [ 11453444.358440943062305, -358767.619424875068944 ], [ 11453442.743195133283734, -358801.838558626710437 ], [ 11453448.257962705567479, -358822.361570154957008 ], [ 11453449.643890364095569, -358827.520476280828007 ], [ 11453453.867351846769452, -358835.289497235382441 ], [ 11453458.110850837081671, -358843.094197348807938 ], [ 11453471.963448267430067, -358869.567744137952104 ], [ 11453478.534637814387679, -358914.719070320308674 ], [ 11453480.343579538166523, -358927.143046894634608 ], [ 11453479.209233926609159, -358933.345558550267015 ], [ 11453477.217728238552809, -358944.247619219589978 ], [ 11453475.604708814993501, -358976.912554059992544 ], [ 11453477.065220534801483, -359018.138152543397155 ], [ 11453478.916463667526841, -359022.056118250184227 ], [ 11453485.527728224173188, -359036.045509136107285 ], [ 11453504.788226518779993, -359062.531365499889944 ], [ 11453511.76684539578855, -359067.641224331979174 ], [ 11453522.813078463077545, -359075.72914014122216 ], [ 11453531.770957896485925, -359090.588206154236104 ], [ 11453533.211432104930282, -359141.92653393157525 ], [ 11453521.542923081666231, -359180.013578529178631 ], [ 11453516.747279416769743, -359185.14239698718302 ], [ 11453498.313884936273098, -359204.854901396669447 ], [ 11453483.630844101309776, -359206.380167717114091 ], [ 11453462.784043058753014, -359200.114088369591627 ], [ 11453445.41041012853384, -359199.40497336385306 ], [ 11453442.69755413942039, -359199.294592255726457 ], [ 11453423.372490538284183, -359203.920564289437607 ], [ 11453410.225658675655723, -359210.115286349959206 ], [ 11453409.409686805680394, -359231.114460102340672 ], [ 11453415.548956727609038, -359251.349889308970887 ], [ 11453416.967167038470507, -359252.211754327290691 ], [ 11453419.407290276139975, -359253.692422838124912 ], [ 11453433.799787241965532, -359266.258036638144404 ], [ 11453436.373493866994977, -359268.505798759113532 ], [ 11453448.194510594010353, -359290.430401447345503 ], [ 11453464.08202832005918, -359319.897725272108801 ], [ 11453463.335074538365006, -359322.13991364906542 ], [ 11453461.749884990975261, -359326.894111314788461 ], [ 11453462.482367239892483, -359328.228720781742595 ], [ 11453465.598199784755707, -359333.901647412159946 ], [ 11453461.561755048111081, -359417.896227568679024 ], [ 11453453.724862899631262, -359456.924393865978345 ], [ 11453438.243661316111684, -359485.516514628077857 ], [ 11453432.971570232883096, -359490.096784841036424 ], [ 11453415.024641927331686, -359505.690666260605212 ], [ 11453390.357355959713459, -359526.054365349700674 ], [ 11453388.710940688848495, -359527.414621334231924 ], [ 11453367.069318482652307, -359531.257902056502644 ], [ 11453340.042059317231178, -359524.201295340550132 ], [ 11453316.074972946196795, -359531.929110365570523 ], [ 11453304.186051333323121, -359543.351916828425601 ], [ 11453297.49574993737042, -359549.779684958630241 ], [ 11453297.492410350590944, -359551.335059952747542 ], [ 11453293.668585838750005, -359563.437996583466884 ], [ 11453288.160497438162565, -359580.871579434897285 ], [ 11453287.508165221661329, -359607.345298507367261 ], [ 11453287.317808886989951, -359615.094303540652618 ], [ 11453288.357532933354378, -359617.332037891144864 ], [ 11453293.47043714672327, -359628.328936371952295 ], [ 11453306.561609264463186, -359649.35717672703322 ], [ 11453306.579420384019613, -359649.752989345171954 ], [ 11453307.300770681351423, -359665.692531988373958 ], [ 11453298.672396952286363, -359686.741963631066028 ], [ 11453294.876402316614985, -359696.00063748593675 ], [ 11453284.033883912488818, -359708.423584737058263 ], [ 11453256.171728562563658, -359731.69961127982242 ], [ 11453240.951014583930373, -359757.843335621641017 ], [ 11453238.750228252261877, -359761.621956122748088 ], [ 11453235.427341455593705, -359767.329468417272437 ], [ 11453235.043289210647345, -359767.989082478277851 ], [ 11453234.130692025646567, -359769.556613600812852 ], [ 11451020.187174461781979, -359762.970061806903686 ], [ 11450084.301060909405351, -359760.849284527532291 ], [ 11450069.611674861982465, -359760.816058536816854 ], [ 11450058.638356059789658, -359760.7911947867251 ], [ 11450058.692679973319173, -359767.021180234965868 ], [ 11450058.771828128024936, -359776.092992295802105 ], [ 11450073.282769035547972, -361440.254663930682 ], [ 11451940.176753412932158, -361462.477499931468628 ], [ 11451948.644381800666451, -361462.11914438707754 ], [ 11451947.377343354746699, -361463.867103287484497 ], [ 11451946.487010067328811, -361465.095480104966555 ], [ 11451922.667755985632539, -361497.956599902478047 ], [ 11451804.75703814253211, -361660.62721717817476 ], [ 11451752.396802451461554, -361732.863772741984576 ], [ 11451683.380944548174739, -361818.32299936824711 ], [ 11451592.169093377888203, -361931.265618556411937 ], [ 11451390.093048129230738, -362075.166019069030881 ], [ 11451323.846819158643484, -362122.341217560635414 ], [ 11451270.363369807600975, -362166.204915491340216 ], [ 11451194.711757058277726, -362228.249666000367142 ], [ 11451194.217498520389199, -362224.715145811904222 ], [ 11451194.190781846642494, -362224.521137449715752 ], [ 11451178.189718240872025, -362237.072587059054058 ], [ 11451168.106398763135076, -362244.98233136307681 ], [ 11451141.599001614376903, -362250.803698372270446 ], [ 11450698.96376315318048, -362348.000836553866975 ], [ 11450375.549472942948341, -362371.202703321934678 ], [ 11450310.887209003791213, -362375.842296759190504 ], [ 11450151.023403344675899, -362368.945624977932312 ], [ 11450037.756155420094728, -362364.059172611043323 ], [ 11450008.240237718448043, -362366.239427910535596 ], [ 11449943.405985165387392, -362371.028430072765332 ], [ 11449528.283247534185648, -362399.280547641974408 ], [ 11449530.433272177353501, -362401.532943626400083 ], [ 11449529.559080217033625, -362401.597501684038434 ], [ 11449517.82945679500699, -362390.214991542685311 ], [ 11449519.408857733011246, -362391.755910799140111 ], [ 11449529.002037484198809, -362401.114933005010244 ], [ 11449529.051685977727175, -362401.114933005010244 ], [ 11449537.664586303755641, -362409.54494431061903 ], [ 11449543.997886089608073, -362415.743744789331686 ], [ 11449671.716741627082229, -362549.546600634173956 ], [ 11449672.003166677430272, -362549.846645462093875 ], [ 11449671.701713496819139, -362549.958813837787602 ], [ 11449669.916371507570148, -362550.622904155461583 ], [ 11449661.331412376835942, -362553.81624647375429 ], [ 11449518.994637902826071, -362603.941251856391318 ], [ 11449508.337689092382789, -362607.736915651767049 ], [ 11449459.602461298927665, -362624.856540635053534 ], [ 11448684.082760907709599, -362897.958062392717693 ], [ 11448617.352292153984308, -362921.50736450596014 ], [ 11448616.10540253482759, -362921.896498630347196 ], [ 11448563.795037975534797, -362940.317708311253227 ], [ 11448546.414057960733771, -362946.802312013984192 ], [ 11448411.91495487652719, -362993.981667551386636 ], [ 11448404.025965208187699, -362996.580951419076882 ], [ 11448396.6796580478549, -362999.167970362643246 ], [ 11448391.588015861809254, -363000.679016027715988 ], [ 11448390.349697843194008, -363001.086993894772604 ], [ 11448133.269245039671659, -363077.540222370880656 ], [ 11448042.184409407898784, -363104.540485001693014 ], [ 11447880.445092970505357, -363152.572547215386294 ], [ 11447854.816451884806156, -363159.974362076958641 ], [ 11447820.019871490076184, -363170.300822297576815 ], [ 11447538.30508329346776, -363253.904108520597219 ], [ 11447299.186364289373159, -363324.844941789400764 ], [ 11447262.022352293133736, -363338.124610494065564 ], [ 11447122.37873025983572, -363387.985264763643499 ], [ 11447030.123815461993217, -363420.926892609219067 ], [ 11447030.052570983767509, -363420.95253766712267 ], [ 11447029.904516063630581, -363421.004942780069541 ], [ 11447028.035795772448182, -363421.672383257304318 ], [ 11446997.726504053920507, -363432.498388741631061 ], [ 11446976.707157801836729, -363440.005366833938751 ], [ 11446976.502775222063065, -363439.495364622736815 ], [ 11446976.289598392322659, -363439.524800691811834 ], [ 11446518.927347898483276, -363502.794863160292152 ], [ 11446367.846316104754806, -363525.60337248002179 ], [ 11446322.821700900793076, -363530.15303285967093 ], [ 11446221.740597635507584, -363540.367134821950458 ], [ 11446057.815968269482255, -363556.932745255180635 ], [ 11445946.675701856613159, -363564.148046672751661 ], [ 11445773.210992136970162, -363575.409474981483072 ], [ 11445700.117501283064485, -363580.154932096193079 ], [ 11445559.652341408655047, -363579.848305981839076 ], [ 11445543.040467761456966, -363579.811956854187883 ], [ 11445350.418452905490994, -363579.391154330573045 ], [ 11445293.781322378665209, -363589.093919880280737 ], [ 11445119.849070793017745, -363618.892409322201274 ], [ 11444927.531292108818889, -363658.495143695676234 ], [ 11444923.07294650375843, -363659.412792669318151 ], [ 11444889.262990763410926, -363666.393838151416276 ], [ 11444737.876275643706322, -363842.086413653683849 ], [ 11444650.500494126230478, -363878.512571939325426 ], [ 11444546.958896156400442, -363921.677846879581921 ], [ 11444340.128395456820726, -364009.236070868908428 ], [ 11444295.562750512734056, -364026.379325088055339 ], [ 11444264.113881170749664, -364038.476052846526727 ], [ 11444252.12588519975543, -364036.986401350412052 ], [ 11444158.092084942385554, -364025.302226893370971 ], [ 11443877.277537470683455, -364085.247328796482179 ], [ 11443840.592199278995395, -364093.079152824997436 ], [ 11443840.411861700937152, -364093.11706313455943 ], [ 11443655.836353605613112, -364132.494733376777731 ], [ 11443505.176554763689637, -364224.361522732651792 ], [ 11443380.553271621465683, -364300.351741659687832 ], [ 11443321.30547640286386, -364317.395915989065543 ], [ 11442858.529870389029384, -364450.526013870083261 ], [ 11442674.889000730589032, -364503.355329008074477 ], [ 11442124.770341131836176, -364634.498804002418183 ], [ 11442083.52313020825386, -364647.511024622654077 ], [ 11442042.654405549168587, -364660.40394018049119 ] ] ] ] } },
{ "type": "Feature", "properties": { "fid": 40114, "kdkab": "74", "kdkec": "011", "nmkab": "LUBUKLINGGAU", "nmkec": "LUBUK LINGGAU BARAT I", "kdprov": "16", "nmprov": "SUMATERA SELATAN" }, "geometry": { "type": "MultiPolygon", "coordinates": [ [ [ [ 11447985.52245463617146, -367213.772075473272707 ], [ 11448031.535809561610222, -367269.969010662927758 ], [ 11448074.696045931428671, -367322.408618970541283 ], [ 11448083.334438417106867, -367332.904281996248756 ], [ 11448117.817209165543318, -367375.673271668551024 ], [ 11448126.25322281755507, -367386.136492005491164 ], [ 11448169.441177738830447, -367440.312053683272097 ], [ 11448226.352376854047179, -367507.829469287826214 ], [ 11448250.771754311397672, -367538.016819121374283 ], [ 11448271.693028090521693, -367564.565677291713655 ], [ 11448293.623301740735769, -367591.855600193550345 ], [ 11448304.21846823208034, -367604.826798624359071 ], [ 11448307.674270501360297, -367600.481024935201276 ], [ 11448323.770066998898983, -367580.240519882703666 ], [ 11448323.878714818507433, -367580.607257882831618 ], [ 11448352.615173455327749, -367546.059517813846469 ], [ 11448353.252922810614109, -367546.544784852245357 ], [ 11448405.130811149254441, -367584.764699840336107 ], [ 11448411.209189306944609, -367592.375210792175494 ], [ 11448419.187011934816837, -367607.596345767262392 ], [ 11448435.416948411613703, -367631.981588040478528 ], [ 11448437.601370779797435, -367635.044950121548027 ], [ 11448444.135156974196434, -367640.242173282371368 ], [ 11448448.996701776981354, -367640.838499182835221 ], [ 11448456.241930831223726, -367649.770453552191611 ], [ 11448457.436500290408731, -367651.29940296872519 ], [ 11448463.783492373302579, -367659.422839136153925 ], [ 11448463.832472950220108, -367659.485504661337472 ], [ 11448462.965739399194717, -367661.008321466506459 ], [ 11448463.079730553552508, -367666.375590201932937 ], [ 11448463.397992979735136, -367681.358227197371889 ], [ 11448463.243481528013945, -367690.722153343434911 ], [ 11448463.179806774482131, -367694.581101824471261 ], [ 11448463.439626472070813, -367694.789057754562236 ], [ 11448536.165095081552863, -367752.992427290941123 ], [ 11448535.859968356788158, -367753.697359260870144 ], [ 11448522.972510909661651, -367783.474104613938835 ], [ 11448520.791205484420061, -367800.754533345112577 ], [ 11448517.162301409989595, -367829.44456693372922 ], [ 11448515.238923244178295, -367844.650904373207595 ], [ 11448519.60142276994884, -367861.732752798416186 ], [ 11448528.921424496918917, -367890.136346561310347 ], [ 11448544.388488508760929, -367923.50547720346367 ], [ 11448552.032463980838656, -367937.670373021275736 ], [ 11448553.909755872562528, -367942.403081501135603 ], [ 11448557.395725725218654, -367947.587496041029226 ], [ 11448557.72077864408493, -367947.852765911142342 ], [ 11448557.72623329795897, -367947.847748192201834 ], [ 11448566.862557865679264, -367939.467272374778986 ], [ 11448585.278809141367674, -367929.169026806659531 ], [ 11448589.404309470206499, -367927.132949915307108 ], [ 11448590.537653205916286, -367926.228311823157128 ], [ 11448592.443554205819964, -367924.707052433222998 ], [ 11448593.969744427129626, -367923.099822908232454 ], [ 11448594.295465260744095, -367922.756834288768005 ], [ 11448597.097265522927046, -367920.996843275497667 ], [ 11448613.612736497074366, -367917.584017403481994 ], [ 11448613.670177353546023, -367917.572086394822691 ], [ 11448613.769696976989508, -367917.476080808090046 ], [ 11448615.664799986407161, -367915.649075525230728 ], [ 11448620.850507147610188, -367910.650094869197346 ], [ 11448623.785000242292881, -367907.821108116360847 ], [ 11448624.829733664169908, -367906.822248680342454 ], [ 11448625.275345586240292, -367905.966449825558811 ], [ 11448633.994667340070009, -367889.222788386803586 ], [ 11448636.321578657254577, -367884.846674258937128 ], [ 11448640.075494527816772, -367875.232515141076874 ], [ 11448640.392421118915081, -367874.309033174242359 ], [ 11448640.465224063023925, -367873.900591439683922 ], [ 11448640.809869205579162, -367871.96732290321961 ], [ 11448639.557524932548404, -367868.621958881791215 ], [ 11448636.134227953851223, -367865.276706471457146 ], [ 11448633.295469621196389, -367861.262314504536334 ], [ 11448632.438198221847415, -367858.170958487025928 ], [ 11448631.62567725777626, -367855.240838330530096 ], [ 11448633.71291771531105, -367848.968365450331476 ], [ 11448636.134227953851223, -367845.288599608640652 ], [ 11448642.062324801459908, -367839.016127292357851 ], [ 11448656.961659403517842, -367834.831022634869441 ], [ 11448685.124043421819806, -367805.434048265626188 ], [ 11448686.522661507129669, -367803.974118088197429 ], [ 11448706.760656252503395, -367787.784873029624578 ], [ 11448722.426536872982979, -367775.253204320790246 ], [ 11448734.614907920360565, -367765.503242126433179 ], [ 11448787.3827955853194, -367718.669092116120737 ], [ 11448788.255874350667, -367717.477220010187011 ], [ 11448786.957777764648199, -367705.951887685747351 ], [ 11448786.914140524342656, -367705.49661466840189 ], [ 11448786.90300857834518, -367705.380092432780657 ], [ 11448783.241487883031368, -367669.268797369732056 ], [ 11448783.198963837698102, -367668.849428951973096 ], [ 11448828.385214949026704, -367662.693934845912736 ], [ 11448830.500173948705196, -367662.405807239178102 ], [ 11448830.686077499762177, -367662.380495721125044 ], [ 11448841.121723167598248, -367664.101902065216564 ], [ 11448874.652600947767496, -367669.456347935891245 ], [ 11448897.082810426130891, -367673.038095481169876 ], [ 11448897.82430955208838, -367673.156513264693785 ], [ 11448903.78413244895637, -367669.895341149240267 ], [ 11448954.703893929719925, -367641.392787902150303 ], [ 11448976.888421289622784, -367610.719139039108995 ], [ 11448979.795863751322031, -367606.699069576337934 ], [ 11448995.858264399692416, -367584.490287479828112 ], [ 11449001.105753870680928, -367563.596815626369789 ], [ 11449002.747716365382075, -367557.059090334514622 ], [ 11449007.366695992648602, -367555.00272648606915 ], [ 11449007.629521308466792, -367554.885758389486 ], [ 11449015.582631010562181, -367555.770880184776615 ], [ 11449047.51451562717557, -367559.324859457672574 ], [ 11449071.33477158844471, -367557.660210475791246 ], [ 11449072.743742384016514, -367559.685130139230751 ], [ 11449083.383770629763603, -367574.27603773662122 ], [ 11449083.605853013694286, -367574.580556259199511 ], [ 11449086.78981308825314, -367578.096178626117762 ], [ 11449090.586698282510042, -367582.288409865228459 ], [ 11449109.927569253370166, -367602.131736508337781 ], [ 11449152.452171334996819, -367649.653039335913491 ], [ 11449172.364333929494023, -367671.904875234642532 ], [ 11449190.455087013542652, -367692.121312060160562 ], [ 11449190.333414811640978, -367692.809740976663306 ], [ 11449188.394563242793083, -367703.776768740674015 ], [ 11449188.489073490723968, -367703.965322907955851 ], [ 11449200.412504149600863, -367727.764072423567995 ], [ 11449207.701593086123466, -367742.23123208922334 ], [ 11449311.314324211329222, -367736.168171187979169 ], [ 11449311.331467414274812, -367736.166944638011046 ], [ 11449312.161799497902393, -367736.096027736610267 ], [ 11449318.530164925381541, -367742.519917427096516 ], [ 11449371.180833164602518, -367794.314806616224814 ], [ 11449383.558669988065958, -367806.780578241974581 ], [ 11449384.471712451428175, -367807.756466828519478 ], [ 11449389.094699583947659, -367812.697348919173237 ], [ 11449389.736901722848415, -367812.164022221695632 ], [ 11449410.331898076459765, -367795.380790827563033 ], [ 11449424.758013529703021, -367814.647565131250303 ], [ 11449434.884970245882869, -367836.919951045536436 ], [ 11449436.221138093620539, -367840.162841310724616 ], [ 11449447.983823405578732, -367875.228946990217082 ], [ 11449465.604808244854212, -367893.700260487385094 ], [ 11449465.985298266634345, -367894.531862718227785 ], [ 11449466.046301348134875, -367894.502759988594335 ], [ 11449466.031495852395892, -367894.470423618098721 ], [ 11449466.133019225671887, -367894.418462414469104 ], [ 11449466.122443877160549, -367894.395380939706229 ], [ 11449532.340620337054133, -367842.513582793530077 ], [ 11449563.620729329064488, -367818.005639050155878 ], [ 11449563.595125852152705, -367817.941300870850682 ], [ 11449560.246635563671589, -367809.534631289134268 ], [ 11449527.696816457435489, -367727.817371602286585 ], [ 11449518.728139042854309, -367713.301820846681949 ], [ 11449518.87185250595212, -367713.095537444809452 ], [ 11449516.526016879826784, -367709.269705165002961 ], [ 11449499.468976581469178, -367682.126939295150805 ], [ 11449416.225819835439324, -367604.933954385924153 ], [ 11449411.60851, -367600.652072732744273 ], [ 11449411.654262309893966, -367600.589072724804282 ], [ 11449409.775523262098432, -367598.835665599501226 ], [ 11449442.443007070571184, -367570.94963845750317 ], [ 11449457.792183741927147, -367557.405199943052139 ], [ 11449458.508524665609002, -367556.773081588733476 ], [ 11449530.965268025174737, -367518.964627297478728 ], [ 11449567.433867167681456, -367499.934962619678117 ], [ 11449568.057367635890841, -367499.580936378391925 ], [ 11449568.089984249323606, -367499.562203653156757 ], [ 11449568.448878284543753, -367499.352910032728687 ], [ 11449568.70235276594758, -367499.184426989173517 ], [ 11449577.825764276087284, -367494.167066915193573 ], [ 11449578.095491396263242, -367493.853739770362154 ], [ 11449578.180650811642408, -367493.754723934340291 ], [ 11449581.418600836768746, -367492.083162666589487 ], [ 11449591.951428415253758, -367486.47126191057032 ], [ 11449561.174038240686059, -367418.648560694651678 ], [ 11449561.46235572360456, -367418.522783904627431 ], [ 11449590.827658157795668, -367405.713511425885372 ], [ 11449598.831418229267001, -367402.222202445904259 ], [ 11449620.376749074086547, -367386.190571553714108 ], [ 11449655.353333082050085, -367355.750594591838308 ], [ 11449655.247802199795842, -367355.352636165509466 ], [ 11449672.530041832476854, -367340.067866950063035 ], [ 11449686.957159154117107, -367327.308222886407748 ], [ 11449690.771298870444298, -367323.935333786008414 ], [ 11449690.774081854149699, -367323.93288069521077 ], [ 11449702.397840447723866, -367313.643166661378928 ], [ 11449702.456505818292499, -367313.599122529209126 ], [ 11449707.498722154647112, -367309.139737548714038 ], [ 11449710.420970102772117, -367307.252530069148634 ], [ 11449754.147822689265013, -367279.013331284630112 ], [ 11449817.861199285835028, -367334.508157837204635 ], [ 11449820.562366727739573, -367336.860895657620858 ], [ 11449882.835046473890543, -367391.100882687896956 ], [ 11449885.273611241951585, -367393.224926557100844 ], [ 11449885.466416599228978, -367393.015744640433695 ], [ 11449908.110359499230981, -367413.532188495912123 ], [ 11449912.992721047252417, -367417.955784817517269 ], [ 11449967.481496719643474, -367467.325303833174985 ], [ 11450040.266743896529078, -367543.023476766597014 ], [ 11450048.49381086602807, -367535.193640122306533 ], [ 11450085.178369821980596, -367503.181968679942656 ], [ 11450112.69164988771081, -367477.966382190701552 ], [ 11450160.606119068339467, -367434.846783648885321 ], [ 11450161.179303128272295, -367434.379134776652791 ], [ 11450212.076800713315606, -367392.852056446543429 ], [ 11450213.199791731312871, -367391.727201882051304 ], [ 11450213.39126125536859, -367391.966378437238745 ], [ 11450220.116516973823309, -367386.429748090566136 ], [ 11450270.612930430099368, -367344.858086057240143 ], [ 11450299.87715476565063, -367324.211752573901322 ], [ 11450302.764114441350102, -367321.603670522803441 ], [ 11450305.319119393825531, -367319.295534675533418 ], [ 11450305.556007269769907, -367319.484980225155596 ], [ 11450345.045149475336075, -367293.614014301099814 ], [ 11450350.47420104034245, -367290.057367445668206 ], [ 11450352.803672702983022, -367288.531322114344221 ], [ 11450363.255125740543008, -367281.68407764530275 ], [ 11450363.171190839260817, -367281.556628447782714 ], [ 11450417.601078502833843, -367256.420706286735367 ], [ 11450489.858782617375255, -367223.051888057030737 ], [ 11450490.144873708486557, -367222.919755761919077 ], [ 11450490.416159303858876, -367223.325630499224644 ], [ 11450492.586332777515054, -367226.572182446252555 ], [ 11450495.347390111535788, -367230.702627137419768 ], [ 11450500.759743750095367, -367239.312859224621207 ], [ 11450506.51629726216197, -367250.124405438196845 ], [ 11450508.401492839679122, -367255.383941330946982 ], [ 11450518.654017938300967, -367276.164512930787168 ], [ 11450549.145873619243503, -367299.967519239406101 ], [ 11450573.456491937860847, -367295.956827390356921 ], [ 11450578.440376857295632, -367303.663992589805275 ], [ 11450591.61581783182919, -367324.038809639809188 ], [ 11450594.520365985110402, -367329.167777671304066 ], [ 11450594.598178308457136, -367329.305150789907202 ], [ 11450600.967656930908561, -367361.482467234774958 ], [ 11450614.084321215748787, -367371.654214265698101 ], [ 11450618.413981491699815, -367372.639799877302721 ], [ 11450630.91170940361917, -367375.484941065777093 ], [ 11450631.327599020674825, -367375.579608133877628 ], [ 11450633.562115155160427, -367377.57185373554239 ], [ 11450634.444767402485013, -367378.358850412303582 ], [ 11450637.942982397973537, -367381.477734580403194 ], [ 11450638.119980389252305, -367381.635624543123413 ], [ 11450638.664221378043294, -367381.487212439242285 ], [ 11450641.803876301273704, -367380.630860121396836 ], [ 11450647.132629, -367379.177625799609814 ], [ 11450647.224244941025972, -367379.152648855408188 ], [ 11450650.82042109593749, -367380.017140965268482 ], [ 11450661.54315972328186, -367382.458191089215688 ], [ 11450704.987483436241746, -367384.844492701406125 ], [ 11450709.172762334346771, -367381.976269898237661 ], [ 11450709.277402656152844, -367381.904572689556517 ], [ 11450710.061203191056848, -367381.339580869593192 ], [ 11450710.358648870140314, -367381.125158275943249 ], [ 11450714.727716246619821, -367389.97022992616985 ], [ 11450736.849125452339649, -367397.055208090634551 ], [ 11450755.469536678865552, -367406.478430463175755 ], [ 11450756.878841429948807, -367407.903454578306992 ], [ 11450763.606991456821561, -367414.706328155065421 ], [ 11450764.533169621601701, -367425.214488396712113 ], [ 11450764.74467665143311, -367427.60959976084996 ], [ 11450761.206943236291409, -367447.540987089276314 ], [ 11450760.651458973065019, -367449.205745920189656 ], [ 11450757.689247326925397, -367458.089291980373673 ], [ 11450747.184026980772614, -367467.450077137968037 ], [ 11450744.031459, -367467.865988158679102 ], [ 11450729.703527338802814, -367469.75710101990262 ], [ 11450707.127934604883194, -367476.621305764536373 ], [ 11450702.890001595020294, -367477.909180484886747 ], [ 11450693.475044341757894, -367481.046688673319295 ], [ 11450692.187300471588969, -367482.034728351805825 ], [ 11450678.403053199872375, -367492.610355093376711 ], [ 11450677.018127419054508, -367505.441938480420504 ], [ 11450679.787978988140821, -367521.394641547522042 ], [ 11450683.250237787142396, -367536.653901266690809 ], [ 11450680.480386218056083, -367548.791821026999969 ], [ 11450668.642337612807751, -367561.967178955907002 ], [ 11450668.016388116404414, -367562.663858390238602 ], [ 11450667.983660185709596, -367562.692180503800046 ], [ 11450634.931790169328451, -367591.298970128584187 ], [ 11450610.207731267437339, -367600.027982441708446 ], [ 11450619.787441365420818, -367644.435856435040478 ], [ 11450619.63682609796524, -367644.482465299777687 ], [ 11450606.018667509779334, -367648.701571631187107 ], [ 11450597.942104494199157, -367651.203732129069977 ], [ 11450594.441774426028132, -367652.288224701245781 ], [ 11450594.41817469149828, -367652.380327404476702 ], [ 11450593.296742141246796, -367656.754982790153008 ], [ 11450592.182434041053057, -367661.145137473649811 ], [ 11450592.073563579469919, -367661.574095248244703 ], [ 11450591.998422920703888, -367661.870251173619181 ], [ 11450591.881982736289501, -367662.880481858330313 ], [ 11450591.73871454782784, -367664.12442597548943 ], [ 11450591.78680457174778, -367665.328339991916437 ], [ 11450591.809402422979474, -367665.895563351514284 ], [ 11450591.911816360428929, -367668.459497728734277 ], [ 11450591.825321113690734, -367674.268324657750782 ], [ 11450591.825321113690734, -367679.296954844438005 ], [ 11450591.803947769105434, -367679.307213258347474 ], [ 11450591.782017832621932, -367679.296954844438005 ], [ 11450551.33864494971931, -367698.544418670120649 ], [ 11450551.385065181180835, -367698.602624032762833 ], [ 11450554.967437712475657, -367703.09480702644214 ], [ 11450555.250300541520119, -367703.44961444765795 ], [ 11450555.217238647863269, -367703.454409142606892 ], [ 11450555.450786942616105, -367703.740975790249649 ], [ 11450530.695669896900654, -367742.582582999079023 ], [ 11450530.631995150819421, -367742.508432457165327 ], [ 11450529.592382421717048, -367744.539934263331816 ], [ 11450529.644145989790559, -367744.592118403350469 ], [ 11450529.703479276970029, -367744.658798143151216 ], [ 11450529.81914022564888, -367744.789146986964624 ], [ 11450529.821477934718132, -367744.791711590311024 ], [ 11450529.969532862305641, -367744.960083497746382 ], [ 11450530.103004930540919, -367745.108384584949818 ], [ 11450532.22063560411334, -367747.451207219914068 ], [ 11450532.921169159933925, -367748.227167573350016 ], [ 11450534.707179071381688, -367750.202694187813904 ], [ 11450534.710407333448529, -367750.203697724849917 ], [ 11450535.404261723160744, -367750.975866943888832 ], [ 11450536.450998893007636, -367752.134176524996292 ], [ 11450536.453670557588339, -367752.140755295346025 ], [ 11450536.467585498467088, -367752.156142929685302 ], [ 11450537.982643768191338, -367753.810201903339475 ], [ 11450543.197627948597074, -367759.575769529445097 ], [ 11450555.400804489850998, -367773.075742423592601 ], [ 11450555.412604356184602, -367773.082321195222903 ], [ 11450577.080497963353992, -367785.275573150138371 ], [ 11450603.22332377359271, -367800.23848991736304 ], [ 11450617.720461064949632, -367808.084178953082301 ], [ 11450644.445265175774693, -367822.547334949194919 ], [ 11450650.368575276806951, -367825.753428259573411 ], [ 11450650.413437033072114, -367825.777290256984998 ], [ 11450650.264380235224962, -367825.901394938176963 ], [ 11450656.496379293501377, -367829.369301286118571 ], [ 11450664.18376936390996, -367835.030392977583688 ], [ 11450687.17191213555634, -367816.468324483430479 ], [ 11450727.333869339898229, -367810.087248288211413 ], [ 11450756.605440760031343, -367809.558939303271472 ], [ 11450759.952817853540182, -367802.592352674517315 ], [ 11450760.017494475468993, -367802.457655083795544 ], [ 11450762.22028455697, -367801.099863184499554 ], [ 11450767.218974970281124, -367798.018544265127275 ], [ 11450767.23856720328331, -367797.796650057949591 ], [ 11450781.135358473286033, -367788.64925682451576 ], [ 11450782.043391562998295, -367790.851473057991825 ], [ 11450782.13322639092803, -367791.069464592903387 ], [ 11450782.422100471332669, -367791.194126758782659 ], [ 11450782.439911590889096, -367791.201820572197903 ], [ 11450782.85502196662128, -367790.980037882225588 ], [ 11450810.005289178341627, -367874.699522646376863 ], [ 11450810.115050192922354, -367874.756724563543685 ], [ 11450823.115719567984343, -367923.713991094147786 ], [ 11450829.419853651896119, -367926.096959214599337 ], [ 11450829.501339517533779, -367926.127734531473834 ], [ 11450842.332024022936821, -367971.202649517450482 ], [ 11450842.898306276649237, -367973.192229713429697 ], [ 11450849.766384897753596, -367997.320533870602958 ], [ 11450852.296231646090746, -368007.424767359218094 ], [ 11450857.133286159485579, -368026.744097360409796 ], [ 11450890.515329778194427, -368183.480231413210277 ], [ 11450902.778952803462744, -368241.060656083340291 ], [ 11450903.946137666702271, -368250.491867147444282 ], [ 11450903.387425141409039, -368266.160897098947316 ], [ 11450903.371172497048974, -368266.616729948553257 ], [ 11450933.33804546110332, -368330.113773241988383 ], [ 11450930.620625369250774, -368337.054858398274519 ], [ 11450931.768774596974254, -368340.284828725853004 ], [ 11450935.863773386925459, -368351.805766912817489 ], [ 11450943.075495274737477, -368373.759913592832163 ], [ 11450945.281068343669176, -368380.289770252362359 ], [ 11450945.286523004993796, -368380.285421550623141 ], [ 11450945.765753412619233, -368381.931350030819885 ], [ 11450945.798815300688148, -368382.050326099386439 ], [ 11450947.423968547955155, -368386.997478132951073 ], [ 11450954.440881328657269, -368412.522141251945868 ], [ 11450967.366521362215281, -368442.115972244879231 ], [ 11450997.001328285783529, -368507.283689365081955 ], [ 11450998.69772600568831, -368511.014100659755059 ], [ 11451000.168924396857619, -368514.218429845059291 ], [ 11451000.682329887524247, -368515.337720545416232 ], [ 11451000.683999676257372, -368515.342961298592854 ], [ 11451003.486801819875836, -368521.610900244908407 ], [ 11451010.94465110450983, -368538.295894085720647 ], [ 11451015.992544731125236, -368545.306683175964281 ], [ 11451022.013927306979895, -368553.669475548958872 ], [ 11451022.222985314205289, -368553.959724075742997 ], [ 11451024.694834606721997, -368557.575174890691414 ], [ 11451026.819033129140735, -368560.673352283192798 ], [ 11451031.158378198742867, -368566.924456485488918 ], [ 11451034.129606729373336, -368571.352559123071842 ], [ 11451034.257178865373135, -368571.542675841075834 ], [ 11451034.803980203345418, -368572.413979098782875 ], [ 11451037.950202971696854, -368577.426816344377585 ], [ 11451072.784631991758943, -368611.920575295342132 ], [ 11451072.837954027578235, -368611.997737066994887 ], [ 11451072.8684555683285, -368612.042004724382423 ], [ 11451078.676772637292743, -368620.456206172762904 ], [ 11451088.771224066615105, -368626.130719002627302 ], [ 11451088.96636713296175, -368626.426654501701705 ], [ 11451089.115201285108924, -368626.652564569783863 ], [ 11451090.597976909950376, -368628.902744832215831 ], [ 11451127.993199491873384, -368652.972986207576469 ], [ 11451194.435350762680173, -368704.916827151202597 ], [ 11451219.915491649881005, -368716.592127041600179 ], [ 11451305.133901439607143, -368755.640152295818552 ], [ 11451314.844857219606638, -368760.089894583448768 ], [ 11451370.401966042816639, -368785.546848465455696 ], [ 11451569.768494887277484, -368879.30260045506293 ], [ 11451595.621444748714566, -368903.545953319349792 ], [ 11451645.138246685266495, -368913.43160686903866 ], [ 11451668.350586907938123, -368934.945528846932575 ], [ 11451695.03275565430522, -368985.087456787470728 ], [ 11451699.856229189783335, -368994.151765659626108 ], [ 11451702.249598242342472, -369000.94358621921856 ], [ 11451741.40099710971117, -369112.057651520823129 ], [ 11451744.772530529648066, -369121.62642379902536 ], [ 11451780.680858671665192, -369235.432813349121716 ], [ 11451800.617066280916333, -369288.461771547910757 ], [ 11451816.627035446465015, -369331.043741254892666 ], [ 11451866.188699139282107, -369399.388126937905326 ], [ 11451880.201596640050411, -369424.200499064230826 ], [ 11451884.195739965885878, -369431.27111179206986 ], [ 11451924.777260338887572, -369472.30208377353847 ], [ 11451958.571631351485848, -369498.588586172903888 ], [ 11452042.073494590818882, -369563.539935627835803 ], [ 11452135.584093248471618, -369631.836517682881095 ], [ 11452204.498650409281254, -369682.169438654033002 ], [ 11452278.480470800772309, -369737.181198851496447 ], [ 11452357.896908720955253, -369796.231757143104915 ], [ 11452448.099092112854123, -369878.3118292898871 ], [ 11452452.340364716947079, -369884.031009534257464 ], [ 11452515.687834145501256, -369969.442970889271237 ], [ 11452560.69207788258791, -370055.975642934150528 ], [ 11452578.593365198001266, -370137.899798964266665 ], [ 11452596.299843402579427, -370310.80936602858128 ], [ 11452596.415615675970912, -370311.480639173765667 ], [ 11452623.083312885835767, -370465.541279559955001 ], [ 11452645.387286061421037, -370602.067586042336188 ], [ 11452656.57155530154705, -370637.990835879987571 ], [ 11452672.315470883622766, -370688.561728228582069 ], [ 11452685.824091095477343, -370711.337147632671986 ], [ 11452702.65448490716517, -370736.871269726834726 ], [ 11452721.858210260048509, -370766.005979009903967 ], [ 11452771.449930213391781, -370820.704944675031584 ], [ 11452868.293434429913759, -370880.184274473693222 ], [ 11452897.814250193536282, -370898.315435194293968 ], [ 11453168.831569282338023, -370953.491720223799348 ], [ 11453317.252733163535595, -370988.878732216835488 ], [ 11453187.767014667391777, -371014.357164898014162 ], [ 11453049.926768384873867, -371069.800012222491205 ], [ 11452465.704269582405686, -371304.79097505036043 ], [ 11452116.526196422055364, -371599.33352638897486 ], [ 11451877.615644866600633, -371930.695957947231364 ], [ 11451785.726971194148064, -372188.422119521070272 ], [ 11451711.839327095076442, -372311.777430798509158 ], [ 11451675.459449583664536, -372372.513721644587349 ], [ 11451669.7930648624897, -372376.006749351799954 ], [ 11451490.490538405254483, -372486.534901522449218 ], [ 11451436.548898028209805, -372519.786334354255814 ], [ 11451401.018054278567433, -372522.159031671180855 ], [ 11451398.604091122746468, -372522.320274285797495 ], [ 11451291.629288731142879, -372529.464125226950273 ], [ 11451160.882877001538873, -372538.19542489037849 ], [ 11451047.014058550819755, -372496.172323049104307 ], [ 11450811.704803843051195, -372409.33185622759629 ], [ 11450537.430276453495026, -372426.503174732904881 ], [ 11450517.661048082634807, -372427.740928167186212 ], [ 11450513.181551769375801, -372424.898555662133731 ], [ 11450355.368362456560135, -372492.814440875430591 ], [ 11449970.955444069579244, -372538.581247526628431 ], [ 11449567.43898786790669, -372184.902893163438421 ], [ 11449550.796723993495107, -372181.568771979480516 ], [ 11449378.290475083515048, -372147.008771940891165 ], [ 11449333.507200539112091, -372152.20988789020339 ], [ 11448560.389440797269344, -372241.998897972749546 ], [ 11448508.208429483696818, -372248.059419338882435 ], [ 11448078.317046331241727, -372248.059419338882435 ], [ 11447650.735987883061171, -372248.059419338882435 ], [ 11447512.027004301548004, -372172.271146267536096 ], [ 11447537.247548134997487, -371881.750290686031803 ], [ 11447581.750965483486652, -371580.837282622989733 ], [ 11447587.544922338798642, -371541.661246619187295 ], [ 11447587.68640941567719, -371540.704615917580668 ], [ 11447585.135189322754741, -371532.526812035532203 ], [ 11447584.740116450935602, -371532.545433939085342 ], [ 11447099.705955613404512, -371555.429972250189167 ], [ 11447099.687476577237248, -371555.430864314665087 ], [ 11447099.727106316015124, -371552.891371344216168 ], [ 11447101.458903631195426, -371344.723509663541336 ], [ 11447101.461018703877926, -371344.45912367728306 ], [ 11447093.386570755392313, -371343.016987928829622 ], [ 11446514.885671146214008, -371470.187385585391894 ], [ 11446412.85133907571435, -371492.617291263537481 ], [ 11446331.406326070427895, -371481.271315534017049 ], [ 11446183.264908075332642, -371471.558269172848668 ], [ 11446181.316928302869201, -371473.246840063773561 ], [ 11446181.216072840616107, -371473.334374115976971 ], [ 11446161.034851036965847, -371495.167153113987297 ], [ 11446085.15325222350657, -371480.61196663219016 ], [ 11446008.464364456012845, -371453.927463092491962 ], [ 11445959.914706258103251, -371432.126918208552524 ], [ 11445938.233454314991832, -371422.391240015567746 ], [ 11445872.03887758590281, -371381.960235228179954 ], [ 11445861.544677874073386, -371369.830925546819344 ], [ 11445842.170633690431714, -371354.467209544673096 ], [ 11445813.916856374591589, -371342.337902904022485 ], [ 11445756.602012790739536, -371323.739672496449202 ], [ 11445704.432467384263873, -371308.933280840341467 ], [ 11445704.419776963070035, -371308.981675392133184 ], [ 11445620.544102877378464, -371300.710890971357003 ], [ 11445406.176159454509616, -371363.866907389368862 ], [ 11445103.538539003580809, -371641.755818948266096 ], [ 11444914.390026224777102, -371528.074058404541574 ], [ 11444788.291759831830859, -371313.342537377553526 ], [ 11444682.355011697858572, -371043.229681204480585 ], [ 11444649.582108326256275, -370959.667023400834296 ], [ 11444346.945601077750325, -370631.25578317878535 ], [ 11444033.76936442963779, -370400.105456369637977 ], [ 11443867.76973975636065, -370277.583580612321384 ], [ 11443514.692144835367799, -369911.281028599478304 ], [ 11443490.741199795156717, -369852.802214984665625 ], [ 11443433.52910409681499, -369713.112728025764227 ], [ 11443312.93447332829237, -369418.668673214502633 ], [ 11443199.445365663617849, -368825.010925728129223 ], [ 11443200.103709129616618, -368794.018934549007099 ], [ 11443200.525387363508344, -368774.166473628021777 ], [ 11443201.86099861189723, -368711.289703572983854 ], [ 11443212.054524382576346, -368231.356369925022591 ], [ 11443158.691077444702387, -368033.384434858046006 ], [ 11442871.588314574211836, -366968.273233962710947 ], [ 11442613.16646190546453, -366413.5967714227736 ], [ 11442606.780396683141589, -366399.889679457293823 ], [ 11442445.657122304663062, -366266.98104002897162 ], [ 11442392.412453260272741, -366223.060204953420907 ], [ 11442368.466628914698958, -366221.238579725613818 ], [ 11441560.235807470977306, -366159.753254176641349 ], [ 11441396.231028070673347, -366147.276071245316416 ], [ 11441279.918301520869136, -366074.460976745467633 ], [ 11441211.104599814862013, -366031.381618223094847 ], [ 11441194.473356572911143, -366020.970039829146117 ], [ 11440983.566336117684841, -365598.4620413533994 ], [ 11441090.519876483827829, -365571.798471045738552 ], [ 11441169.906258150935173, -365552.006798131915275 ], [ 11441216.898556670174003, -365517.309829702251591 ], [ 11441245.992016909644008, -365495.828571854333859 ], [ 11441365.162871386855841, -365407.838783589075319 ], [ 11441437.255600014701486, -365284.053538397070952 ], [ 11441452.662217542529106, -365289.846072882413864 ], [ 11441452.685594635084271, -365289.853878030029591 ], [ 11441452.930497514083982, -365289.938619631459005 ], [ 11441461.665737956762314, -365198.316258056031074 ], [ 11441466.22872388549149, -365150.457371780124959 ], [ 11441484.408755205571651, -365112.040043285524007 ], [ 11441574.30770430341363, -364922.069233327871189 ], [ 11441592.795645331963897, -364908.173887007578742 ], [ 11441622.198462435975671, -364886.076476559217554 ], [ 11441791.144714027643204, -364775.688837886380497 ], [ 11441897.508261093869805, -364706.192032915831078 ], [ 11442042.654405549168587, -364660.40394018049119 ], [ 11442083.52313020825386, -364647.511024622654077 ], [ 11442124.770341131836176, -364634.498804002418183 ], [ 11442674.889000730589032, -364503.355329008074477 ], [ 11442858.529870389029384, -364450.526013870083261 ], [ 11443321.30547640286386, -364317.395915989065543 ], [ 11443380.553271621465683, -364300.351741659687832 ], [ 11443505.176554763689637, -364224.361522732651792 ], [ 11443655.836353605613112, -364132.494733376777731 ], [ 11443840.411861700937152, -364093.11706313455943 ], [ 11443840.592199278995395, -364093.079152824997436 ], [ 11443877.277537470683455, -364085.247328796482179 ], [ 11444158.092084942385554, -364025.302226893370971 ], [ 11444252.12588519975543, -364036.986401350412052 ], [ 11444264.113881170749664, -364038.476052846526727 ], [ 11444295.562750512734056, -364026.379325088055339 ], [ 11444340.128395456820726, -364009.236070868908428 ], [ 11444546.958896156400442, -363921.677846879581921 ], [ 11444650.500494126230478, -363878.512571939325426 ], [ 11444737.876275643706322, -363842.086413653683849 ], [ 11444889.262990763410926, -363666.393838151416276 ], [ 11444923.07294650375843, -363659.412792669318151 ], [ 11444927.531292108818889, -363658.495143695676234 ], [ 11445119.849070793017745, -363618.892409322201274 ], [ 11445293.781322378665209, -363589.093919880280737 ], [ 11445350.418452905490994, -363579.391154330573045 ], [ 11445543.040467761456966, -363579.811956854187883 ], [ 11445559.652341408655047, -363579.848305981839076 ], [ 11445700.117501283064485, -363580.154932096193079 ], [ 11445773.210992136970162, -363575.409474981483072 ], [ 11445946.675701856613159, -363564.148046672751661 ], [ 11446057.815968269482255, -363556.932745255180635 ], [ 11446221.740597635507584, -363540.367134821950458 ], [ 11446322.821700900793076, -363530.15303285967093 ], [ 11446367.846316104754806, -363525.60337248002179 ], [ 11446518.927347898483276, -363502.794863160292152 ], [ 11446976.289598392322659, -363439.524800691811834 ], [ 11446976.502775222063065, -363439.495364622736815 ], [ 11446976.707157801836729, -363440.005366833938751 ], [ 11447060.119186213240027, -363648.172206497343723 ], [ 11447252.73608037084341, -364127.618796736758668 ], [ 11447270.60063225030899, -364207.09001199004706 ], [ 11447316.636918988078833, -364393.88037154765334 ], [ 11447327.345631362870336, -364576.820565451227594 ], [ 11447338.840593300759792, -364743.904085796675645 ], [ 11447346.221075542271137, -364772.01028877380304 ], [ 11447401.907537616789341, -364984.079829778173007 ], [ 11447417.145283473655581, -365070.373339873040095 ], [ 11447515.90749042853713, -365578.843303926871158 ], [ 11447516.198479576036334, -365583.944650327961426 ], [ 11447519.802670732140541, -365600.440094291232526 ], [ 11447521.238692164421082, -365626.403436086548027 ], [ 11447526.500764491036534, -365721.491648603114299 ], [ 11447529.204714922234416, -365770.734527281136252 ], [ 11447531.277483839541674, -365808.500461488147266 ], [ 11447562.569392701610923, -366040.609037188754883 ], [ 11447572.208547411486506, -366054.25698833563365 ], [ 11447573.552062343806028, -366056.159227412368637 ], [ 11447602.189112668856978, -366096.705026199750137 ], [ 11447629.955755900591612, -366216.671861183131114 ], [ 11447632.721154691651464, -366230.406248803483322 ], [ 11447633.613269092515111, -366232.474295936699491 ], [ 11447634.514956967905164, -366234.564866722153965 ], [ 11447764.390850277617574, -366535.672699856455438 ], [ 11447774.352497546002269, -366560.902679157443345 ], [ 11447778.764088967815042, -366572.075318783870898 ], [ 11447783.941558483988047, -366585.189233853947371 ], [ 11447791.801382452249527, -366666.081083354307339 ], [ 11447797.634746408089995, -366742.597034232749138 ], [ 11447832.277928540483117, -366841.536757228604984 ], [ 11447834.194627532735467, -366846.395418062282261 ], [ 11447892.689012445509434, -366994.678450306295417 ], [ 11447895.795605475082994, -367003.189202659297734 ], [ 11447959.685089504346251, -367178.219241129641887 ], [ 11447959.676629222929478, -367178.224370310315862 ], [ 11447959.828802965581417, -367178.665480150841177 ], [ 11447959.929881064221263, -367178.958512675133534 ], [ 11447953.325963592156768, -367183.817745803564321 ], [ 11447953.299803514033556, -367183.832352826429997 ], [ 11447971.196749366819859, -367196.531322200433351 ], [ 11447985.52245463617146, -367213.772075473272707 ] ] ] ] } },
{ "type": "Feature", "properties": { "fid": 40119, "kdkab": "74", "kdkec": "012", "nmkab": "LUBUKLINGGAU", "nmkec": "LUBUK LINGGAU BARAT II", "kdprov": "16", "nmprov": "SUMATERA SELATAN" }, "geometry": { "type": "MultiPolygon", "coordinates": [ [ [ [ 11448722.426536872982979, -367775.253204320790246 ], [ 11448706.760656252503395, -367787.784873029624578 ], [ 11448686.522661507129669, -367803.974118088197429 ], [ 11448685.124043421819806, -367805.434048265626188 ], [ 11448656.961659403517842, -367834.831022634869441 ], [ 11448642.062324801459908, -367839.016127292357851 ], [ 11448636.134227953851223, -367845.288599608640652 ], [ 11448633.71291771531105, -367848.968365450331476 ], [ 11448631.62567725777626, -367855.240838330530096 ], [ 11448632.438198221847415, -367858.170958487025928 ], [ 11448633.295469621196389, -367861.262314504536334 ], [ 11448636.134227953851223, -367865.276706471457146 ], [ 11448639.557524932548404, -367868.621958881791215 ], [ 11448640.809869205579162, -367871.96732290321961 ], [ 11448640.465224063023925, -367873.900591439683922 ], [ 11448640.392421118915081, -367874.309033174242359 ], [ 11448640.075494527816772, -367875.232515141076874 ], [ 11448636.321578657254577, -367884.846674258937128 ], [ 11448633.994667340070009, -367889.222788386803586 ], [ 11448625.275345586240292, -367905.966449825558811 ], [ 11448624.829733664169908, -367906.822248680342454 ], [ 11448623.785000242292881, -367907.821108116360847 ], [ 11448620.850507147610188, -367910.650094869197346 ], [ 11448615.664799986407161, -367915.649075525230728 ], [ 11448613.769696976989508, -367917.476080808090046 ], [ 11448613.670177353546023, -367917.572086394822691 ], [ 11448613.612736497074366, -367917.584017403481994 ], [ 11448597.097265522927046, -367920.996843275497667 ], [ 11448594.295465260744095, -367922.756834288768005 ], [ 11448593.969744427129626, -367923.099822908232454 ], [ 11448592.443554205819964, -367924.707052433222998 ], [ 11448590.537653205916286, -367926.228311823157128 ], [ 11448589.404309470206499, -367927.132949915307108 ], [ 11448585.278809141367674, -367929.169026806659531 ], [ 11448566.862557865679264, -367939.467272374778986 ], [ 11448557.72623329795897, -367947.847748192201834 ], [ 11448557.72077864408493, -367947.852765911142342 ], [ 11448557.395725725218654, -367947.587496041029226 ], [ 11448553.909755872562528, -367942.403081501135603 ], [ 11448552.032463980838656, -367937.670373021275736 ], [ 11448544.388488508760929, -367923.50547720346367 ], [ 11448528.921424496918917, -367890.136346561310347 ], [ 11448519.60142276994884, -367861.732752798416186 ], [ 11448515.238923244178295, -367844.650904373207595 ], [ 11448517.162301409989595, -367829.44456693372922 ], [ 11448520.791205484420061, -367800.754533345112577 ], [ 11448522.972510909661651, -367783.474104613938835 ], [ 11448535.859968356788158, -367753.697359260870144 ], [ 11448536.165095081552863, -367752.992427290941123 ], [ 11448463.439626472070813, -367694.789057754562236 ], [ 11448463.179806774482131, -367694.581101824471261 ], [ 11448463.243481528013945, -367690.722153343434911 ], [ 11448463.397992979735136, -367681.358227197371889 ], [ 11448463.079730553552508, -367666.375590201932937 ], [ 11448462.965739399194717, -367661.008321466506459 ], [ 11448463.832472950220108, -367659.485504661337472 ], [ 11448463.783492373302579, -367659.422839136153925 ], [ 11448457.436500290408731, -367651.29940296872519 ], [ 11448456.241930831223726, -367649.770453552191611 ], [ 11448448.996701776981354, -367640.838499182835221 ], [ 11448444.135156974196434, -367640.242173282371368 ], [ 11448437.601370779797435, -367635.044950121548027 ], [ 11448435.416948411613703, -367631.981588040478528 ], [ 11448419.187011934816837, -367607.596345767262392 ], [ 11448411.209189306944609, -367592.375210792175494 ], [ 11448405.130811149254441, -367584.764699840336107 ], [ 11448353.252922810614109, -367546.544784852245357 ], [ 11448352.615173455327749, -367546.059517813846469 ], [ 11448323.878714818507433, -367580.607257882831618 ], [ 11448323.770066998898983, -367580.240519882703666 ], [ 11448307.674270501360297, -367600.481024935201276 ], [ 11448304.21846823208034, -367604.826798624359071 ], [ 11448293.623301740735769, -367591.855600193550345 ], [ 11448271.693028090521693, -367564.565677291713655 ], [ 11448250.771754311397672, -367538.016819121374283 ], [ 11448226.352376854047179, -367507.829469287826214 ], [ 11448169.441177738830447, -367440.312053683272097 ], [ 11448126.25322281755507, -367386.136492005491164 ], [ 11448117.817209165543318, -367375.673271668551024 ], [ 11448083.334438417106867, -367332.904281996248756 ], [ 11448074.696045931428671, -367322.408618970541283 ], [ 11448031.535809561610222, -367269.969010662927758 ], [ 11447985.52245463617146, -367213.772075473272707 ], [ 11447971.196749366819859, -367196.531322200433351 ], [ 11447953.299803514033556, -367183.832352826429997 ], [ 11447953.325963592156768, -367183.817745803564321 ], [ 11447959.929881064221263, -367178.958512675133534 ], [ 11447959.828802965581417, -367178.665480150841177 ], [ 11447959.676629222929478, -367178.224370310315862 ], [ 11447959.685089504346251, -367178.219241129641887 ], [ 11447895.795605475082994, -367003.189202659297734 ], [ 11447892.689012445509434, -366994.678450306295417 ], [ 11447834.194627532735467, -366846.395418062282261 ], [ 11447832.277928540483117, -366841.536757228604984 ], [ 11447797.634746408089995, -366742.597034232749138 ], [ 11447791.801382452249527, -366666.081083354307339 ], [ 11447783.941558483988047, -366585.189233853947371 ], [ 11447778.764088967815042, -366572.075318783870898 ], [ 11447774.352497546002269, -366560.902679157443345 ], [ 11447764.390850277617574, -366535.672699856455438 ], [ 11447634.514956967905164, -366234.564866722153965 ], [ 11447633.613269092515111, -366232.474295936699491 ], [ 11447632.721154691651464, -366230.406248803483322 ], [ 11447629.955755900591612, -366216.671861183131114 ], [ 11447602.189112668856978, -366096.705026199750137 ], [ 11447573.552062343806028, -366056.159227412368637 ], [ 11447572.208547411486506, -366054.25698833563365 ], [ 11447562.569392701610923, -366040.609037188754883 ], [ 11447531.277483839541674, -365808.500461488147266 ], [ 11447529.204714922234416, -365770.734527281136252 ], [ 11447526.500764491036534, -365721.491648603114299 ], [ 11447521.238692164421082, -365626.403436086548027 ], [ 11447519.802670732140541, -365600.440094291232526 ], [ 11447516.198479576036334, -365583.944650327961426 ], [ 11447515.90749042853713, -365578.843303926871158 ], [ 11447417.145283473655581, -365070.373339873040095 ], [ 11447401.907537616789341, -364984.079829778173007 ], [ 11447346.221075542271137, -364772.01028877380304 ], [ 11447338.840593300759792, -364743.904085796675645 ], [ 11447327.345631362870336, -364576.820565451227594 ], [ 11447316.636918988078833, -364393.88037154765334 ], [ 11447270.60063225030899, -364207.09001199004706 ], [ 11447252.73608037084341, -364127.618796736758668 ], [ 11447060.119186213240027, -363648.172206497343723 ], [ 11446976.707157801836729, -363440.005366833938751 ], [ 11446997.726504053920507, -363432.498388741631061 ], [ 11447028.035795772448182, -363421.672383257304318 ], [ 11447029.904516063630581, -363421.004942780069541 ], [ 11447030.052570983767509, -363420.95253766712267 ], [ 11447030.123815461993217, -363420.926892609219067 ], [ 11447122.37873025983572, -363387.985264763643499 ], [ 11447262.022352293133736, -363338.124610494065564 ], [ 11447299.186364289373159, -363324.844941789400764 ], [ 11447538.30508329346776, -363253.904108520597219 ], [ 11447538.957081554457545, -363254.563296995474957 ], [ 11447720.178867356851697, -363437.773466051614378 ], [ 11447896.709315853193402, -363622.866285185911693 ], [ 11447986.982743717730045, -363717.51793965313118 ], [ 11448148.404910927638412, -363886.770314203051385 ], [ 11448299.807210767641664, -364093.914294681861065 ], [ 11448417.847059221938252, -364255.412338431808166 ], [ 11448442.93179327994585, -364303.008813435269985 ], [ 11448481.173377947881818, -364375.569308945036028 ], [ 11448482.13740474358201, -364376.238316128321458 ], [ 11448488.58502964489162, -364380.710629261040594 ], [ 11448492.958772441372275, -364439.605579830531497 ], [ 11448571.959988666698337, -364663.813655533303972 ], [ 11448861.239270219579339, -365048.505591157998424 ], [ 11448876.635868992656469, -365065.646774810913485 ], [ 11449467.455160818994045, -365723.416182500310242 ], [ 11449566.938050154596567, -365834.172829866758548 ], [ 11449573.48363621532917, -365842.546679589198902 ], [ 11449592.432439936324954, -365866.790706379862968 ], [ 11449638.098032772541046, -365925.212332024064381 ], [ 11449761.615802047774196, -366083.23324442881858 ], [ 11449920.65127937309444, -366286.696125948044937 ], [ 11449923.998656459152699, -366290.976730374095496 ], [ 11449926.158254584297538, -366289.248432133230381 ], [ 11449926.508465699851513, -366289.689872954739258 ], [ 11449965.05851667933166, -366257.850498455401976 ], [ 11450031.886389994993806, -366237.025404694024473 ], [ 11450046.531693521887064, -366237.321779828169383 ], [ 11450072.6610496789217, -366237.850415833177976 ], [ 11450080.145393, -366238.167753546440508 ], [ 11450106.243023103103042, -366239.27553645032458 ], [ 11450136.961970549076796, -366266.968217169924174 ], [ 11450142.52360362932086, -366271.981953682086896 ], [ 11450134.355647310614586, -366332.969925710523967 ], [ 11450116.534955307841301, -366390.982913920539431 ], [ 11450119.505070641636848, -366434.120839469542261 ], [ 11450139.973942011594772, -366445.757542948180344 ], [ 11450139.929525531828403, -366446.311602686881088 ], [ 11450163.822027841582894, -366459.64984751585871 ], [ 11450174.460831575095654, -366465.588512488873675 ], [ 11450189.349813472479582, -366473.901082932017744 ], [ 11450189.874128270894289, -366474.193221572961193 ], [ 11450196.414037035778165, -366477.844062575197313 ], [ 11450201.417291551828384, -366480.688400305400137 ], [ 11450202.68277152441442, -366481.34403973154258 ], [ 11450203.371616531163454, -366481.728837633971125 ], [ 11450203.445087395608425, -366481.769870847114362 ], [ 11450203.99344720505178, -366481.58076124638319 ], [ 11450230.728492708876729, -366472.364233007887378 ], [ 11450274.871012270450592, -366457.146598855615593 ], [ 11450288.60895062983036, -366452.411054667842109 ], [ 11450367.853956544771791, -366446.673096284153871 ], [ 11450370.507813204079866, -366447.136949885461945 ], [ 11450383.43278532102704, -366449.396340663544834 ], [ 11450450.700593255460262, -366461.155253341072239 ], [ 11450450.707272425293922, -366461.156368374824524 ], [ 11450470.525036094710231, -366464.620663950743619 ], [ 11450489.751025350764394, -366463.958334427210502 ], [ 11450530.098663466051221, -366462.568557471095119 ], [ 11450530.094878606498241, -366462.547371849010233 ], [ 11450563.991218274459243, -366461.332097548816819 ], [ 11450563.970846809446812, -366461.277683944907039 ], [ 11450632.274482605978847, -366458.978709260816686 ], [ 11450637.040070008486509, -366457.761873957584612 ], [ 11450637.047305775806308, -366457.961799335666001 ], [ 11450637.0884939879179, -366457.952990580990445 ], [ 11450643.045756535604596, -366456.672709922131617 ], [ 11450658.737351959571242, -366453.300850808212999 ], [ 11450658.762955443933606, -366453.295275640033651 ], [ 11450658.810822825878859, -366453.285240349825472 ], [ 11450683.524640336632729, -366447.975342974299565 ], [ 11450683.667017962783575, -366447.944791078101844 ], [ 11450685.444010997191072, -366447.56289237854071 ], [ 11450685.713292844593525, -366447.505022178520449 ], [ 11450717.829967809841037, -366440.603415991412476 ], [ 11450772.960834311321378, -366428.756640923733357 ], [ 11450781.667465643957257, -366426.885727890708949 ], [ 11450784.627784859389067, -366423.293762268440332 ], [ 11450785.403570394963026, -366422.352451875340194 ], [ 11450788.22307045571506, -366418.93108636100078 ], [ 11450794.432026376947761, -366411.39815063891001 ], [ 11450794.900013513863087, -366410.830376169353258 ], [ 11450801.079358445480466, -366403.331783987989184 ], [ 11450807.928846713155508, -366395.021448882762343 ], [ 11450808.516613626852632, -366394.310058357717935 ], [ 11450809.625355757772923, -366392.972019762499258 ], [ 11450828.847448827698827, -366386.56649473879952 ], [ 11450901.849991654977202, -366362.239284787676297 ], [ 11450917.923635568469763, -366356.882894939626567 ], [ 11450964.731255056336522, -366341.284716300317086 ], [ 11450976.966380290687084, -366327.267654503404628 ], [ 11451049.706988355144858, -366367.480157593847252 ], [ 11451050.212378846481442, -366368.889557917835191 ], [ 11451050.518507434055209, -366369.743672371434513 ], [ 11451045.912774831056595, -366393.580046800663695 ], [ 11451042.418567333370447, -366398.307894758472685 ], [ 11451041.23846941255033, -366399.904843899887055 ], [ 11451018.68836884573102, -366430.000571204873268 ], [ 11450990.191135795786977, -366468.033445113862399 ], [ 11450990.189911281690001, -366468.061320939741563 ], [ 11450990.138815637677908, -366469.178583916916978 ], [ 11450990.125234657898545, -366469.482987904630136 ], [ 11450990.119668684899807, -366469.632179310021456 ], [ 11450987.605629302561283, -366537.209885169111658 ], [ 11450987.382879003882408, -366543.197392758505885 ], [ 11450987.3814318459481, -366543.237645472632721 ], [ 11450987.368184827268124, -366543.245562210329808 ], [ 11450987.350485032424331, -366543.245896723179612 ], [ 11450945.418325280770659, -366543.912575349153485 ], [ 11450943.584225352853537, -366553.652060359949246 ], [ 11450929.320302397012711, -366553.753751435258891 ], [ 11450930.182583171874285, -366561.454732411599252 ], [ 11450934.765383969992399, -366561.225258452293929 ], [ 11450935.597608484327793, -366571.046365457645152 ], [ 11450940.40171242877841, -366570.257478949264623 ], [ 11450939.307330513373017, -366574.835808370437007 ], [ 11450936.733623884618282, -366585.826029816933442 ], [ 11450936.688539491966367, -366585.853459656995256 ], [ 11450932.592984104529023, -366603.046952126314864 ], [ 11450932.335279487073421, -366603.557860829459969 ], [ 11450932.335279487073421, -366603.74161847284995 ], [ 11450923.623416136950254, -366621.269958562334068 ], [ 11450923.058024441823363, -366622.407516708190087 ], [ 11450922.322759203612804, -366623.887055933650117 ], [ 11450921.932918353006244, -366624.680179959745146 ], [ 11450921.948948353528976, -366624.681629501923453 ], [ 11450917.37338332273066, -366634.062860983307473 ], [ 11450916.656931083649397, -366634.076241396251135 ], [ 11450910.269752657040954, -366634.195996110560372 ], [ 11450910.252164179459214, -366634.214282674307469 ], [ 11450896.673524010926485, -366634.652491268294398 ], [ 11450890.605275932699442, -366634.848291336151306 ], [ 11450837.362499319016933, -366636.566559638769832 ], [ 11450823.296391101554036, -366636.12634398357477 ], [ 11450823.049707105383277, -366636.118650243850425 ], [ 11450822.72175988741219, -366644.987858759472147 ], [ 11450822.724542874842882, -366644.994102957425639 ], [ 11450822.227278709411621, -366657.015738533867989 ], [ 11450821.741925731301308, -366668.747020320559386 ], [ 11450821.575503094121814, -366672.770958416862413 ], [ 11450821.292640266939998, -366679.609133531979751 ], [ 11450820.75752747617662, -366692.54454416729277 ], [ 11450819.421248303726315, -366724.847563465009443 ], [ 11450819.338649243116379, -366726.844815039832611 ], [ 11450818.80732131190598, -366739.687683221942279 ], [ 11450815.970121454447508, -366808.271762144810054 ], [ 11450815.65475333109498, -366808.25637464778265 ], [ 11450815.377456484362483, -366828.259124527277891 ], [ 11450815.222054472193122, -366828.25722896627849 ], [ 11450815.292408393695951, -366829.296220005839132 ], [ 11450815.341722924262285, -366830.025565405143425 ], [ 11450811.028537938371301, -366936.182670000125654 ], [ 11450810.018090918660164, -366961.050352999533061 ], [ 11450809.864470018073916, -366964.832115459546912 ], [ 11450802.53597398661077, -367031.993655774509534 ], [ 11450788.182772802188993, -367163.533495761454105 ], [ 11450788.197133017703891, -367163.532938241085503 ], [ 11450788.197021692991257, -367163.536617871897761 ], [ 11450785.804320555180311, -367260.002440483542159 ], [ 11450785.785841526463628, -367260.748960345634259 ], [ 11450785.779051033779979, -367261.022145353781525 ], [ 11450785.219670591875911, -367283.574072288465686 ], [ 11450779.547051982954144, -367320.507584751292598 ], [ 11450779.405676230788231, -367321.428162992815487 ], [ 11450777.900080112740397, -367323.12057296425337 ], [ 11450777.815254665911198, -367323.256496517860796 ], [ 11450775.968686953186989, -367330.562471659388393 ], [ 11450774.399082127958536, -367337.036068696761504 ], [ 11450774.306686952710152, -367337.120477349672001 ], [ 11450767.481688974425197, -367343.357128410774749 ], [ 11450763.873935595154762, -367346.653972255066037 ], [ 11450757.570246789604425, -367348.938358273822814 ], [ 11450757.098252149298787, -367349.10951718618162 ], [ 11450755.432244652882218, -367349.713312296720687 ], [ 11450752.200862469151616, -367350.884329164226074 ], [ 11450751.656064884737134, -367351.1530542364344 ], [ 11450742.232313388958573, -367354.505315887799952 ], [ 11450737.97378627024591, -367356.0202117000008 ], [ 11450725.114715291187167, -367362.5091978040291 ], [ 11450724.10638334415853, -367363.014088777767029 ], [ 11450724.092245766893029, -367363.025127689994406 ], [ 11450724.085789235308766, -367363.028361315315124 ], [ 11450721.866746507585049, -367364.760021394176874 ], [ 11450720.218104852363467, -367366.045999238209333 ], [ 11450713.603389389812946, -367371.201841732137837 ], [ 11450711.823390731588006, -367375.947460499708541 ], [ 11450710.087919864803553, -367380.577115097839851 ], [ 11450710.292191134765744, -367380.990572694223374 ], [ 11450710.358648870140314, -367381.125158275943249 ], [ 11450710.061203191056848, -367381.339580869593192 ], [ 11450709.277402656152844, -367381.904572689556517 ], [ 11450709.172762334346771, -367381.976269898237661 ], [ 11450704.987483436241746, -367384.844492701406125 ], [ 11450661.54315972328186, -367382.458191089215688 ], [ 11450650.82042109593749, -367380.017140965268482 ], [ 11450647.224244941025972, -367379.152648855408188 ], [ 11450647.132629, -367379.177625799609814 ], [ 11450641.803876301273704, -367380.630860121396836 ], [ 11450638.664221378043294, -367381.487212439242285 ], [ 11450638.119980389252305, -367381.635624543123413 ], [ 11450637.942982397973537, -367381.477734580403194 ], [ 11450634.444767402485013, -367378.358850412303582 ], [ 11450633.562115155160427, -367377.57185373554239 ], [ 11450631.327599020674825, -367375.579608133877628 ], [ 11450630.91170940361917, -367375.484941065777093 ], [ 11450618.413981491699815, -367372.639799877302721 ], [ 11450614.084321215748787, -367371.654214265698101 ], [ 11450600.967656930908561, -367361.482467234774958 ], [ 11450594.598178308457136, -367329.305150789907202 ], [ 11450594.520365985110402, -367329.167777671304066 ], [ 11450591.61581783182919, -367324.038809639809188 ], [ 11450578.440376857295632, -367303.663992589805275 ], [ 11450573.456491937860847, -367295.956827390356921 ], [ 11450549.145873619243503, -367299.967519239406101 ], [ 11450518.654017938300967, -367276.164512930787168 ], [ 11450508.401492839679122, -367255.383941330946982 ], [ 11450506.51629726216197, -367250.124405438196845 ], [ 11450500.759743750095367, -367239.312859224621207 ], [ 11450495.347390111535788, -367230.702627137419768 ], [ 11450492.586332777515054, -367226.572182446252555 ], [ 11450490.416159303858876, -367223.325630499224644 ], [ 11450490.144873708486557, -367222.919755761919077 ], [ 11450489.858782617375255, -367223.051888057030737 ], [ 11450417.601078502833843, -367256.420706286735367 ], [ 11450363.171190839260817, -367281.556628447782714 ], [ 11450363.255125740543008, -367281.68407764530275 ], [ 11450352.803672702983022, -367288.531322114344221 ], [ 11450350.47420104034245, -367290.057367445668206 ], [ 11450345.045149475336075, -367293.614014301099814 ], [ 11450305.556007269769907, -367319.484980225155596 ], [ 11450305.319119393825531, -367319.295534675533418 ], [ 11450302.764114441350102, -367321.603670522803441 ], [ 11450299.87715476565063, -367324.211752573901322 ], [ 11450270.612930430099368, -367344.858086057240143 ], [ 11450220.116516973823309, -367386.429748090566136 ], [ 11450213.39126125536859, -367391.966378437238745 ], [ 11450213.199791731312871, -367391.727201882051304 ], [ 11450212.076800713315606, -367392.852056446543429 ], [ 11450161.179303128272295, -367434.379134776652791 ], [ 11450160.606119068339467, -367434.846783648885321 ], [ 11450112.69164988771081, -367477.966382190701552 ], [ 11450085.178369821980596, -367503.181968679942656 ], [ 11450048.49381086602807, -367535.193640122306533 ], [ 11450040.266743896529078, -367543.023476766597014 ], [ 11449967.481496719643474, -367467.325303833174985 ], [ 11449912.992721047252417, -367417.955784817517269 ], [ 11449908.110359499230981, -367413.532188495912123 ], [ 11449885.466416599228978, -367393.015744640433695 ], [ 11449885.273611241951585, -367393.224926557100844 ], [ 11449882.835046473890543, -367391.100882687896956 ], [ 11449820.562366727739573, -367336.860895657620858 ], [ 11449817.861199285835028, -367334.508157837204635 ], [ 11449754.147822689265013, -367279.013331284630112 ], [ 11449710.420970102772117, -367307.252530069148634 ], [ 11449707.498722154647112, -367309.139737548714038 ], [ 11449702.456505818292499, -367313.599122529209126 ], [ 11449702.397840447723866, -367313.643166661378928 ], [ 11449690.774081854149699, -367323.93288069521077 ], [ 11449690.771298870444298, -367323.935333786008414 ], [ 11449686.957159154117107, -367327.308222886407748 ], [ 11449672.530041832476854, -367340.067866950063035 ], [ 11449655.247802199795842, -367355.352636165509466 ], [ 11449655.353333082050085, -367355.750594591838308 ], [ 11449620.376749074086547, -367386.190571553714108 ], [ 11449598.831418229267001, -367402.222202445904259 ], [ 11449590.827658157795668, -367405.713511425885372 ], [ 11449561.46235572360456, -367418.522783904627431 ], [ 11449561.174038240686059, -367418.648560694651678 ], [ 11449591.951428415253758, -367486.47126191057032 ], [ 11449581.418600836768746, -367492.083162666589487 ], [ 11449578.180650811642408, -367493.754723934340291 ], [ 11449578.095491396263242, -367493.853739770362154 ], [ 11449577.825764276087284, -367494.167066915193573 ], [ 11449568.70235276594758, -367499.184426989173517 ], [ 11449568.448878284543753, -367499.352910032728687 ], [ 11449568.089984249323606, -367499.562203653156757 ], [ 11449568.057367635890841, -367499.580936378391925 ], [ 11449567.433867167681456, -367499.934962619678117 ], [ 11449530.965268025174737, -367518.964627297478728 ], [ 11449458.508524665609002, -367556.773081588733476 ], [ 11449457.792183741927147, -367557.405199943052139 ], [ 11449442.443007070571184, -367570.94963845750317 ], [ 11449409.775523262098432, -367598.835665599501226 ], [ 11449411.654262309893966, -367600.589072724804282 ], [ 11449411.60851, -367600.652072732744273 ], [ 11449416.225819835439324, -367604.933954385924153 ], [ 11449499.468976581469178, -367682.126939295150805 ], [ 11449516.526016879826784, -367709.269705165002961 ], [ 11449518.87185250595212, -367713.095537444809452 ], [ 11449518.728139042854309, -367713.301820846681949 ], [ 11449527.696816457435489, -367727.817371602286585 ], [ 11449560.246635563671589, -367809.534631289134268 ], [ 11449563.595125852152705, -367817.941300870850682 ], [ 11449563.620729329064488, -367818.005639050155878 ], [ 11449532.340620337054133, -367842.513582793530077 ], [ 11449466.122443877160549, -367894.395380939706229 ], [ 11449466.133019225671887, -367894.418462414469104 ], [ 11449466.031495852395892, -367894.470423618098721 ], [ 11449466.046301348134875, -367894.502759988594335 ], [ 11449465.985298266634345, -367894.531862718227785 ], [ 11449465.604808244854212, -367893.700260487385094 ], [ 11449447.983823405578732, -367875.228946990217082 ], [ 11449436.221138093620539, -367840.162841310724616 ], [ 11449434.884970245882869, -367836.919951045536436 ], [ 11449424.758013529703021, -367814.647565131250303 ], [ 11449410.331898076459765, -367795.380790827563033 ], [ 11449389.736901722848415, -367812.164022221695632 ], [ 11449389.094699583947659, -367812.697348919173237 ], [ 11449384.471712451428175, -367807.756466828519478 ], [ 11449383.558669988065958, -367806.780578241974581 ], [ 11449371.180833164602518, -367794.314806616224814 ], [ 11449318.530164925381541, -367742.519917427096516 ], [ 11449312.161799497902393, -367736.096027736610267 ], [ 11449311.331467414274812, -367736.166944638011046 ], [ 11449311.314324211329222, -367736.168171187979169 ], [ 11449207.701593086123466, -367742.23123208922334 ], [ 11449200.412504149600863, -367727.764072423567995 ], [ 11449188.489073490723968, -367703.965322907955851 ], [ 11449188.394563242793083, -367703.776768740674015 ], [ 11449190.333414811640978, -367692.809740976663306 ], [ 11449190.455087013542652, -367692.121312060160562 ], [ 11449172.364333929494023, -367671.904875234642532 ], [ 11449152.452171334996819, -367649.653039335913491 ], [ 11449109.927569253370166, -367602.131736508337781 ], [ 11449090.586698282510042, -367582.288409865228459 ], [ 11449086.78981308825314, -367578.096178626117762 ], [ 11449083.605853013694286, -367574.580556259199511 ], [ 11449083.383770629763603, -367574.27603773662122 ], [ 11449072.743742384016514, -367559.685130139230751 ], [ 11449071.33477158844471, -367557.660210475791246 ], [ 11449047.51451562717557, -367559.324859457672574 ], [ 11449015.582631010562181, -367555.770880184776615 ], [ 11449007.629521308466792, -367554.885758389486 ], [ 11449007.366695992648602, -367555.00272648606915 ], [ 11449002.747716365382075, -367557.059090334514622 ], [ 11449001.105753870680928, -367563.596815626369789 ], [ 11448995.858264399692416, -367584.490287479828112 ], [ 11448979.795863751322031, -367606.699069576337934 ], [ 11448976.888421289622784, -367610.719139039108995 ], [ 11448954.703893929719925, -367641.392787902150303 ], [ 11448903.78413244895637, -367669.895341149240267 ], [ 11448897.82430955208838, -367673.156513264693785 ], [ 11448897.082810426130891, -367673.038095481169876 ], [ 11448874.652600947767496, -367669.456347935891245 ], [ 11448841.121723167598248, -367664.101902065216564 ], [ 11448830.686077499762177, -367662.380495721125044 ], [ 11448830.500173948705196, -367662.405807239178102 ], [ 11448828.385214949026704, -367662.693934845912736 ], [ 11448783.198963837698102, -367668.849428951973096 ], [ 11448783.241487883031368, -367669.268797369732056 ], [ 11448786.90300857834518, -367705.380092432780657 ], [ 11448786.914140524342656, -367705.49661466840189 ], [ 11448786.957777764648199, -367705.951887685747351 ], [ 11448788.255874350667, -367717.477220010187011 ], [ 11448787.3827955853194, -367718.669092116120737 ], [ 11448734.614907920360565, -367765.503242126433179 ], [ 11448722.426536872982979, -367775.253204320790246 ] ] ] ] } },
{ "type": "Feature", "properties": { "fid": 40063, "kdkab": "74", "kdkec": "031", "nmkab": "LUBUKLINGGAU", "nmkec": "LUBUK LINGGAU TIMUR I", "kdprov": "16", "nmprov": "SUMATERA SELATAN" }, "geometry": { "type": "MultiPolygon", "coordinates": [ [ [ [ 11452264.183708596974611, -366575.669073263707105 ], [ 11452264.466460099443793, -366578.279367861687206 ], [ 11452246.565172789618373, -366582.564443651819602 ], [ 11452227.6041239220649, -366587.102632352267392 ], [ 11452230.649825189262629, -366593.577635571127757 ], [ 11452241.147698450833559, -366615.893708610616159 ], [ 11452207.996420131996274, -366628.543551488313824 ], [ 11452208.076347528025508, -366628.657396512979176 ], [ 11452207.37737244181335, -366628.901254563184921 ], [ 11452203.663642913103104, -366630.196924678923097 ], [ 11452203.500448537990451, -366630.253791440918576 ], [ 11452203.454250950366259, -366630.118426247616298 ], [ 11452203.374212233349681, -366630.147863164835144 ], [ 11452197.974437696859241, -366614.278246800007764 ], [ 11452197.957851091399789, -366614.229631302005146 ], [ 11452197.940262608230114, -366614.229631302005146 ], [ 11452197.889834880828857, -366614.157823087181896 ], [ 11452197.031005010008812, -366614.089471480459906 ], [ 11452196.569140443578362, -366612.277986656874418 ], [ 11452166.3892019726336, -366493.904664635367226 ], [ 11452164.833512088283896, -366487.802980308886617 ], [ 11452135.50405453145504, -366372.765297410078347 ], [ 11452134.00279987975955, -366366.876813833485357 ], [ 11452115.339975925162435, -366293.676555285172071 ], [ 11452083.896561238914728, -366302.751459734223317 ], [ 11452084.098940070718527, -366303.367179995635524 ], [ 11452066.94004244171083, -366309.669113814597949 ], [ 11452056.772788070142269, -366312.928015898680314 ], [ 11452055.57443374954164, -366313.312144200026523 ], [ 11452005.634729072451591, -366329.319200968777295 ], [ 11451999.68414569273591, -366332.455896164174192 ], [ 11451976.725391272455454, -366342.723887645814102 ], [ 11451975.935134205967188, -366343.077352674270514 ], [ 11451972.508831599727273, -366344.609740686893929 ], [ 11451952.165194654837251, -366353.708399472467136 ], [ 11451948.118731163442135, -366356.131363514286932 ], [ 11451940.12933131121099, -366360.915518993395381 ], [ 11451936.851306268945336, -366362.87842104700394 ], [ 11451892.20963010750711, -366389.610197871807031 ], [ 11451892.206290524452925, -366389.612427937798202 ], [ 11451864.177155939862132, -366406.39700770372292 ], [ 11451863.115167997777462, -366407.072717269766144 ], [ 11451860.666139198467135, -366408.6304174028337 ], [ 11451860.585989166051149, -366408.680593852244783 ], [ 11451844.502660451456904, -366418.912688330456149 ], [ 11451840.165653090924025, -366421.671947570634075 ], [ 11451811.118835721164942, -366440.151493267039768 ], [ 11451808.101075647398829, -366442.071356458589435 ], [ 11451808.02203880995512, -366441.960968227940612 ], [ 11451786.236591817811131, -366411.510545895202085 ], [ 11451782.481451440602541, -366406.261865793610923 ], [ 11451782.061220357194543, -366405.674466780619696 ], [ 11451781.785148024559021, -366405.841721628792584 ], [ 11451757.472971234470606, -366420.570184022479225 ], [ 11451757.137788249179721, -366420.569403501693159 ], [ 11451733.484956799075007, -366435.72001918614842 ], [ 11451684.707761563360691, -366368.130778704420663 ], [ 11451700.669863348826766, -366358.287835004797671 ], [ 11451696.358125511556864, -366352.855734693293925 ], [ 11451607.007981503382325, -366240.28742673312081 ], [ 11451607.941952032968402, -366238.934894594887737 ], [ 11451612.455957382917404, -366232.40081542142434 ], [ 11451637.821216555312276, -366204.069007960148156 ], [ 11451684.88041809014976, -366151.505378940782975 ], [ 11451698.911126708611846, -366121.118592832004651 ], [ 11451717.028707798570395, -366081.881829230347648 ], [ 11451735.689973266795278, -366041.467609226529021 ], [ 11451775.986515747383237, -366021.816346405365039 ], [ 11451776.47854789532721, -366021.777320411114488 ], [ 11451778.339809784665704, -366021.627906596811954 ], [ 11451820.706894779577851, -366018.21926474000793 ], [ 11451838.959951687604189, -366016.750772353319917 ], [ 11451846.897031381726265, -366018.045654816902243 ], [ 11451849.253998959437013, -366018.430116611125413 ], [ 11451925.531227249652147, -366030.873945729515981 ], [ 11451926.99251820333302, -366031.112338829378132 ], [ 11451925.924964288249612, -366029.46990182652371 ], [ 11451925.72236281260848, -366029.157693843997549 ], [ 11451926.324601260945201, -366029.124242987600155 ], [ 11451967.084232812747359, -366026.832859433954582 ], [ 11451967.088685590773821, -366026.832859433954582 ], [ 11451980.963769562542439, -366026.052897009300068 ], [ 11452013.163822829723358, -366024.242648298270069 ], [ 11452027.359284294769168, -366023.444287926715333 ], [ 11452027.906976193189621, -366023.414182159991469 ], [ 11452065.149468434974551, -366009.362594538950361 ], [ 11452088.549381993710995, -366000.533800751436502 ], [ 11452113.77771819755435, -365991.015920286765322 ], [ 11452113.78105777874589, -365991.014805257786065 ], [ 11452122.566837267950177, -365987.700049699924421 ], [ 11452158.694019537419081, -365974.069724156113807 ], [ 11452163.992827294394374, -365972.074939160549548 ], [ 11452167.823330974206328, -365970.634323083853815 ], [ 11452181.534886615350842, -365965.458363597688731 ], [ 11452206.891128908842802, -365955.886741792433895 ], [ 11452207.278966013342142, -365955.740338647912722 ], [ 11452207.265051078051329, -365955.672656461887527 ], [ 11452210.337023746222258, -365954.481583800574299 ], [ 11452308.538959700614214, -365899.096273325441871 ], [ 11452385.832089664414525, -365898.302150954725221 ], [ 11452514.654010031372309, -365981.280944674450438 ], [ 11452538.040231300517917, -365997.956190052733291 ], [ 11452541.211166990920901, -365999.941274761571549 ], [ 11452541.173095729202032, -365999.984203343803529 ], [ 11452541.013018298894167, -365999.891656004881952 ], [ 11452540.820546897128224, -366000.117895226285327 ], [ 11452557.425407426431775, -366010.07788520376198 ], [ 11452589.036357948556542, -366015.636301488615572 ], [ 11452618.476355761289597, -366010.678104944061488 ], [ 11452622.62912936322391, -366009.978647681127768 ], [ 11452647.766406217589974, -365993.834265404555481 ], [ 11452656.539272649213672, -365988.942302503972314 ], [ 11452657.881785709410906, -365988.193672638910357 ], [ 11452657.949467960745096, -365988.309747059422079 ], [ 11452665.75719440728426, -365983.802246070059482 ], [ 11452687.338704083114862, -365971.342811825219542 ], [ 11452772.364197190850973, -365879.341338133963291 ], [ 11452801.988874042406678, -365813.946250050212257 ], [ 11452802.053439348936081, -365814.213967872667126 ], [ 11452811.353292243555188, -365795.583774628583342 ], [ 11452814.02885620854795, -365755.583221647830214 ], [ 11452805.28504416719079, -365729.652296971995384 ], [ 11452800.258078597486019, -365714.744183960254304 ], [ 11452798.86747551895678, -365710.619928245432675 ], [ 11452782.968491887673736, -365656.171582894399762 ], [ 11452760.863891918212175, -365580.471350472013 ], [ 11452760.319984886795282, -365578.608591373777017 ], [ 11452771.418426802381873, -365480.940114536788315 ], [ 11452790.04807754419744, -365465.456014000170399 ], [ 11452790.381256781518459, -365465.657944634614978 ], [ 11452807.84784148260951, -365448.94230364653049 ], [ 11452812.447451520711184, -365447.536706046841573 ], [ 11452812.464928681030869, -365447.528566378750838 ], [ 11452816.757742207497358, -365445.523644114786293 ], [ 11452844.426535602658987, -365440.201195067318622 ], [ 11452876.646292416378856, -365434.002784562006127 ], [ 11452879.179478751495481, -365433.515408209466841 ], [ 11452912.39053563773632, -365427.12632922665216 ], [ 11452934.907017720863223, -365422.794578492583241 ], [ 11452947.594100084155798, -365420.354909431363922 ], [ 11453012.257365891709924, -365419.330203840101603 ], [ 11453095.860641190782189, -365367.110037541191559 ], [ 11453098.500805553048849, -365365.460920194687787 ], [ 11453142.855611383914948, -365337.756198475603014 ], [ 11453185.161693304777145, -365275.507571412774269 ], [ 11453238.261758329346776, -365197.376965048082639 ], [ 11453282.65574861690402, -365152.513133638247382 ], [ 11453378.578640641644597, -365109.634389114449732 ], [ 11453465.781097710132599, -365096.036283544031903 ], [ 11453465.781876944005489, -365096.060144955408759 ], [ 11453528.544696412980556, -365086.28432634472847 ], [ 11453570.34037846326828, -365089.055817774613388 ], [ 11453584.97176705673337, -365089.827187987917569 ], [ 11453597.363073533400893, -365090.480477682722267 ], [ 11453646.862620949745178, -365092.239754853420891 ], [ 11453679.960020637139678, -365099.38624718063511 ], [ 11453747.938380884006619, -365113.282063317776192 ], [ 11453806.007302697747946, -365114.274653542845044 ], [ 11453806.019770480692387, -365114.358726000064053 ], [ 11453805.879730561748147, -365114.354934936156496 ], [ 11453805.964333372190595, -365114.905865996552166 ], [ 11453832.304306011646986, -365115.4037221352919 ], [ 11453919.506874399259686, -365094.758360086532775 ], [ 11453962.167174940928817, -365071.019381831574719 ], [ 11454019.39340821094811, -365039.174892133567482 ], [ 11454020.522299168631434, -365037.733730609179474 ], [ 11454033.49814429320395, -365016.19057013472775 ], [ 11454044.002140123397112, -365003.882775060890708 ], [ 11454054.435782035812736, -364984.06232399615692 ], [ 11454055.517584847286344, -364981.895286441082135 ], [ 11454057.280662944540381, -364968.944687334878836 ], [ 11454057.3689392991364, -364968.944018324778881 ], [ 11454057.115687457844615, -364965.138350807887036 ], [ 11454056.652709694579244, -364958.181977611384355 ], [ 11454052.688956588506699, -364947.85936640354339 ], [ 11454045.554156467318535, -364940.712883782049175 ], [ 11453986.890677245333791, -364920.067665559239686 ], [ 11453879.076637221500278, -364881.953255023690872 ], [ 11453867.753552576526999, -364874.982837795338128 ], [ 11453861.601703552529216, -364871.195794270839542 ], [ 11453801.582130303606391, -364834.583439212699886 ], [ 11453756.773363586515188, -364789.835715342895128 ], [ 11453737.213415859267116, -364770.669705129577778 ], [ 11453736.679193627089262, -364770.146205161581747 ], [ 11453734.116952903568745, -364768.133601462526713 ], [ 11453720.725552123039961, -364757.614542047784198 ], [ 11453719.06177101098001, -364756.307632057811134 ], [ 11453742.39934566244483, -364682.233033335360233 ], [ 11453761.425405109301209, -364621.843724019941874 ], [ 11453763.267854, -364615.995807992236223 ], [ 11453765.118763176724315, -364609.793652230699081 ], [ 11453811.890983069315553, -364550.637252736371011 ], [ 11453826.843417068943381, -364543.325773515680339 ], [ 11453923.116965489462018, -364505.112478398077656 ], [ 11453960.429477689787745, -364490.302204193838406 ], [ 11454050.010275680571795, -364489.905148027115501 ], [ 11454152.671447798609734, -364523.652139982907102 ], [ 11454215.695200154557824, -364536.753883284982294 ], [ 11454246.611851008608937, -364540.724335213308223 ], [ 11454248.38951195590198, -364540.101265601930209 ], [ 11454258.956737261265516, -364536.397636442852672 ], [ 11454334.871731923893094, -364509.791185656446032 ], [ 11454463.29724358767271, -364404.977307557070162 ], [ 11454463.365259800106287, -364405.115569079935085 ], [ 11454463.131711509078741, -364405.320396835042629 ], [ 11454463.248374335467815, -364405.553991906985175 ], [ 11454470.020718194544315, -364399.823051980347373 ], [ 11454474.970984628424048, -364395.633951176889241 ], [ 11454477.618050800636411, -364396.305969013017602 ], [ 11454479.90800404548645, -364396.887224864098243 ], [ 11454482.891366397961974, -364397.645433151279576 ], [ 11454494.410707307979465, -364395.930544409377035 ], [ 11454497.552143337205052, -364395.462239299435169 ], [ 11454509.189482903108001, -364393.730625414522365 ], [ 11454554.665721284225583, -364367.241284837189596 ], [ 11454561.04466206394136, -364363.525619280175306 ], [ 11454601.119901392608881, -364339.662807190441526 ], [ 11454684.75501406006515, -364300.357651220168918 ], [ 11454684.766925245523453, -364300.476734420575667 ], [ 11454702.325459847226739, -364292.068323605170008 ], [ 11454729.820260878652334, -364279.027154086506926 ], [ 11454766.153829477727413, -364261.794660277839284 ], [ 11454766.156723786145449, -364261.800123830267694 ], [ 11454767.009097123518586, -364263.430492685525678 ], [ 11454831.225526502355933, -364228.796030933561269 ], [ 11454836.922190126031637, -364225.723619524913374 ], [ 11454868.480486527085304, -364312.843324572429992 ], [ 11454880.831495352089405, -364382.179323109914549 ], [ 11454910.899780370295048, -364445.322026627487503 ], [ 11454933.398451333865523, -364492.568579880113248 ], [ 11454944.678789297118783, -364516.257036528550088 ], [ 11454957.792336631566286, -364540.416033944231458 ], [ 11455018.653596552088857, -364652.540075477561913 ], [ 11455057.332110226154327, -364714.451062835461926 ], [ 11455061.055413236841559, -364711.6102267531096 ], [ 11455092.318824306130409, -364687.756371936353389 ], [ 11455117.751988369971514, -364654.614783411147073 ], [ 11455120.795463245362043, -364651.142627516121138 ], [ 11455126.076571207493544, -364645.118203136371449 ], [ 11455145.865725766867399, -364622.543618574389257 ], [ 11455154.617664134129882, -364612.559779760427773 ], [ 11455191.60245175845921, -364579.071444190863986 ], [ 11455190.646217327564955, -364577.551680120988749 ], [ 11455190.06401639059186, -364576.626218510093167 ], [ 11455228.478480234742165, -364533.646228980913293 ], [ 11455228.918860139325261, -364533.153504489164334 ], [ 11455245.331917185336351, -364514.789790443202946 ], [ 11455272.844863289967179, -364484.006728816370014 ], [ 11455283.685600582510233, -364471.877394477196503 ], [ 11455299.043571488931775, -364454.693931497400627 ], [ 11455319.660052506253123, -364431.627664890198503 ], [ 11455320.543372664600611, -364430.639317781489808 ], [ 11455324.58916823938489, -364426.112813046842348 ], [ 11455350.338479656726122, -364406.833133989421185 ], [ 11455373.115560663864017, -364389.779022411035839 ], [ 11455396.892735980451107, -364371.975959919684101 ], [ 11455429.544523743912578, -364347.527876390842721 ], [ 11455464.467563075944781, -364331.868095781654119 ], [ 11455478.192254412919283, -364325.713789778237697 ], [ 11455518.464306594803929, -364307.656180410471279 ], [ 11455547.321658197790384, -364294.71647508739261 ], [ 11455550.863844396546483, -364293.127584189292975 ], [ 11455615.322282344102859, -364260.215804946667049 ], [ 11455633.378303747624159, -364253.801147872232832 ], [ 11455649.063553957268596, -364248.228324250667356 ], [ 11455711.348701493814588, -364226.098709050973412 ], [ 11455741.684375923126936, -364209.638925544975791 ], [ 11455766.178560085594654, -364201.989509026752785 ], [ 11455766.559829339385033, -364201.870425937464461 ], [ 11455782.964982695877552, -364196.747177004173864 ], [ 11455782.970548674464226, -364196.744946988241281 ], [ 11455806.462300816550851, -364189.408514695765916 ], [ 11455812.440157467499375, -364187.541653275722638 ], [ 11455819.294098518788815, -364185.400833911669906 ], [ 11455822.540174869820476, -364184.387289752718061 ], [ 11455832.190461525693536, -364180.411163934390061 ], [ 11455886.986367676407099, -364157.831098193535581 ], [ 11455956.487578559666872, -364128.741611304634716 ], [ 11455984.516156546771526, -364123.040567828167696 ], [ 11455990.020571406930685, -364121.920986842305865 ], [ 11456008.833342710509896, -364118.094386002747342 ], [ 11456012.063834333792329, -364117.418690302583855 ], [ 11456015.889885235577822, -364116.024928568280302 ], [ 11456055.87506709434092, -364101.453540893795434 ], [ 11456122.633031761273742, -364077.125602975371294 ], [ 11456142.267563544213772, -364069.970032978511881 ], [ 11456158.767004512250423, -364063.957459019264206 ], [ 11456188.280584508553147, -364061.270064687298145 ], [ 11456245.559694539755583, -364041.906822889286559 ], [ 11456304.2709298171103, -364029.715096036961768 ], [ 11456311.12565010227263, -364028.843270874291193 ], [ 11456341.317165797576308, -364025.003181619569659 ], [ 11456343.506708860397339, -364024.724652500997763 ], [ 11456343.425668273121119, -364023.972244782140478 ], [ 11456411.916543453931808, -364023.179027765872888 ], [ 11456414.379041913896799, -364023.150483546953183 ], [ 11456420.045649271458387, -364023.084921052097343 ], [ 11456432.408457962796092, -364022.941753965627868 ], [ 11456466.800280684605241, -364022.543584449274931 ], [ 11456556.952258985489607, -364025.730613146908581 ], [ 11456557.826896220445633, -364025.761498884763569 ], [ 11456588.518904348835349, -364026.846513642871287 ], [ 11456669.425798937678337, -364039.038128689280711 ], [ 11456770.857002, -364085.54001867712941 ], [ 11456776.762055709958076, -364088.247260753531009 ], [ 11456799.191374629735947, -364374.106636247248389 ], [ 11456802.154142878949642, -364411.866076550155412 ], [ 11456803.638699607923627, -364430.786945443658624 ], [ 11456809.302635300904512, -364502.97365997324232 ], [ 11456812.119908971711993, -364538.879656695644371 ], [ 11456816.082994166761637, -364589.388780733395834 ], [ 11456817.096335487440228, -364589.412865036807489 ], [ 11456817.885813320055604, -364602.85458389116684 ], [ 11456817.964850157499313, -364604.201075097313151 ], [ 11456819.089177014306188, -364604.201075097313151 ], [ 11456818.416362009942532, -364607.345972846669611 ], [ 11456819.424693962559104, -364707.834896427753847 ], [ 11456820.93708056025207, -364867.910396964754909 ], [ 11456827.509160658344626, -364878.752710196946282 ], [ 11456829.507568158209324, -364882.049592490249779 ], [ 11456838.582110408693552, -364901.743470982008148 ], [ 11456849.673316551372409, -364941.131126890773885 ], [ 11456855.218919625505805, -364976.47908651427133 ], [ 11456866.104407353326678, -365069.156631246092729 ], [ 11456867.318457720801234, -365079.49319141235901 ], [ 11456878.409663865342736, -365125.445586947898846 ], [ 11456903.963052978739142, -365184.634738167980686 ], [ 11456908.543293423950672, -365248.961824554484338 ], [ 11456908.657841181382537, -365250.571245435217861 ], [ 11456911.220304537564516, -365286.560105735319667 ], [ 11456911.221417732536793, -365286.580176111427136 ], [ 11456912.524968972429633, -365304.887485587620176 ], [ 11456950.626291083171964, -365840.009994017891586 ], [ 11456950.794383514672518, -365847.305055857519619 ], [ 11456951.073795437812805, -365859.427069111028686 ], [ 11456961.012399574741721, -366291.130604671954643 ], [ 11456961.012399574741721, -366291.135064793750644 ], [ 11456970.85304256528616, -366718.642168159538414 ], [ 11456944.434701010584831, -366692.988551169866696 ], [ 11456924.408324612304568, -366694.198364326148294 ], [ 11456910.795064087957144, -366695.021260289591737 ], [ 11456891.567961633205414, -366709.846769100171514 ], [ 11456883.422714492306113, -366716.127763313241303 ], [ 11456843.387772822752595, -366760.486110325320624 ], [ 11456784.456347592175007, -366794.223754924139939 ], [ 11456740.291452817618847, -366802.596561922226101 ], [ 11456723.413191622123122, -366832.189628345600795 ], [ 11456725.632902272045612, -366838.563177516509313 ], [ 11456735.951105870306492, -366868.19416477472987 ], [ 11456760.277754191309214, -366885.904297653061803 ], [ 11456788.427113827317953, -366906.39868147613015 ], [ 11456834.623589314520359, -366931.891782366670668 ], [ 11456851.443964371457696, -366945.80633700027829 ], [ 11456857.70902531594038, -366950.987917326623574 ], [ 11456858.174340790137649, -366952.976029661658686 ], [ 11456862.079428525641561, -366969.640270473144483 ], [ 11456860.738028660416603, -366969.255582382495049 ], [ 11456860.50091814622283, -366969.187565064872615 ], [ 11456867.649855844676495, -366984.598505481320899 ], [ 11456871.892241638153791, -366993.741818225360475 ], [ 11456883.835709806531668, -367053.098661812604405 ], [ 11456884.91884845122695, -367079.811649122508243 ], [ 11456885.835007861256599, -367102.394537299405783 ], [ 11456872.979833060875535, -367110.529864164593164 ], [ 11456872.358670301735401, -367110.924588100984693 ], [ 11456866.999750016257167, -367112.977375586284325 ], [ 11456838.972841821610928, -367123.715205368353054 ], [ 11456818.348679758608341, -367143.678874216217082 ], [ 11456810.564664367586374, -367144.07850444392534 ], [ 11456780.352554567158222, -367145.629524672753178 ], [ 11456738.138533866032958, -367147.796715877833776 ], [ 11456711.371539663523436, -367149.204565054154955 ], [ 11456699.236824613064528, -367149.842813808121718 ], [ 11456684.466954572126269, -367150.619996514811646 ], [ 11456672.834067787975073, -367151.232153349614237 ], [ 11456630.951222566887736, -367154.716652680013794 ], [ 11456616.409557484090328, -367162.809611864970066 ], [ 11456605.37111677788198, -367168.952366756857373 ], [ 11456591.814629193395376, -367170.823403803340625 ], [ 11456569.855746438726783, -367173.854082471458241 ], [ 11456550.066480562090874, -367143.82828953943681 ], [ 11456534.510694917291403, -367113.785779143450782 ], [ 11456525.642316360026598, -367108.349627725896426 ], [ 11456520.43456794694066, -367105.157381655764766 ], [ 11456511.118017118424177, -367099.446373489976395 ], [ 11456506.83555630967021, -367099.226710761722643 ], [ 11456452.924640115350485, -367096.464758581365459 ], [ 11456414.033951489254832, -367094.277832191204652 ], [ 11456396.808484805747867, -367093.309197641036008 ], [ 11456386.925540413707495, -367092.753908130980562 ], [ 11456341.8611841481179, -367067.419105815002695 ], [ 11456341.744855282828212, -367067.136443441791926 ], [ 11456340.620083145797253, -367064.403148567362223 ], [ 11456317.775319883599877, -367000.33180559676839 ], [ 11456269.443959206342697, -366931.172806145390496 ], [ 11456270.862726116552949, -366930.297278664715122 ], [ 11456237.0961849745363, -366890.729063296457753 ], [ 11456187.973120074719191, -366893.18326009233715 ], [ 11456131.177915876731277, -366920.344453955360223 ], [ 11456121.366215957328677, -366925.366582737362478 ], [ 11456093.028726378455758, -366939.872106496128254 ], [ 11456073.178457420319319, -366950.91945400997065 ], [ 11456039.614295108243823, -366969.599014068138786 ], [ 11456025.150553675368428, -366969.568908038840163 ], [ 11456013.361819600686431, -366969.543262171326205 ], [ 11455994.199282452464104, -366974.460579601058271 ], [ 11455983.70630724914372, -366977.153396383218933 ], [ 11455965.052500179037452, -366988.197848508076277 ], [ 11455937.917261105030775, -367005.191030901274644 ], [ 11455918.343955038115382, -367019.203718103759456 ], [ 11455914.170587327331305, -367022.192021165974438 ], [ 11455889.562300693243742, -367046.011475542676635 ], [ 11455874.26032348535955, -367074.112684682011604 ], [ 11455873.498898172751069, -367074.111569642205723 ], [ 11455849.701017430052161, -367074.061392885807436 ], [ 11455830.315841300413013, -367061.736867591156624 ], [ 11455820.101164827123284, -367055.242881412792485 ], [ 11455801.534186953678727, -367024.511301211721729 ], [ 11455803.344241874292493, -366968.247588088968769 ], [ 11455801.716750923544168, -366958.042761430493556 ], [ 11455797.49328944273293, -366931.576226739794947 ], [ 11455782.902643783017993, -366923.92037911148509 ], [ 11455774.652756318449974, -366919.591803679533768 ], [ 11455750.087884286418557, -366922.950296502327546 ], [ 11455717.882042402401567, -366934.8176409737207 ], [ 11455702.645743703469634, -366931.375519978289958 ], [ 11455685.629446338862181, -366906.755493413074873 ], [ 11455647.7663479372859, -366851.972608795796987 ], [ 11455647.815328506752849, -366828.464291251963004 ], [ 11455647.840931992977858, -366816.166554099530913 ], [ 11455653.797637943178415, -366802.538580041204114 ], [ 11455676.355419557541609, -366786.994975599984173 ], [ 11455708.073682069778442, -366765.141385061724577 ], [ 11455717.286483127623796, -366754.05904391448712 ], [ 11455725.053244, -366744.716159531089943 ], [ 11455740.524426832795143, -366635.623351874761283 ], [ 11455733.993312310427427, -366625.245725444867276 ], [ 11455728.706749686971307, -366616.842825890344102 ], [ 11455715.543219907209277, -366610.181610586121678 ], [ 11455705.020188439637423, -366604.857321770396084 ], [ 11455679.589250767603517, -366616.739127691311296 ], [ 11455657.520161719992757, -366641.415956713317428 ], [ 11455653.433623211458325, -366644.475611831876449 ], [ 11455590.514733819290996, -366691.574686590698548 ], [ 11455571.814172558486462, -366724.783783431630582 ], [ 11455557.04207613132894, -366740.373095623974223 ], [ 11455555.68843112513423, -366741.800341256544925 ], [ 11455553.147007146850228, -366747.736791239876766 ], [ 11455545.477094233036041, -366765.650956462544855 ], [ 11455460.98114794306457, -366675.10227353341179 ], [ 11455461.079109096899629, -366627.890587273461279 ], [ 11455461.082448678091168, -366626.50794448814122 ], [ 11455460.178534410893917, -366622.095753075962421 ], [ 11455456.890156658366323, -366606.038143077632412 ], [ 11455456.552858598530293, -366605.788375401229132 ], [ 11455444.207527071237564, -366596.633944260480348 ], [ 11455439.579975839704275, -366597.258363413624465 ], [ 11455425.571531116962433, -366599.151691506966017 ], [ 11455391.512219714000821, -366622.666650713654235 ], [ 11455391.482831368222833, -366622.530951022868976 ], [ 11455391.054362650960684, -366622.973508197173942 ], [ 11455317.608990887179971, -366689.790518860449083 ], [ 11455247.570997420698404, -366753.50765872374177 ], [ 11455235.981859190389514, -366767.437689998769201 ], [ 11455239.072310894727707, -366791.42835925455438 ], [ 11455257.615021115168929, -366905.19087306613801 ], [ 11455256.069795267656446, -366911.38200631889049 ], [ 11455132.451281849294901, -366903.643089810095262 ], [ 11455072.187139676883817, -366900.547523356450256 ], [ 11455036.646833760663867, -366909.060387064702809 ], [ 11455025.057584220543504, -366919.121034876268823 ], [ 11454999.561302008107305, -366939.242221732682083 ], [ 11454970.974456772208214, -366979.484829400549643 ], [ 11454946.250731825828552, -367045.265960662683938 ], [ 11454933.888925012201071, -367083.186872375023086 ], [ 11454849.673726474866271, -367066.935067412501667 ], [ 11454800.226276580244303, -367072.352261135820299 ], [ 11454729.1456647682935, -367083.960709501174279 ], [ 11454681.243440721184015, -367101.760414464515634 ], [ 11454627.160313272848725, -367134.264036979933735 ], [ 11454510.49526053480804, -367207.784197199041955 ], [ 11454440.130989637225866, -367254.237567873089574 ], [ 11454444.213186686858535, -367256.866165095823817 ], [ 11454499.841539982706308, -367337.351513980422169 ], [ 11454566.286585569381714, -367461.175284626020584 ], [ 11454632.73151982948184, -367580.355815438670106 ], [ 11454675.998066317290068, -367756.804992036195472 ], [ 11454702.536187643185258, -367840.982289138250053 ], [ 11454759.440596263855696, -368021.479395618196577 ], [ 11454876.878317594528198, -368348.066775094077457 ], [ 11454909.368358131498098, -368417.223537074751221 ], [ 11454726.458412254229188, -368600.584820518037304 ], [ 11454403.151100074872375, -368823.788154633482918 ], [ 11454402.615542005747557, -368824.157907409593463 ], [ 11454402.501996122300625, -368824.071825035905931 ], [ 11453591.172485332936049, -368860.81974870263366 ], [ 11453503.071346014738083, -368638.259168813587166 ], [ 11453498.714746423065662, -368571.345645784866065 ], [ 11453533.083859968930483, -368451.580094519362319 ], [ 11453514.567977745085955, -368410.823024312849157 ], [ 11453493.772606307640672, -368366.006733751390129 ], [ 11453469.389185044914484, -368345.579317526775412 ], [ 11453427.556099642068148, -368311.934753369423561 ], [ 11453397.543585687875748, -368245.021316379541531 ], [ 11453398.081258829683065, -368209.476625385985244 ], [ 11453398.081258829683065, -368158.729242787812836 ], [ 11453399.198906518518925, -368135.593186138372403 ], [ 11453399.964005375280976, -368085.011310735426378 ], [ 11453411.232209509238601, -368068.971887164167129 ], [ 11453417.219528324902058, -368059.284007312438916 ], [ 11453369.058375149965286, -368012.114660965045914 ], [ 11453364.552384799346328, -368007.701410866575316 ], [ 11453363.393214942887425, -368006.566180103342049 ], [ 11453343.058706194162369, -367951.452028711617459 ], [ 11453314.351301955059171, -367865.186499169969466 ], [ 11453194.737173262983561, -367881.960374747461174 ], [ 11453130.742380989715457, -367784.543433855869807 ], [ 11453039.794357012957335, -367646.096604061080143 ], [ 11453013.589526241645217, -367604.849099509592634 ], [ 11453012.519634617492557, -367603.165048068680335 ], [ 11453005.670257668942213, -367599.596906324615702 ], [ 11453005.44439041800797, -367599.361854992224835 ], [ 11453005.395855121314526, -367599.311454991693608 ], [ 11453005.291994038969278, -367599.327177114493679 ], [ 11453181.612160015851259, -367516.409282212262042 ], [ 11453328.325794231146574, -367450.020619177899789 ], [ 11453332.277413513511419, -367448.317948876472656 ], [ 11453337.005931526422501, -367446.132688105979469 ], [ 11453361.91912224330008, -367435.545915377151687 ], [ 11453442.907280061393976, -367400.649658317735884 ], [ 11453546.384980648756027, -367343.978095134603791 ], [ 11453554.938881635665894, -367332.985122506332118 ], [ 11453672.266507986932993, -367172.864818989357445 ], [ 11453695.11527874879539, -367140.987056930141989 ], [ 11453721.96442673355341, -367103.019516817410477 ], [ 11453734.903313791379333, -367084.722615720005706 ], [ 11453755.334113892167807, -367084.446086019801442 ], [ 11453794.206100840121508, -367083.594976681109983 ], [ 11453852.762935983017087, -367073.926807683077641 ], [ 11453862.779686406254768, -367070.230341982794926 ], [ 11453887.881341027095914, -367060.731771559745539 ], [ 11453943.509694322943687, -367028.228170593618415 ], [ 11453954.428466577082872, -367020.416099408059381 ], [ 11453999.018824450671673, -366988.513069787994027 ], [ 11454003.001056592911482, -366985.663924386841245 ], [ 11454053.221175072714686, -366926.847910059790593 ], [ 11454068.202440824359655, -366911.541791174968239 ], [ 11454084.942999808117747, -366894.43823444028385 ], [ 11454130.482801616191864, -366847.910641449911054 ], [ 11454203.881307868286967, -366781.355680626351386 ], [ 11454204.091924345120788, -366781.280415690212976 ], [ 11454214.692768136039376, -366777.491634760983288 ], [ 11454199.203328907489777, -366726.977615771116689 ], [ 11454152.846442041918635, -366641.075425133865792 ], [ 11454070.949026620015502, -366557.495024300180376 ], [ 11454013.002890205010772, -366520.348125330870971 ], [ 11454002.975675752386451, -366516.432797006738838 ], [ 11453997.093887817114592, -366514.136162752110977 ], [ 11453982.062416972592473, -366508.29795968811959 ], [ 11453969.789999712258577, -366503.47466019919375 ], [ 11453967.418560596182942, -366502.54260390001582 ], [ 11453967.302565693855286, -366502.496999040653463 ], [ 11453966.886119477450848, -366412.426656471972819 ], [ 11453966.647339163348079, -366372.014880910166539 ], [ 11453966.645892012864351, -366371.760988134541549 ], [ 11453704.339879674836993, -366360.107232418959029 ], [ 11453704.006811756640673, -366360.092402494163252 ], [ 11453703.689439890906215, -366360.0783530959161 ], [ 11453583.428322320804, -366354.735343731299508 ], [ 11453561.762766424566507, -366352.648673294053879 ], [ 11453466.251422557979822, -366431.708355030394159 ], [ 11453455.216210113838315, -366440.842813494848087 ], [ 11453455.161774884909391, -366440.826534019375686 ], [ 11453429.092531256377697, -366433.003911350970156 ], [ 11453272.106223113834858, -366385.89658345998032 ], [ 11453266.697876973077655, -366386.670415727072395 ], [ 11453237.338474472984672, -366386.670415727072395 ], [ 11453237.240958599373698, -366386.685245655535255 ], [ 11453228.310686407610774, -366388.040567167452537 ], [ 11453211.842192260548472, -366390.539911655709147 ], [ 11453200.252942711114883, -366393.635463896032888 ], [ 11453190.981476282700896, -366409.113337892806157 ], [ 11453190.339942056685686, -366410.482374583021738 ], [ 11453185.456244677305222, -366420.903913230635226 ], [ 11453173.211323324590921, -366447.034032365772873 ], [ 11453166.718391388654709, -366453.357048454403412 ], [ 11453151.018892282620072, -366468.645598185248673 ], [ 11453145.397146673873067, -366474.120186912652571 ], [ 11453145.334473805502057, -366474.145275155315176 ], [ 11453134.451435104012489, -366478.505723162437789 ], [ 11453114.4925183262676, -366486.502517205197364 ], [ 11453075.156217776238918, -366499.636492770223413 ], [ 11453075.089092126116157, -366499.658681931323372 ], [ 11453073.017436403781176, -366499.574608427996282 ], [ 11453047.4865338280797, -366498.831215782905929 ], [ 11453047.044595448300242, -366498.890312539529987 ], [ 11453046.683586340397596, -366498.505180071108043 ], [ 11453036.215546704828739, -366487.337230982608162 ], [ 11452898.6702970713377, -366485.87988272763323 ], [ 11452868.333509447053075, -366485.558753198187333 ], [ 11452842.577518856152892, -366494.725440548965707 ], [ 11452825.52559925802052, -366500.79456628090702 ], [ 11452825.49888257868588, -366500.804601581592578 ], [ 11452825.318545006215572, -366500.868158475786913 ], [ 11452822.890889551490545, -366501.732197735924274 ], [ 11452809.846137663349509, -366506.375084762694314 ], [ 11452809.713110867887735, -366506.422473677142989 ], [ 11452772.259000279009342, -366519.753366496006493 ], [ 11452769.871419835835695, -366520.603133473836351 ], [ 11452756.663139617070556, -366522.038404521008488 ], [ 11452697.944557247683406, -366528.419183610996697 ], [ 11452689.465908231213689, -366540.658684147580061 ], [ 11452670.654584085568786, -366545.180926152155735 ], [ 11452647.328475339338183, -366548.195754263724666 ], [ 11452616.906528299674392, -366537.22571864357451 ], [ 11452600.395732745528221, -366539.020030729821883 ], [ 11452578.855188636109233, -366556.486364724929444 ], [ 11452558.677417738363147, -366552.065144314488862 ], [ 11452522.978147596120834, -366562.045588848006446 ], [ 11452518.101240701973438, -366564.323603027849458 ], [ 11452508.061335830017924, -366569.014550630759913 ], [ 11452497.940167728811502, -366573.743409585091285 ], [ 11452494.052891107276082, -366573.791356045694556 ], [ 11452476.126556912437081, -366574.01469735201681 ], [ 11452448.408782938495278, -366574.359911869629286 ], [ 11452443.413543423637748, -366582.865725856157951 ], [ 11452427.611964350566268, -366591.910101989458781 ], [ 11452408.591804832220078, -366593.321400716900826 ], [ 11452407.295823318883777, -366593.417516665882431 ], [ 11452390.816753817722201, -366575.077324730635155 ], [ 11452382.872549677267671, -366575.176228244672529 ], [ 11452384.57239830121398, -366560.070863916364033 ], [ 11452262.831176780164242, -366563.167312909499742 ], [ 11452264.183708596974611, -366575.669073263707105 ] ] ] ] } },
{ "type": "Feature", "properties": { "fid": 40363, "kdkab": "74", "kdkec": "022", "nmkab": "LUBUKLINGGAU", "nmkec": "LUBUK LINGGAU SELATAN II", "kdprov": "16", "nmprov": "SUMATERA SELATAN" }, "geometry": { "type": "MultiPolygon", "coordinates": [ [ [ [ 11457021.98208468593657, -366767.699277421168517 ], [ 11457015.159313093870878, -366761.262175275012851 ], [ 11457011.687258172780275, -366757.986199996026698 ], [ 11457009.922510288655758, -366756.321117024112027 ], [ 11456998.982364689931273, -366745.998450571612921 ], [ 11456998.685809571295977, -366745.710102341487072 ], [ 11456985.694045756012201, -366733.075299104908481 ], [ 11456970.85304256528616, -366718.642168159538414 ], [ 11456961.012399574741721, -366291.135064793750644 ], [ 11456961.012399574741721, -366291.130604671954643 ], [ 11456951.073795437812805, -365859.427069111028686 ], [ 11456950.794383514672518, -365847.305055857519619 ], [ 11456950.626291083171964, -365840.009994017891586 ], [ 11456912.524968972429633, -365304.887485587620176 ], [ 11456911.221417732536793, -365286.580176111427136 ], [ 11456911.220304537564516, -365286.560105735319667 ], [ 11456908.657841181382537, -365250.571245435217861 ], [ 11456908.543293423950672, -365248.961824554484338 ], [ 11456903.963052978739142, -365184.634738167980686 ], [ 11456878.409663865342736, -365125.445586947898846 ], [ 11456867.318457720801234, -365079.49319141235901 ], [ 11456866.104407353326678, -365069.156631246092729 ], [ 11456855.218919625505805, -364976.47908651427133 ], [ 11456849.673316551372409, -364941.131126890773885 ], [ 11456838.582110408693552, -364901.743470982008148 ], [ 11456829.507568158209324, -364882.049592490249779 ], [ 11456827.509160658344626, -364878.752710196946282 ], [ 11456820.93708056025207, -364867.910396964754909 ], [ 11456819.424693962559104, -364707.834896427753847 ], [ 11456818.416362009942532, -364607.345972846669611 ], [ 11456819.089177014306188, -364604.201075097313151 ], [ 11456817.964850157499313, -364604.201075097313151 ], [ 11456817.885813320055604, -364602.85458389116684 ], [ 11456817.096335487440228, -364589.412865036807489 ], [ 11456816.082994166761637, -364589.388780733395834 ], [ 11456812.119908971711993, -364538.879656695644371 ], [ 11456809.302635300904512, -364502.97365997324232 ], [ 11456803.638699607923627, -364430.786945443658624 ], [ 11456802.154142878949642, -364411.866076550155412 ], [ 11456799.191374629735947, -364374.106636247248389 ], [ 11456776.762055709958076, -364088.247260753531009 ], [ 11456770.857002, -364085.54001867712941 ], [ 11456669.425798937678337, -364039.038128689280711 ], [ 11456588.518904348835349, -364026.846513642871287 ], [ 11456557.826896220445633, -364025.761498884763569 ], [ 11456556.952258985489607, -364025.730613146908581 ], [ 11456466.800280684605241, -364022.543584449274931 ], [ 11456432.408457962796092, -364022.941753965627868 ], [ 11456420.045649271458387, -364023.084921052097343 ], [ 11456414.379041913896799, -364023.150483546953183 ], [ 11456411.916543453931808, -364023.179027765872888 ], [ 11456343.425668273121119, -364023.972244782140478 ], [ 11456343.506708860397339, -364024.724652500997763 ], [ 11456341.317165797576308, -364025.003181619569659 ], [ 11456311.12565010227263, -364028.843270874291193 ], [ 11456304.2709298171103, -364029.715096036961768 ], [ 11456245.559694539755583, -364041.906822889286559 ], [ 11456188.280584508553147, -364061.270064687298145 ], [ 11456158.767004512250423, -364063.957459019264206 ], [ 11456142.267563544213772, -364069.970032978511881 ], [ 11456122.633031761273742, -364077.125602975371294 ], [ 11456055.87506709434092, -364101.453540893795434 ], [ 11456015.889885235577822, -364116.024928568280302 ], [ 11456012.063834333792329, -364117.418690302583855 ], [ 11456008.833342710509896, -364118.094386002747342 ], [ 11455990.020571406930685, -364121.920986842305865 ], [ 11455984.516156546771526, -364123.040567828167696 ], [ 11455956.487578559666872, -364128.741611304634716 ], [ 11455886.986367676407099, -364157.831098193535581 ], [ 11455832.190461525693536, -364180.411163934390061 ], [ 11455822.540174869820476, -364184.387289752718061 ], [ 11455819.294098518788815, -364185.400833911669906 ], [ 11455812.440157467499375, -364187.541653275722638 ], [ 11455806.462300816550851, -364189.408514695765916 ], [ 11455782.970548674464226, -364196.744946988241281 ], [ 11455782.964982695877552, -364196.747177004173864 ], [ 11455766.559829339385033, -364201.870425937464461 ], [ 11455766.178560085594654, -364201.989509026752785 ], [ 11455741.684375923126936, -364209.638925544975791 ], [ 11455711.348701493814588, -364226.098709050973412 ], [ 11455649.063553957268596, -364248.228324250667356 ], [ 11455633.378303747624159, -364253.801147872232832 ], [ 11455615.322282344102859, -364260.215804946667049 ], [ 11455550.863844396546483, -364293.127584189292975 ], [ 11455547.321658197790384, -364294.71647508739261 ], [ 11455518.464306594803929, -364307.656180410471279 ], [ 11455478.192254412919283, -364325.713789778237697 ], [ 11455464.467563075944781, -364331.868095781654119 ], [ 11455429.544523743912578, -364347.527876390842721 ], [ 11455396.892735980451107, -364371.975959919684101 ], [ 11455373.115560663864017, -364389.779022411035839 ], [ 11455350.338479656726122, -364406.833133989421185 ], [ 11455324.58916823938489, -364426.112813046842348 ], [ 11455320.543372664600611, -364430.639317781489808 ], [ 11455319.660052506253123, -364431.627664890198503 ], [ 11455299.043571488931775, -364454.693931497400627 ], [ 11455283.685600582510233, -364471.877394477196503 ], [ 11455272.844863289967179, -364484.006728816370014 ], [ 11455245.331917185336351, -364514.789790443202946 ], [ 11455228.918860139325261, -364533.153504489164334 ], [ 11455228.478480234742165, -364533.646228980913293 ], [ 11455190.06401639059186, -364576.626218510093167 ], [ 11455190.646217327564955, -364577.551680120988749 ], [ 11455191.60245175845921, -364579.071444190863986 ], [ 11455154.617664134129882, -364612.559779760427773 ], [ 11455145.865725766867399, -364622.543618574389257 ], [ 11455126.076571207493544, -364645.118203136371449 ], [ 11455120.795463245362043, -364651.142627516121138 ], [ 11455117.751988369971514, -364654.614783411147073 ], [ 11455092.318824306130409, -364687.756371936353389 ], [ 11455061.055413236841559, -364711.6102267531096 ], [ 11455057.332110226154327, -364714.451062835461926 ], [ 11455018.653596552088857, -364652.540075477561913 ], [ 11454957.792336631566286, -364540.416033944231458 ], [ 11454944.678789297118783, -364516.257036528550088 ], [ 11454933.398451333865523, -364492.568579880113248 ], [ 11454910.899780370295048, -364445.322026627487503 ], [ 11454880.831495352089405, -364382.179323109914549 ], [ 11454868.480486527085304, -364312.843324572429992 ], [ 11454836.922190126031637, -364225.723619524913374 ], [ 11454839.564358234405518, -364224.298636142164469 ], [ 11455024.926227217540145, -364124.325616229325533 ], [ 11455077.240710601210594, -364096.110305248643272 ], [ 11455080.809502152726054, -364096.525980676116887 ], [ 11455093.476992290467024, -364098.001360846217722 ], [ 11455127.21414508856833, -364095.844375556684099 ], [ 11455150.184031452983618, -364091.530516620841809 ], [ 11455169.564977440983057, -364086.497699979925528 ], [ 11455194.688339361920953, -364081.464772065635771 ], [ 11455209.762445569038391, -364080.745814243680798 ], [ 11455221.519008308649063, -364081.923375289305113 ], [ 11455224.118652379140258, -364082.183729898533784 ], [ 11455231.263916529715061, -364084.898442457953934 ], [ 11455251.445472296327353, -364093.45636042021215 ], [ 11455264.12943771481514, -364098.816209571203217 ], [ 11455286.920990262180567, -364105.367000380705576 ], [ 11455293.207647187635303, -364106.766337032953743 ], [ 11455294.703558504581451, -364107.099278810783289 ], [ 11455298.053161980584264, -364108.067106883274391 ], [ 11455297.646511878818274, -364107.082553670858033 ], [ 11455285.209453094750643, -364076.977306781918742 ], [ 11455230.785131402313709, -363945.23762219940545 ], [ 11455220.302508914843202, -363919.863395280146506 ], [ 11455220.37119304202497, -363919.85882374731591 ], [ 11455239.452244317159057, -363918.589164799079299 ], [ 11455239.311091201379895, -363918.238829466979951 ], [ 11455048.972684381529689, -363445.887340466084424 ], [ 11455047.266713187098503, -363443.085338696197141 ], [ 11455043.327895643189549, -363436.615758827188984 ], [ 11455038.849957812577486, -363429.260755811235867 ], [ 11455038.606613403186202, -363428.861027399951126 ], [ 11454869.156529795378447, -362899.84842876897892 ], [ 11454771.58276972360909, -362595.230247410130687 ], [ 11454664.2511883713305, -362506.837217225169297 ], [ 11454619.87890538200736, -362470.294430250010919 ], [ 11454598.280475137755275, -362352.980167050089221 ], [ 11454572.86200524866581, -362214.916609047853854 ], [ 11454563.282963067293167, -362096.213670180353802 ], [ 11454557.36299254745245, -362022.849627925897948 ], [ 11454607.61149749904871, -361917.641585065925028 ], [ 11454645.171806884929538, -361839.00042682653293 ], [ 11454677.825153117999434, -361706.814364775607828 ], [ 11454785.433252088725567, -361271.192623817769345 ], [ 11454909.868405286222696, -360854.954210151219741 ], [ 11454969.504482896998525, -360655.470503060205374 ], [ 11455012.483825096860528, -360450.856042396451812 ], [ 11455113.979370826855302, -359967.655638946220279 ], [ 11455133.372339321300387, -359665.311213862034492 ], [ 11455138.609921358525753, -359583.643381099624094 ], [ 11455136.215439110994339, -359495.477599111502059 ], [ 11455127.523613272234797, -359175.554851540073287 ], [ 11455049.906098313629627, -358469.007719664892647 ], [ 11455002.679917542263865, -358039.122592112631537 ], [ 11454995.972918223589659, -357487.141517300333362 ], [ 11454995.874957069754601, -357479.026955874054693 ], [ 11454988.269609455019236, -357310.987206794554368 ], [ 11454952.782068986445665, -357199.785158164973836 ], [ 11454944.833857346326113, -357174.878491882409435 ], [ 11454919.009961869567633, -357132.696942659735214 ], [ 11454923.333610894158483, -357131.041256126598455 ], [ 11454923.703191604465246, -357130.899658695387188 ], [ 11454923.984829911962152, -357130.212855401448905 ], [ 11454924.435673853382468, -357129.116868983313907 ], [ 11454936.627607123926282, -357099.481645546096843 ], [ 11454938.29205615259707, -357095.435750952339731 ], [ 11454945.292604964226484, -357078.418310452485457 ], [ 11454963.728114517405629, -357033.607769621303305 ], [ 11454988.412098409608006, -356973.60843304276932 ], [ 11454990.322340868413448, -356968.965827647130936 ], [ 11455006.558288602158427, -356960.834579029527958 ], [ 11455036.656518563628197, -356945.761723018891644 ], [ 11455104.077502118423581, -356911.998042202438228 ], [ 11455097.45822256244719, -356903.071512225724291 ], [ 11455095.649503475055099, -356900.63236197642982 ], [ 11455102.969984505325556, -356902.757880115823355 ], [ 11455123.815561033785343, -356908.81043371517444 ], [ 11455132.142258945852518, -356911.227619853336364 ], [ 11455291.078661926090717, -356919.556209027650766 ], [ 11455433.468535792082548, -357070.343915964127518 ], [ 11455457.623752102255821, -357095.9239832116873 ], [ 11455727.423235960304737, -357304.508277986955363 ], [ 11455777.907292956486344, -357332.232543456484564 ], [ 11455822.241504676640034, -357356.579654410190415 ], [ 11456005.286703737452626, -357457.102702682546806 ], [ 11456394.353890029713511, -357641.930399186909199 ], [ 11456483.478500749915838, -357684.977334900875576 ], [ 11456743.717866741120815, -357810.673053208796773 ], [ 11456963.195374794304371, -357892.199127033527475 ], [ 11456981.973859690129757, -357899.175356056715827 ], [ 11457077.291952919214964, -357911.368538833106868 ], [ 11457159.526221122592688, -357921.887962727691047 ], [ 11457172.674166174605489, -357923.569304566190112 ], [ 11457266.833757465705276, -357904.158058489847463 ], [ 11457403.259133016690612, -357876.034614000760484 ], [ 11457570.179369876161218, -357868.373808542499319 ], [ 11457676.854945471510291, -357868.591669313376769 ], [ 11458055.000242566689849, -357869.363882051897235 ], [ 11458082.920618014410138, -357868.31951059657149 ], [ 11458085.223484316840768, -357868.233325143286493 ], [ 11458251.581557750701904, -357862.005227839457802 ], [ 11458460.374621069058776, -357854.188330679142382 ], [ 11458635.276465421542525, -357830.540296762192156 ], [ 11458689.564754690974951, -357815.317922788788565 ], [ 11458759.071531545370817, -357795.828648900846019 ], [ 11458821.02305456623435, -357778.457777156494558 ], [ 11458859.121816331520677, -357767.775361319887452 ], [ 11458859.474810436367989, -357775.704193191369995 ], [ 11458861.337964754551649, -357783.70984545518877 ], [ 11458862.77977479621768, -357796.707450066809542 ], [ 11458862.78022007457912, -357796.711463877640199 ], [ 11458854.820987801998854, -357796.789621655072551 ], [ 11458842.81718447431922, -357797.55469824525062 ], [ 11458823.829418927431107, -357799.522022140154149 ], [ 11458796.166080186143517, -357802.582328592718113 ], [ 11458781.56964591704309, -357804.315736694377847 ], [ 11458786.371189510449767, -357853.280986411322374 ], [ 11458795.101309260353446, -357907.273780676070601 ], [ 11458877.818370087072253, -357909.459747778717428 ], [ 11458882.183429958298802, -358009.794746319646947 ], [ 11458981.269353993237019, -358008.483231791236904 ], [ 11458989.508332142606378, -358000.395168990420643 ], [ 11459007.623130243271589, -358013.948042988020461 ], [ 11459022.900728479027748, -358058.541442871326581 ], [ 11459018.153842754662037, -358090.183156553888693 ], [ 11459000.691154232248664, -358089.235672210925259 ], [ 11458919.104654150083661, -358218.164303231984377 ], [ 11458917.912645043805242, -358221.208788644929882 ], [ 11458910.084213174879551, -358241.20276237570215 ], [ 11458882.874612675979733, -358310.696471024712082 ], [ 11458779.500884497538209, -358290.80015484575415 ], [ 11458726.183969100937247, -358307.63302902970463 ], [ 11458656.830256547778845, -358329.529014824307524 ], [ 11458612.701540604233742, -358343.461123330693226 ], [ 11458502.005550282076001, -358343.461123330693226 ], [ 11458498.480395963415504, -358343.461123330693226 ], [ 11458459.190626969560981, -358386.39036253571976 ], [ 11458439.886714071035385, -358407.482370948942844 ], [ 11458438.650177164003253, -358408.83347090909956 ], [ 11458452.757918871939182, -358440.06821266451152 ], [ 11458473.097882268950343, -358485.101294456981122 ], [ 11458567.038396801799536, -358526.345668549183756 ], [ 11458605.449409738183022, -358543.210019342426676 ], [ 11458718.805935895070434, -358627.911341560946312 ], [ 11458719.670665698125958, -358628.557458033261355 ], [ 11458722.590019343420863, -358639.417790106846951 ], [ 11458732.361978208646178, -358675.770910119987093 ], [ 11458732.363202722743154, -358675.774923961958848 ], [ 11458761.370501669123769, -358772.013802843051963 ], [ 11458771.886965284124017, -358873.833013971336186 ], [ 11458772.248753631487489, -358877.336321980168577 ], [ 11458772.140217131003737, -358877.515941640769597 ], [ 11458655.719955943524837, -359070.167053396755364 ], [ 11458647.149245709180832, -359084.349895703024231 ], [ 11458640.446921810507774, -359128.463725595036522 ], [ 11458634.458044525235891, -359167.881693881121464 ], [ 11458687.036021139472723, -359285.916033532994334 ], [ 11458688.987229174003005, -359288.095894879545085 ], [ 11458781.313945043832064, -359391.239029924443457 ], [ 11458799.466814409941435, -359396.833354843896814 ], [ 11458946.300117071717978, -359442.084568691032473 ], [ 11458949.926238164305687, -359554.6713672655751 ], [ 11458951.464116927236319, -359555.156042204063851 ], [ 11459159.938583871349692, -359620.864246472367086 ], [ 11459168.086280042305589, -359623.432345039211214 ], [ 11459168.10787602327764, -359623.620439607824665 ], [ 11459168.596011985093355, -359627.873138710332569 ], [ 11459195.967137064784765, -359633.688461375655606 ], [ 11459198.334457354620099, -359634.191422074683942 ], [ 11459200.125142684206367, -359634.571848127408884 ], [ 11459206.804534770548344, -359768.371627413027454 ], [ 11459209.190334094688296, -359816.163775965920649 ], [ 11459213.202065907418728, -359825.985853162535932 ], [ 11459225.507656376808882, -359856.114045879570767 ], [ 11459252.700224991887808, -359865.192666373332031 ], [ 11459263.254871187731624, -359868.716520433488768 ], [ 11459275.277710156515241, -359868.84005880827317 ], [ 11459290.104019178077579, -359868.992363345634658 ], [ 11459444.944421492516994, -359870.582975693396293 ], [ 11459451.650752894580364, -359870.582975693396293 ], [ 11459452.599306274205446, -359870.582975693396293 ], [ 11459510.379020057618618, -359873.921745341969654 ], [ 11459585.284124299883842, -359878.250048635352869 ], [ 11459589.00865182466805, -359878.666488954157103 ], [ 11459589.566473791375756, -359880.93087623937754 ], [ 11459704.337536714971066, -359869.982900286035147 ], [ 11459867.441296149045229, -359876.89469429088058 ], [ 11459864.65519193559885, -359963.328224204131402 ], [ 11459869.89166078530252, -359984.545959934592247 ], [ 11459900.120579827576876, -360031.987876567989588 ], [ 11459888.372366048395634, -360077.034412941080518 ], [ 11459828.216649059206247, -360152.906764111365192 ], [ 11459826.474499026313424, -360155.10414718784159 ], [ 11459823.809399096295238, -360158.46544762753183 ], [ 11459831.95364436134696, -360175.832558420370333 ], [ 11459907.493047060444951, -360336.914887604070827 ], [ 11459907.208959724754095, -360337.334451531874947 ], [ 11459871.76650364883244, -360380.722253713349346 ], [ 11459744.035736924037337, -360537.086862871132325 ], [ 11459847.062370931729674, -360542.486347003956325 ], [ 11459908.002222411334515, -360545.680189878621604 ], [ 11459937.288710650056601, -360547.215063048119191 ], [ 11459937.292718155309558, -360547.21528604690684 ], [ 11460361.718536950647831, -360569.45913062908221 ], [ 11460356.192748745903373, -360571.243535348854493 ], [ 11460369.485631782561541, -360568.451639947714284 ], [ 11460335.54699070379138, -360592.971708990458865 ], [ 11460200.838606979697943, -360690.298092039243784 ], [ 11460133.257768630981445, -360739.1251049839193 ], [ 11460054.036696413531899, -360796.362183025281411 ], [ 11460044.980855835601687, -360802.904864964017179 ], [ 11459971.567766726016998, -360836.972642708278727 ], [ 11459968.123319046571851, -360838.571073518192861 ], [ 11459971.567766726016998, -360846.616412315284833 ], [ 11460030.038440583273768, -360983.188235933601391 ], [ 11460102.760013015940785, -361153.046720361046027 ], [ 11460102.7616828083992, -361153.050734284624923 ], [ 11460102.997680133208632, -361153.601757388270926 ], [ 11460121.615419689565897, -361197.087991586420685 ], [ 11460183.560820132493973, -361341.776526571949944 ], [ 11460250.711519969627261, -361498.623471463972237 ], [ 11460268.110199777409434, -361539.262281666393392 ], [ 11460294.197143213823438, -361600.194935570703819 ], [ 11460295.433234833180904, -361603.082076188817155 ], [ 11460038.841140640899539, -361591.573653608444147 ], [ 11459966.059789642691612, -361588.309314108104445 ], [ 11459844.71263911947608, -361582.867076009046286 ], [ 11459659.661240197718143, -361574.567691291915253 ], [ 11459645.600363994017243, -361573.937056268448941 ], [ 11459642.931701840832829, -361573.817418468941469 ], [ 11459631.978086587041616, -361564.841016105841845 ], [ 11459551.175609678030014, -361498.623471463972237 ], [ 11459542.049081228673458, -361491.144274670106824 ], [ 11459508.311928430572152, -361486.830515824782196 ], [ 11459476.72813986428082, -361487.549457040149719 ], [ 11459447.297938164323568, -361487.549457040149719 ], [ 11459422.174464926123619, -361489.706392204505391 ], [ 11459387.719524055719376, -361498.334021777787711 ], [ 11459386.780321508646011, -361498.623471463972237 ], [ 11459350.393319554626942, -361509.837417401955463 ], [ 11459324.552169561386108, -361514.151177128253039 ], [ 11459277.176598025485873, -361524.216691461508162 ], [ 11459119.975888546556234, -361563.040762889722828 ], [ 11459049.716146659106016, -361550.474224681209307 ], [ 11459049.630430646240711, -361550.458949398424011 ], [ 11459046.766736745834351, -361552.653349230182357 ], [ 11458940.640300201252103, -361633.979079132259358 ], [ 11458941.189550569280982, -361648.954997441091109 ], [ 11458946.496595969423652, -361793.657715619774535 ], [ 11458931.08931053057313, -361800.702756807440892 ], [ 11458907.280965758487582, -361811.589261300629005 ], [ 11458869.062424216419458, -361829.06500328949187 ], [ 11458861.395516930148005, -361834.876425389316864 ], [ 11458851.950280772522092, -361836.88975691946689 ], [ 11458847.659693643450737, -361837.80426904221531 ], [ 11458751.20981514826417, -361858.363288463151548 ], [ 11458528.178543677553535, -361905.904000409413129 ], [ 11458395.022064972668886, -361934.287235179624986 ], [ 11458370.082714173942804, -361942.028818036545999 ], [ 11458370.078817987814546, -361942.030044522893149 ], [ 11458327.128752812743187, -361955.362511631508823 ], [ 11458323.468901919201016, -361956.498572811949998 ], [ 11458323.317618729546666, -361956.676078893942758 ], [ 11458199.401770956814289, -362102.190904993272852 ], [ 11458184.136974461376667, -362127.386210946773645 ], [ 11458182.783329453319311, -362129.620427154412027 ], [ 11458179.590686455368996, -362133.96777181775542 ], [ 11458123.460504895076156, -362210.398444713733625 ], [ 11458099.455903857946396, -362243.084840073017403 ], [ 11458086.779062882065773, -362259.851737871009391 ], [ 11458028.620751515030861, -362336.774542172264773 ], [ 11458027.997585007920861, -362337.598744036513381 ], [ 11458026.256659489125013, -362337.017498865316156 ], [ 11458007.241843305528164, -362330.668959352362435 ], [ 11457986.021676696836948, -362323.584191266214475 ], [ 11457980.08088942989707, -362321.60073280450888 ], [ 11457979.04561816714704, -362321.25508542638272 ], [ 11457901.939504949375987, -362421.122245610342361 ], [ 11457771.758373595774174, -362589.731876383419149 ], [ 11457768.733489075675607, -362593.649631569394842 ], [ 11457763.303992224857211, -362649.392890342336614 ], [ 11457765.683112388476729, -362655.891972170677036 ], [ 11457765.842855857685208, -362656.328269658784848 ], [ 11457777.828736748546362, -362689.070098509953823 ], [ 11457786.246494, -362712.0646465770551 ], [ 11457787.334642024710774, -362715.037112891790457 ], [ 11457790.310657294467092, -362723.166767964255996 ], [ 11457794.49315320327878, -362734.59201617713552 ], [ 11457816.857350219041109, -362795.683981780835893 ], [ 11457817.685455910861492, -362797.946086187730543 ], [ 11457701.651250723749399, -362915.984113052778412 ], [ 11457693.699254216626287, -362918.156351082259789 ], [ 11457677.75863709487021, -362922.510862252791412 ], [ 11457661.764475299045444, -362926.879980057943612 ], [ 11457662.297695659101009, -362929.911881431413349 ], [ 11457664.996302753686905, -362945.257817147765309 ], [ 11457667.196087215095758, -362951.275683058542199 ], [ 11457697.497920524328947, -363094.635166034684516 ], [ 11457703.289205715060234, -363122.034268093877472 ], [ 11457720.538828730583191, -363242.977435723936651 ], [ 11457728.318725302815437, -363243.3606614653836 ], [ 11457774.805410696193576, -363245.650984410720412 ], [ 11457792.114812279120088, -363246.503848461841699 ], [ 11457793.900376910343766, -363246.591933519404847 ], [ 11457812.372733211144805, -363248.523114798066672 ], [ 11457885.311489969491959, -363256.151281156053301 ], [ 11457889.282590167596936, -363256.553350453614257 ], [ 11457889.288378782570362, -363256.570521462184843 ], [ 11457893.639968993142247, -363256.879153691115789 ], [ 11457960.598308751359582, -363258.743992594827432 ], [ 11457979.104394856840372, -363259.193337932054419 ], [ 11457979.279834371060133, -363259.240167973330244 ], [ 11458011.330719524994493, -363260.090133124613203 ], [ 11458030.984175624325871, -363260.626448540424462 ], [ 11458045.914902325719595, -363262.731235694547649 ], [ 11458069.986072421073914, -363266.124517944816034 ], [ 11458087.944466631859541, -363268.656127562047914 ], [ 11458128.491144, -363274.372180051344912 ], [ 11458129.26370126567781, -363274.954099076159764 ], [ 11458183.368313373997808, -363315.713079840526916 ], [ 11458214.123662294819951, -363338.880581603851169 ], [ 11458216.949841525405645, -363339.835469020297751 ], [ 11458278.345323683694005, -363360.579296200885437 ], [ 11458279.300333593040705, -363360.901977736968547 ], [ 11458279.663012493401766, -363361.024516445235349 ], [ 11458280.293748734518886, -363360.901977736968547 ], [ 11458300.358864311128855, -363357.0038197930553 ], [ 11458301.832845686003566, -363356.717487323447131 ], [ 11458342.663610395044088, -363348.785030144150369 ], [ 11458348.637682186439633, -363347.62442483974155 ], [ 11458372.180641297250986, -363347.672369914129376 ], [ 11458387.619875432923436, -363367.183786912239157 ], [ 11458392.308318428695202, -363373.108907298999839 ], [ 11458402.74452068656683, -363399.217796809156425 ], [ 11458420.751561520621181, -363444.271701551449951 ], [ 11458421.050454348325729, -363445.089110029104631 ], [ 11458437.475088618695736, -363490.015811357938219 ], [ 11458444.294965904206038, -363494.36621922487393 ], [ 11458504.057502452284098, -363532.488519314909354 ], [ 11458506.296582689508796, -363533.916838902747259 ], [ 11458512.0266421623528, -363537.572043708059937 ], [ 11458531.026430208235979, -363549.692022225935943 ], [ 11458546.640547268092632, -363559.652239592454862 ], [ 11458639.275061532855034, -363587.154927710129414 ], [ 11458639.200811432674527, -363587.713098769250792 ], [ 11458638.810859255492687, -363590.646005647198763 ], [ 11458638.697313373908401, -363591.509018862328958 ], [ 11458663.722825456410646, -363598.533210775291082 ], [ 11458698.338066400960088, -363608.24913504102733 ], [ 11458780.244498698040843, -363631.238854064780753 ], [ 11458792.38722875341773, -363631.73280108202016 ], [ 11458803.44014099240303, -363632.181032916065305 ], [ 11458803.211490759626031, -363636.483166608493775 ], [ 11458814.855064215138555, -363635.111041945638135 ], [ 11458818.133979817852378, -363635.111041945638135 ], [ 11458872.87222246825695, -363635.111041945638135 ], [ 11458881.969362575560808, -363632.721029627136886 ], [ 11458983.467357335612178, -363606.055364050029311 ], [ 11459063.240908190608025, -363596.975438380672131 ], [ 11459065.848233306780457, -363590.346181033703033 ], [ 11459067.604966191574931, -363585.879586010996718 ], [ 11459071.435247227549553, -363576.140806104289368 ], [ 11459086.81036133877933, -363537.047992009960581 ], [ 11459102.805525010451674, -363503.225700427428819 ], [ 11459103.12768361531198, -363502.544433430419303 ], [ 11459103.557042894884944, -363502.290324184810743 ], [ 11459136.088494287803769, -363483.035891872539651 ], [ 11459143.014459045603871, -363478.936694628675468 ], [ 11459146.143649933859706, -363478.606765227217693 ], [ 11459177.462164150550961, -363475.304683794325683 ], [ 11459185.960182761773467, -363471.376193787727971 ], [ 11459197.559339743107557, -363466.014033170416951 ], [ 11459213.401884393766522, -363458.690248297119979 ], [ 11459224.601070445030928, -363453.51295575191034 ], [ 11459228.424894949421287, -363450.01597257272806 ], [ 11459266.300906416028738, -363415.377302500011865 ], [ 11459296.452681055292487, -363441.802974118210841 ], [ 11459309.813802937045693, -363453.51295575191034 ], [ 11459349.700578363612294, -363473.488678414956667 ], [ 11459353.620471591129899, -363474.916439748718403 ], [ 11459378.112429359927773, -363483.837133081804495 ], [ 11459389.58735379204154, -363488.016610730264802 ], [ 11459393.46082679182291, -363488.201366747147404 ], [ 11459427.661068672314286, -363489.832504839752801 ], [ 11459432.875162299722433, -363491.324713561043609 ], [ 11459438.752052178606391, -363493.006584339542314 ], [ 11459438.015562426298857, -363491.604913852293976 ], [ 11459439.483755191788077, -363491.709947155148257 ], [ 11459439.749697452411056, -363491.729013704112731 ], [ 11459439.483755191788077, -363490.963229537766892 ], [ 11459426.622457820922136, -363453.927067786979023 ], [ 11459425.848008126020432, -363451.696950732031837 ], [ 11459426.622457820922136, -363451.530703815980814 ], [ 11459426.716968068853021, -363451.510410770948511 ], [ 11459527.378062894567847, -363429.905227280862164 ], [ 11459570.525274889543653, -363409.958725444274023 ], [ 11459574.516969189047813, -363408.113396568514872 ], [ 11459574.667361818253994, -363408.144616633246187 ], [ 11459575.444149231538177, -363408.305622972548008 ], [ 11459576.142456397414207, -363407.498584282991942 ], [ 11459577.415172135457397, -363406.027561726106796 ], [ 11459580.409332478418946, -363405.389445903012529 ], [ 11459603.981123330071568, -363406.027561726106796 ], [ 11459660.433018228039145, -363407.555783905903809 ], [ 11459679.895227439701557, -363408.082622506364714 ], [ 11459681.032801315188408, -363408.113396568514872 ], [ 11459693.685708601027727, -363387.939438178902492 ], [ 11459699.236209729686379, -363379.089555102807935 ], [ 11459699.562041880562901, -363379.096468118426856 ], [ 11459699.56760785356164, -363379.096468118426856 ], [ 11459704.904264243319631, -363371.074028697621543 ], [ 11459710.462557734921575, -363362.717758287326433 ], [ 11459710.750763898715377, -363362.284468556987122 ], [ 11459713.508147684857249, -363360.022129770775791 ], [ 11459747.809022381901741, -363331.887291515129618 ], [ 11459813.360617730766535, -363327.580040515167639 ], [ 11459843.08180857822299, -363325.627672847942449 ], [ 11459922.725338269025087, -363320.396085876214784 ], [ 11459953.534120535477996, -363323.11780447117053 ], [ 11459979.90771166048944, -363325.448269107029773 ], [ 11459981.572160683572292, -363325.59533780394122 ], [ 11460035.427417136728764, -363305.390397229115479 ], [ 11460052.668579867109656, -363303.423534932837356 ], [ 11460065.179777441546321, -363301.996333295246586 ], [ 11460079.160392288118601, -363300.400766470760573 ], [ 11460094.847534934058785, -363302.58728396956576 ], [ 11460116.146293101832271, -363305.556532423244789 ], [ 11460169.04420193657279, -363333.0803432019311 ], [ 11460173.429076677188277, -363335.362751476583071 ], [ 11460174.943021750077605, -363336.149942612333689 ], [ 11460205.168489890173078, -363345.782441991788801 ], [ 11460328.402505787089467, -363385.053924196225125 ], [ 11460326.936428094282746, -363448.55108197114896 ], [ 11460324.661057699471712, -363547.115137105982285 ], [ 11460309.086236421018839, -363812.018033276079223 ], [ 11460309.082785522565246, -363812.077128609002102 ], [ 11460289.784104634076357, -363824.963815291062929 ], [ 11460289.845886956900358, -363825.198747157293838 ], [ 11460193.382872762158513, -363897.110667514440138 ], [ 11460192.282479595392942, -363897.930978317395784 ], [ 11460186.167922606691718, -363902.489350879215635 ], [ 11460185.893074784427881, -363902.959437942947261 ], [ 11460127.061837093904614, -364003.588665383751504 ], [ 11460121.756906758993864, -364012.662602990167215 ], [ 11460121.282129133120179, -364014.009087080892641 ], [ 11460120.459923375397921, -364016.340904103417415 ], [ 11460102.929107323288918, -364066.061926766764373 ], [ 11460095.794307202100754, -364103.580421030463185 ], [ 11460095.562428699806333, -364103.822155042318627 ], [ 11460047.712970096617937, -364153.708684039651416 ], [ 11459994.658546064049006, -364209.021878834755626 ], [ 11459850.791907832026482, -364359.01383541605901 ], [ 11459698.336636926978827, -364517.960107973485719 ], [ 11459698.229992849752307, -364518.071386305906344 ], [ 11459698.539572356268764, -364518.347017617546953 ], [ 11459718.560271458700299, -364536.172180699184537 ], [ 11459726.15214940905571, -364542.614729318825994 ], [ 11459726.10906876809895, -364542.893259727570694 ], [ 11459711.249475214630365, -364639.074823831033427 ], [ 11459713.652863023802638, -364659.769496750494 ], [ 11459716.81734219007194, -364687.001506728003733 ], [ 11459716.826581705361605, -364687.08067279815441 ], [ 11459688.177063595503569, -364707.942606906464789 ], [ 11459674.453930728137493, -364717.935374371299986 ], [ 11459661.988374151289463, -364727.011600004567299 ], [ 11459646.215515498071909, -364737.205071981123183 ], [ 11459550.144568555057049, -364799.292501850053668 ], [ 11459490.843562619760633, -364842.459247415768914 ], [ 11459462.326848661527038, -364863.21639897453133 ], [ 11459460.373191598802805, -364865.26691495947307 ], [ 11459417.343755625188351, -364910.415071777708363 ], [ 11459414.978216441348195, -364914.702313425717875 ], [ 11459408.842508750036359, -364925.825727099901997 ], [ 11459398.595104346051812, -364922.216304124158341 ], [ 11459386.70395634137094, -364922.017831022909377 ], [ 11459366.686930784955621, -364926.385131367482245 ], [ 11459283.646375514566898, -364976.410178403486498 ], [ 11459282.401823606342077, -364977.426740291062742 ], [ 11459273.882431657984853, -364984.386013735143933 ], [ 11459263.23305257037282, -364993.085161901137326 ], [ 11459251.743322649970651, -365009.791145401482936 ], [ 11459231.321094145998359, -365013.019011932134163 ], [ 11459178.052491413429379, -365027.621293027186766 ], [ 11459149.363232241943479, -365049.189097614958882 ], [ 11459148.283989783376455, -365050.000496725435369 ], [ 11459148.229220589622855, -365050.041640917945188 ], [ 11459140.414258377626538, -365055.917120642377995 ], [ 11459138.783427840098739, -365064.037802607868798 ], [ 11459137.730345457792282, -365069.286196440807544 ], [ 11459136.195249676704407, -365076.927421219239477 ], [ 11459126.371304616332054, -365086.119638027041219 ], [ 11459120.506993839517236, -365091.606646989996079 ], [ 11459112.150239668786526, -365094.74208080797689 ], [ 11459108.016946975141764, -365094.355169159651268 ], [ 11459100.668747385963798, -365093.668317365867551 ], [ 11459095.228563871234655, -365088.491283607145306 ], [ 11459082.956703202798963, -365076.81703433545772 ], [ 11459074.046579841524363, -365056.973154919687659 ], [ 11459073.317548498511314, -365055.349576098727994 ], [ 11459067.369748102501035, -365042.104269034229219 ], [ 11459066.385683806613088, -365012.67670130438637 ], [ 11459063.697318103164434, -365009.604825842252467 ], [ 11459060.621560569852591, -365006.090288209088612 ], [ 11459045.8861995767802, -364989.250168584287167 ], [ 11459042.433068973943591, -364985.304119602427818 ], [ 11459028.51980241574347, -364985.275352136406582 ], [ 11459026.193336378782988, -364985.270557558746077 ], [ 11459007.98413934931159, -364985.232758446945809 ], [ 11459003.366606872528791, -364990.729797612759285 ], [ 11458974.49812332354486, -365025.098006231011823 ], [ 11458911.003712164238095, -365066.56666537723504 ], [ 11458881.46731167472899, -365085.85760854795808 ], [ 11458863.357856908813119, -365091.083703026466537 ], [ 11458858.21790206246078, -365092.567012967658229 ], [ 11458787.461341282352805, -365112.986025683407206 ], [ 11458744.672355411574244, -365107.642853156081401 ], [ 11458743.578084820881486, -365107.695259066007566 ], [ 11458733.355615979060531, -365105.665923989785369 ], [ 11458693.875156695023179, -365097.828565369767603 ], [ 11458683.83736689016223, -365095.835914602095727 ], [ 11458683.793952284380794, -365095.599530542152934 ], [ 11458683.709349473938346, -365095.147947779216338 ], [ 11458659.576397068798542, -365124.758400454069488 ], [ 11458647.915346449241042, -365139.065215976093896 ], [ 11458626.218398451805115, -365165.685197003127541 ], [ 11458607.005767539143562, -365191.134413245366886 ], [ 11458550.9664226770401, -365265.36578722903505 ], [ 11458529.566363766789436, -365297.696936750726309 ], [ 11458502.374351751059294, -365338.779899795365054 ], [ 11458490.919576149433851, -365356.085036270436831 ], [ 11458465.937256027013063, -365381.632417919521686 ], [ 11458446.153556121513247, -365401.863379327754956 ], [ 11458385.319680795073509, -365441.311757590563502 ], [ 11458356.670496640726924, -365470.033628941804636 ], [ 11458355.375850966200233, -365472.351761589932721 ], [ 11458331.415221126750112, -365515.254953132069204 ], [ 11458319.756953496485949, -365536.129976413038094 ], [ 11458318.68605999276042, -365536.642887256864924 ], [ 11458315.85743173584342, -365537.996525879309047 ], [ 11458305.557039249688387, -365561.310556495387573 ], [ 11458243.174709806218743, -365658.319901141978335 ], [ 11458240.162404380738735, -365660.836512124165893 ], [ 11458221.695614060387015, -365676.263996552152093 ], [ 11458156.587070282548666, -365720.131317592749838 ], [ 11458136.521732063964009, -365733.651001511781942 ], [ 11458123.783442731946707, -365736.572368483350147 ], [ 11458065.039034249261022, -365750.045223313383758 ], [ 11458059.493097215890884, -365750.029612953658216 ], [ 11458047.379310229793191, -365749.995047161006369 ], [ 11458031.416095249354839, -365749.971631621592678 ], [ 11458017.15161569789052, -365749.951561155437957 ], [ 11457997.842136826366186, -365742.716159569390584 ], [ 11457988.889823375269771, -365742.906828952545766 ], [ 11457967.106825416907668, -365743.37179464584915 ], [ 11457953.462395433336496, -365748.735068112320732 ], [ 11457947.077109437435865, -365751.244990984443575 ], [ 11457945.65110676176846, -365754.100571896822657 ], [ 11457932.723574297502637, -365779.997047959303018 ], [ 11457925.323054544627666, -365808.202749466116074 ], [ 11457924.798739746212959, -365810.200876599992625 ], [ 11457924.967945374548435, -365815.650010320649017 ], [ 11457925.468883080407977, -365831.788903121312615 ], [ 11457928.086004309356213, -365844.210299343976658 ], [ 11457929.715721657499671, -365851.945239503402263 ], [ 11457927.543878389522433, -365865.61212297185557 ], [ 11457923.70446915179491, -365871.768186478409916 ], [ 11457909.615874394774437, -365894.357519316312391 ], [ 11457889.156465182080865, -365905.683965737756807 ], [ 11457882.423862379044294, -365909.410386927891523 ], [ 11457823.079441837966442, -365919.360891052754596 ], [ 11457818.96284706890583, -365917.756366628862452 ], [ 11457810.868806894868612, -365914.603069211880211 ], [ 11457810.875486062839627, -365914.70230664947303 ], [ 11457810.967881238088012, -365916.096090859617107 ], [ 11457718.758607430383563, -365903.312302763864864 ], [ 11457700.891829159110785, -365902.556314290501177 ], [ 11457669.466336909681559, -365890.977872060611844 ], [ 11457639.436791069805622, -365883.892989959567785 ], [ 11457629.460338305681944, -365881.539167883805931 ], [ 11457611.582428082823753, -365885.819756719982252 ], [ 11457579.373246617615223, -365908.057858818559907 ], [ 11457570.875116694718599, -365922.70262823899975 ], [ 11457568.918008726090193, -365926.075140281638596 ], [ 11457566.806389305740595, -365929.713920993614011 ], [ 11457564.356247313320637, -365933.936530254606623 ], [ 11457561.440789844840765, -365938.961959542997647 ], [ 11457560.673798559233546, -365964.143745752749965 ], [ 11457569.166362509131432, -366005.17677835264476 ], [ 11457572.513739595189691, -366010.818821519496851 ], [ 11457594.80769401602447, -366048.403087516024243 ], [ 11457634.037795767188072, -366088.060205281944945 ], [ 11457639.112851355224848, -366091.219082752009854 ], [ 11457661.877687221392989, -366105.387758782773744 ], [ 11457662.587905572727323, -366106.668927423364948 ], [ 11457678.255010707303882, -366134.923773029062431 ], [ 11457678.469857323914766, -366140.619344196282327 ], [ 11457678.932946404442191, -366152.913661503000185 ], [ 11457666.975006705150008, -366184.815782145480625 ], [ 11457664.682938385754824, -366190.928377135656774 ], [ 11457664.396847294643521, -366191.323097797692753 ], [ 11457629.363490348681808, -366239.60614302335307 ], [ 11457616.692549312487245, -366245.163009738782421 ], [ 11457576.496750976890326, -366262.790977030992508 ], [ 11457566.973368540406227, -366263.303891217277851 ], [ 11457535.428764430806041, -366265.002083222731017 ], [ 11457526.862729616463184, -366265.462590970797464 ], [ 11457525.029297603294253, -366265.561828721256461 ], [ 11457517.626440146937966, -366269.799838153121527 ], [ 11457510.287257436662912, -366274.001497734920122 ], [ 11457494.974148284643888, -366282.767871491611004 ], [ 11457490.37331373244524, -366299.746450559236109 ], [ 11457478.408694861456752, -366343.895005393191241 ], [ 11457462.390933331102133, -366384.524536492710467 ], [ 11457447.51197019033134, -366422.261688230501022 ], [ 11457430.553558962419629, -366447.944233561342116 ], [ 11457419.067502584308386, -366465.338187605142593 ], [ 11457415.24712897837162, -366471.123535851889756 ], [ 11457399.663624782115221, -366496.349263370619155 ], [ 11457377.956212759017944, -366531.488090393133461 ], [ 11457331.267705123871565, -366589.830005800351501 ], [ 11457328.045005865395069, -366589.931473904231098 ], [ 11457314.669969048351049, -366602.608297654311173 ], [ 11457311.049859207123518, -366606.039258112781681 ], [ 11457307.155903419479728, -366609.731136713991873 ], [ 11457279.213598035275936, -366660.353706768481061 ], [ 11457278.131572587415576, -366662.31505306676263 ], [ 11457272.56671123765409, -366675.929629502701573 ], [ 11457267.906877351924777, -366682.847306810785085 ], [ 11457255.904409857466817, -366700.667798613605555 ], [ 11457234.414182158187032, -366711.737869040225632 ], [ 11457212.792597465217113, -366722.874842700490262 ], [ 11457191.933551279827952, -366725.301159902126528 ], [ 11457191.870099170133471, -366725.307850114011671 ], [ 11457190.034440765157342, -366725.204151813697536 ], [ 11457158.306159496307373, -366723.411174761014991 ], [ 11457146.349332990124822, -366722.73546327103395 ], [ 11457129.107057062909007, -366730.13149374211207 ], [ 11457103.937720194458961, -366752.615072593674995 ], [ 11457103.657195081934333, -366747.491483378631528 ], [ 11457083.388142198324203, -366773.213130156451371 ], [ 11457083.014108704403043, -366773.688135477248579 ], [ 11457043.237205618992448, -366775.206145464791916 ], [ 11457038.047713598236442, -366775.404175860516261 ], [ 11457030.454611131921411, -366775.694085214170627 ], [ 11457021.98208468593657, -366767.699277421168517 ] ] ] ] } },
{ "type": "Feature", "properties": { "fid": 40659, "kdkab": "74", "kdkec": "021", "nmkab": "LUBUKLINGGAU", "nmkec": "LUBUK LINGGAU SELATAN I", "kdprov": "16", "nmprov": "SUMATERA SELATAN" }, "geometry": { "type": "MultiPolygon", "coordinates": [ [ [ [ 11455386.605256559327245, -376149.367775869031902 ], [ 11455386.078715361654758, -376151.453071476484183 ], [ 11455372.248381832614541, -376169.095454516413156 ], [ 11455369.909559329971671, -376172.078542923321947 ], [ 11455368.02469771169126, -376173.189883044979069 ], [ 11455336.402392603456974, -376191.824179324205033 ], [ 11455312.947375889867544, -376191.772994778526481 ], [ 11455300.969398682937026, -376191.747235234593973 ], [ 11455230.528651300817728, -376163.870059789333027 ], [ 11454997.217470129951835, -376188.047228095587343 ], [ 11454950.96867448464036, -376175.692684378474951 ], [ 11454893.503549583256245, -376137.625443595286924 ], [ 11454785.259148405864835, -376065.920077295100782 ], [ 11454759.805278919637203, -376049.058413779828697 ], [ 11454759.356661370024085, -376049.033880912873428 ], [ 11454599.003161273896694, -376056.022402713424526 ], [ 11454383.508664602413774, -376055.552932824473828 ], [ 11454332.296132868155837, -376043.53851895040134 ], [ 11454303.144229894503951, -376045.507169891963713 ], [ 11454240.858525767922401, -376049.713329807738774 ], [ 11454212.105257894843817, -376051.654994707903825 ], [ 11454204.815278397873044, -376052.147324751014821 ], [ 11453956.18909564614296, -376024.777792434499133 ], [ 11453955.508933555334806, -376024.702967207471374 ], [ 11453944.707937324419618, -376023.513904050400015 ], [ 11453929.360764406621456, -376021.8244820588734 ], [ 11453924.236728245392442, -376021.260449298017193 ], [ 11453899.908298810943961, -375944.217816929100081 ], [ 11453890.580393396317959, -375914.678605538734701 ], [ 11453887.162885032594204, -375912.949040604347829 ], [ 11453860.095550844445825, -375899.250686596904416 ], [ 11453835.942338289692998, -375887.027091927127913 ], [ 11453819.495106162503362, -375878.70343761856202 ], [ 11453798.818067343905568, -375852.567950065014884 ], [ 11453791.014014445245266, -375842.703748822503258 ], [ 11453697.534696564078331, -375724.544720493257046 ], [ 11453696.689670313149691, -375723.476540386793204 ], [ 11453691.131265494972467, -375715.043393179774284 ], [ 11453628.487557886168361, -375620.000949565262999 ], [ 11453583.067313207313418, -375604.74547101353528 ], [ 11453370.663602201268077, -375489.387114247132558 ], [ 11453188.277637168765068, -375390.331761792127509 ], [ 11453349.864891180768609, -375204.608544392744079 ], [ 11453328.313660401850939, -375185.402249003702309 ], [ 11453324.806094566360116, -375177.023450038628653 ], [ 11453320.009337713941932, -375165.851830600062385 ], [ 11453309.216690437868237, -375140.745548442413565 ], [ 11453293.027719531208277, -375107.710875717108138 ], [ 11453272.635324651375413, -375066.019423164543696 ], [ 11453249.545435873791575, -375018.813050470373128 ], [ 11453247.344426898285747, -375014.312873485556338 ], [ 11453186.035996584221721, -374888.961118437640835 ], [ 11453202.579186111688614, -374874.222599930479191 ], [ 11453240.688300587236881, -374856.615999782457948 ], [ 11453258.260082207620144, -374856.653913800430018 ], [ 11453278.805207433179021, -374836.061030916462187 ], [ 11453270.075532961636782, -374809.507848437817302 ], [ 11453267.216848436743021, -374777.070198701403569 ], [ 11453281.904342053458095, -374756.463949497498106 ], [ 11453319.98228707909584, -374753.599213936366141 ], [ 11453352.165865059942007, -374768.410198696132284 ], [ 11453399.061426946893334, -374750.823687801661436 ], [ 11453451.883638523519039, -374700.817394646117464 ], [ 11453472.458820002153516, -374665.48382086068159 ], [ 11453490.126336386427283, -374621.297355256625451 ], [ 11453513.460014851763844, -374592.713265676167794 ], [ 11453522.520085569471121, -374581.614523349038791 ], [ 11453542.979717418551445, -374556.550416024401784 ], [ 11453572.908964395523071, -374528.425882222771179 ], [ 11453589.932052247226238, -374512.428671333240345 ], [ 11453618.831705251708627, -374488.730148880451452 ], [ 11453622.203572625294328, -374485.964777047687676 ], [ 11453666.283864591270685, -374415.302241047029383 ], [ 11453671.291015291586518, -374409.029616211191751 ], [ 11453713.268482072278857, -374356.43876000266755 ], [ 11453760.207458563148975, -374318.213811315596104 ], [ 11453766.609442476183176, -374316.295594782626722 ], [ 11453774.434089483693242, -374313.950736242812127 ], [ 11453594.929629465565085, -374073.158521618461236 ], [ 11453594.325832547619939, -374072.348505715548526 ], [ 11453455.936447223648429, -373860.42205679329345 ], [ 11453411.002891359850764, -373791.614238481852226 ], [ 11453326.080368779599667, -373661.567289481987245 ], [ 11453122.284437401220202, -373281.316877086122986 ], [ 11453074.446778666228056, -373189.026733569859061 ], [ 11453068.231366215273738, -373177.035719056264497 ], [ 11453066.488214310258627, -373173.672574977565091 ], [ 11452964.684981502592564, -372977.273615227080882 ], [ 11452875.922159129753709, -372815.302289533312432 ], [ 11453282.915123028680682, -372101.85096818942111 ], [ 11453543.066546628251672, -371852.838302491640206 ], [ 11453826.101917942985892, -371659.805704320140649 ], [ 11453928.47688764706254, -371394.386715776752681 ], [ 11453922.454503193497658, -371153.097587801225018 ], [ 11454178.390257673338056, -370782.11660234601004 ], [ 11454187.797867843881249, -370719.923231086402666 ], [ 11454580.137847168371081, -370525.973805221845396 ], [ 11454566.611415844410658, -370495.157628673652653 ], [ 11454559.843190800398588, -370475.888044595951214 ], [ 11454557.827194822952151, -370422.300978145096451 ], [ 11454557.816062871366739, -370422.022209946997464 ], [ 11454556.840904138982296, -370396.095655476558022 ], [ 11454555.808972455561161, -370368.657069133012556 ], [ 11454479.099824545904994, -370127.235270831850357 ], [ 11454326.822553504258394, -369647.986002189747524 ], [ 11454353.943321047350764, -369124.253504313295707 ], [ 11454368.253441587090492, -368847.880739617045037 ], [ 11454401.767287483438849, -368824.744427191209979 ], [ 11454402.615542005747557, -368824.157907409593463 ], [ 11454403.151100074872375, -368823.788154633482918 ], [ 11454726.458412254229188, -368600.584820518037304 ], [ 11454909.368358131498098, -368417.223537074751221 ], [ 11454876.878317594528198, -368348.066775094077457 ], [ 11454759.440596263855696, -368021.479395618196577 ], [ 11454702.536187643185258, -367840.982289138250053 ], [ 11454675.998066317290068, -367756.804992036195472 ], [ 11454632.73151982948184, -367580.355815438670106 ], [ 11454566.286585569381714, -367461.175284626020584 ], [ 11454499.841539982706308, -367337.351513980422169 ], [ 11454444.213186686858535, -367256.866165095823817 ], [ 11454440.130989637225866, -367254.237567873089574 ], [ 11454510.49526053480804, -367207.784197199041955 ], [ 11454627.160313272848725, -367134.264036979933735 ], [ 11454681.243440721184015, -367101.760414464515634 ], [ 11454729.1456647682935, -367083.960709501174279 ], [ 11454800.226276580244303, -367072.352261135820299 ], [ 11454849.673726474866271, -367066.935067412501667 ], [ 11454933.888925012201071, -367083.186872375023086 ], [ 11454946.250731825828552, -367045.265960662683938 ], [ 11454970.974456772208214, -366979.484829400549643 ], [ 11454999.561302008107305, -366939.242221732682083 ], [ 11455025.057584220543504, -366919.121034876268823 ], [ 11455036.646833760663867, -366909.060387064702809 ], [ 11455072.187139676883817, -366900.547523356450256 ], [ 11455132.451281849294901, -366903.643089810095262 ], [ 11455256.069795267656446, -366911.38200631889049 ], [ 11455257.615021115168929, -366905.19087306613801 ], [ 11455239.072310894727707, -366791.42835925455438 ], [ 11455235.981859190389514, -366767.437689998769201 ], [ 11455247.570997420698404, -366753.50765872374177 ], [ 11455317.608990887179971, -366689.790518860449083 ], [ 11455391.054362650960684, -366622.973508197173942 ], [ 11455391.482831368222833, -366622.530951022868976 ], [ 11455391.512219714000821, -366622.666650713654235 ], [ 11455425.571531116962433, -366599.151691506966017 ], [ 11455439.579975839704275, -366597.258363413624465 ], [ 11455444.207527071237564, -366596.633944260480348 ], [ 11455456.552858598530293, -366605.788375401229132 ], [ 11455456.890156658366323, -366606.038143077632412 ], [ 11455460.178534410893917, -366622.095753075962421 ], [ 11455461.082448678091168, -366626.50794448814122 ], [ 11455461.079109096899629, -366627.890587273461279 ], [ 11455460.98114794306457, -366675.10227353341179 ], [ 11455545.477094233036041, -366765.650956462544855 ], [ 11455553.147007146850228, -366747.736791239876766 ], [ 11455555.68843112513423, -366741.800341256544925 ], [ 11455557.04207613132894, -366740.373095623974223 ], [ 11455571.814172558486462, -366724.783783431630582 ], [ 11455590.514733819290996, -366691.574686590698548 ], [ 11455653.433623211458325, -366644.475611831876449 ], [ 11455657.520161719992757, -366641.415956713317428 ], [ 11455679.589250767603517, -366616.739127691311296 ], [ 11455705.020188439637423, -366604.857321770396084 ], [ 11455715.543219907209277, -366610.181610586121678 ], [ 11455728.706749686971307, -366616.842825890344102 ], [ 11455733.993312310427427, -366625.245725444867276 ], [ 11455740.524426832795143, -366635.623351874761283 ], [ 11455725.053244, -366744.716159531089943 ], [ 11455717.286483127623796, -366754.05904391448712 ], [ 11455708.073682069778442, -366765.141385061724577 ], [ 11455676.355419557541609, -366786.994975599984173 ], [ 11455653.797637943178415, -366802.538580041204114 ], [ 11455647.840931992977858, -366816.166554099530913 ], [ 11455647.815328506752849, -366828.464291251963004 ], [ 11455647.7663479372859, -366851.972608795796987 ], [ 11455685.629446338862181, -366906.755493413074873 ], [ 11455702.645743703469634, -366931.375519978289958 ], [ 11455717.882042402401567, -366934.8176409737207 ], [ 11455750.087884286418557, -366922.950296502327546 ], [ 11455774.652756318449974, -366919.591803679533768 ], [ 11455782.902643783017993, -366923.92037911148509 ], [ 11455797.49328944273293, -366931.576226739794947 ], [ 11455801.716750923544168, -366958.042761430493556 ], [ 11455803.344241874292493, -366968.247588088968769 ], [ 11455801.534186953678727, -367024.511301211721729 ], [ 11455820.101164827123284, -367055.242881412792485 ], [ 11455830.315841300413013, -367061.736867591156624 ], [ 11455849.701017430052161, -367074.061392885807436 ], [ 11455873.498898172751069, -367074.111569642205723 ], [ 11455874.26032348535955, -367074.112684682011604 ], [ 11455889.562300693243742, -367046.011475542676635 ], [ 11455914.170587327331305, -367022.192021165974438 ], [ 11455918.343955038115382, -367019.203718103759456 ], [ 11455937.917261105030775, -367005.191030901274644 ], [ 11455965.052500179037452, -366988.197848508076277 ], [ 11455983.70630724914372, -366977.153396383218933 ], [ 11455994.199282452464104, -366974.460579601058271 ], [ 11456013.361819600686431, -366969.543262171326205 ], [ 11456025.150553675368428, -366969.568908038840163 ], [ 11456039.614295108243823, -366969.599014068138786 ], [ 11456073.178457420319319, -366950.91945400997065 ], [ 11456093.028726378455758, -366939.872106496128254 ], [ 11456121.366215957328677, -366925.366582737362478 ], [ 11456131.177915876731277, -366920.344453955360223 ], [ 11456187.973120074719191, -366893.18326009233715 ], [ 11456237.0961849745363, -366890.729063296457753 ], [ 11456270.862726116552949, -366930.297278664715122 ], [ 11456269.443959206342697, -366931.172806145390496 ], [ 11456317.775319883599877, -367000.33180559676839 ], [ 11456340.620083145797253, -367064.403148567362223 ], [ 11456341.744855282828212, -367067.136443441791926 ], [ 11456341.8611841481179, -367067.419105815002695 ], [ 11456386.925540413707495, -367092.753908130980562 ], [ 11456396.808484805747867, -367093.309197641036008 ], [ 11456414.033951489254832, -367094.277832191204652 ], [ 11456452.924640115350485, -367096.464758581365459 ], [ 11456506.83555630967021, -367099.226710761722643 ], [ 11456511.118017118424177, -367099.446373489976395 ], [ 11456520.43456794694066, -367105.157381655764766 ], [ 11456525.642316360026598, -367108.349627725896426 ], [ 11456534.510694917291403, -367113.785779143450782 ], [ 11456550.066480562090874, -367143.82828953943681 ], [ 11456569.855746438726783, -367173.854082471458241 ], [ 11456591.814629193395376, -367170.823403803340625 ], [ 11456605.37111677788198, -367168.952366756857373 ], [ 11456616.409557484090328, -367162.809611864970066 ], [ 11456630.951222566887736, -367154.716652680013794 ], [ 11456672.834067787975073, -367151.232153349614237 ], [ 11456684.466954572126269, -367150.619996514811646 ], [ 11456699.236824613064528, -367149.842813808121718 ], [ 11456711.371539663523436, -367149.204565054154955 ], [ 11456738.138533866032958, -367147.796715877833776 ], [ 11456780.352554567158222, -367145.629524672753178 ], [ 11456810.564664367586374, -367144.07850444392534 ], [ 11456818.348679758608341, -367143.678874216217082 ], [ 11456838.972841821610928, -367123.715205368353054 ], [ 11456866.999750016257167, -367112.977375586284325 ], [ 11456872.358670301735401, -367110.924588100984693 ], [ 11456872.979833060875535, -367110.529864164593164 ], [ 11456885.835007861256599, -367102.394537299405783 ], [ 11456884.91884845122695, -367079.811649122508243 ], [ 11456883.835709806531668, -367053.098661812604405 ], [ 11456871.892241638153791, -366993.741818225360475 ], [ 11456867.649855844676495, -366984.598505481320899 ], [ 11456860.50091814622283, -366969.187565064872615 ], [ 11456860.738028660416603, -366969.255582382495049 ], [ 11456862.079428525641561, -366969.640270473144483 ], [ 11456858.174340790137649, -366952.976029661658686 ], [ 11456857.70902531594038, -366950.987917326623574 ], [ 11456851.443964371457696, -366945.80633700027829 ], [ 11456834.623589314520359, -366931.891782366670668 ], [ 11456788.427113827317953, -366906.39868147613015 ], [ 11456760.277754191309214, -366885.904297653061803 ], [ 11456735.951105870306492, -366868.19416477472987 ], [ 11456725.632902272045612, -366838.563177516509313 ], [ 11456723.413191622123122, -366832.189628345600795 ], [ 11456740.291452817618847, -366802.596561922226101 ], [ 11456784.456347592175007, -366794.223754924139939 ], [ 11456843.387772822752595, -366760.486110325320624 ], [ 11456883.422714492306113, -366716.127763313241303 ], [ 11456891.567961633205414, -366709.846769100171514 ], [ 11456910.795064087957144, -366695.021260289591737 ], [ 11456924.408324612304568, -366694.198364326148294 ], [ 11456944.434701010584831, -366692.988551169866696 ], [ 11456970.85304256528616, -366718.642168159538414 ], [ 11456985.694045756012201, -366733.075299104908481 ], [ 11456998.685809571295977, -366745.710102341487072 ], [ 11456998.982364689931273, -366745.998450571612921 ], [ 11457009.922510288655758, -366756.321117024112027 ], [ 11457011.687258172780275, -366757.986199996026698 ], [ 11457015.159313093870878, -366761.262175275012851 ], [ 11457021.98208468593657, -366767.699277421168517 ], [ 11457030.454611131921411, -366775.694085214170627 ], [ 11457038.047713598236442, -366775.404175860516261 ], [ 11457043.237205618992448, -366775.206145464791916 ], [ 11457083.014108704403043, -366773.688135477248579 ], [ 11457083.388142198324203, -366773.213130156451371 ], [ 11457103.657195081934333, -366747.491483378631528 ], [ 11457103.937720194458961, -366752.615072593674995 ], [ 11457129.107057062909007, -366730.13149374211207 ], [ 11457146.349332990124822, -366722.73546327103395 ], [ 11457158.306159496307373, -366723.411174761014991 ], [ 11457190.034440765157342, -366725.204151813697536 ], [ 11457191.870099170133471, -366725.307850114011671 ], [ 11457191.933551279827952, -366725.301159902126528 ], [ 11457212.792597465217113, -366722.874842700490262 ], [ 11457234.414182158187032, -366711.737869040225632 ], [ 11457255.904409857466817, -366700.667798613605555 ], [ 11457267.906877351924777, -366682.847306810785085 ], [ 11457272.56671123765409, -366675.929629502701573 ], [ 11457278.131572587415576, -366662.31505306676263 ], [ 11457279.213598035275936, -366660.353706768481061 ], [ 11457307.155903419479728, -366609.731136713991873 ], [ 11457311.049859207123518, -366606.039258112781681 ], [ 11457314.669969048351049, -366602.608297654311173 ], [ 11457328.045005865395069, -366589.931473904231098 ], [ 11457331.267705123871565, -366589.830005800351501 ], [ 11457377.956212759017944, -366531.488090393133461 ], [ 11457399.663624782115221, -366496.349263370619155 ], [ 11457415.24712897837162, -366471.123535851889756 ], [ 11457419.067502584308386, -366465.338187605142593 ], [ 11457430.553558962419629, -366447.944233561342116 ], [ 11457447.51197019033134, -366422.261688230501022 ], [ 11457462.390933331102133, -366384.524536492710467 ], [ 11457478.408694861456752, -366343.895005393191241 ], [ 11457490.37331373244524, -366299.746450559236109 ], [ 11457494.974148284643888, -366282.767871491611004 ], [ 11457510.287257436662912, -366274.001497734920122 ], [ 11457517.626440146937966, -366269.799838153121527 ], [ 11457525.029297603294253, -366265.561828721256461 ], [ 11457526.862729616463184, -366265.462590970797464 ], [ 11457535.428764430806041, -366265.002083222731017 ], [ 11457566.973368540406227, -366263.303891217277851 ], [ 11457576.496750976890326, -366262.790977030992508 ], [ 11457616.692549312487245, -366245.163009738782421 ], [ 11457629.363490348681808, -366239.60614302335307 ], [ 11457664.396847294643521, -366191.323097797692753 ], [ 11457664.682938385754824, -366190.928377135656774 ], [ 11457666.975006705150008, -366184.815782145480625 ], [ 11457678.932946404442191, -366152.913661503000185 ], [ 11457678.469857323914766, -366140.619344196282327 ], [ 11457678.255010707303882, -366134.923773029062431 ], [ 11457662.587905572727323, -366106.668927423364948 ], [ 11457661.877687221392989, -366105.387758782773744 ], [ 11457639.112851355224848, -366091.219082752009854 ], [ 11457634.037795767188072, -366088.060205281944945 ], [ 11457594.80769401602447, -366048.403087516024243 ], [ 11457572.513739595189691, -366010.818821519496851 ], [ 11457569.166362509131432, -366005.17677835264476 ], [ 11457560.673798559233546, -365964.143745752749965 ], [ 11457561.440789844840765, -365938.961959542997647 ], [ 11457564.356247313320637, -365933.936530254606623 ], [ 11457566.806389305740595, -365929.713920993614011 ], [ 11457568.918008726090193, -365926.075140281638596 ], [ 11457570.875116694718599, -365922.70262823899975 ], [ 11457579.373246617615223, -365908.057858818559907 ], [ 11457611.582428082823753, -365885.819756719982252 ], [ 11457629.460338305681944, -365881.539167883805931 ], [ 11457639.436791069805622, -365883.892989959567785 ], [ 11457669.466336909681559, -365890.977872060611844 ], [ 11457700.891829159110785, -365902.556314290501177 ], [ 11457718.758607430383563, -365903.312302763864864 ], [ 11457810.967881238088012, -365916.096090859617107 ], [ 11457810.875486062839627, -365914.70230664947303 ], [ 11457810.868806894868612, -365914.603069211880211 ], [ 11457818.96284706890583, -365917.756366628862452 ], [ 11457823.079441837966442, -365919.360891052754596 ], [ 11457882.423862379044294, -365909.410386927891523 ], [ 11457889.156465182080865, -365905.683965737756807 ], [ 11457909.615874394774437, -365894.357519316312391 ], [ 11457923.70446915179491, -365871.768186478409916 ], [ 11457927.543878389522433, -365865.61212297185557 ], [ 11457929.715721657499671, -365851.945239503402263 ], [ 11457928.086004309356213, -365844.210299343976658 ], [ 11457925.468883080407977, -365831.788903121312615 ], [ 11457924.967945374548435, -365815.650010320649017 ], [ 11457924.798739746212959, -365810.200876599992625 ], [ 11457925.323054544627666, -365808.202749466116074 ], [ 11457932.723574297502637, -365779.997047959303018 ], [ 11457945.65110676176846, -365754.100571896822657 ], [ 11457947.077109437435865, -365751.244990984443575 ], [ 11457953.462395433336496, -365748.735068112320732 ], [ 11457967.106825416907668, -365743.37179464584915 ], [ 11457988.889823375269771, -365742.906828952545766 ], [ 11457997.842136826366186, -365742.716159569390584 ], [ 11458017.15161569789052, -365749.951561155437957 ], [ 11458031.416095249354839, -365749.971631621592678 ], [ 11458047.379310229793191, -365749.995047161006369 ], [ 11458059.493097215890884, -365750.029612953658216 ], [ 11458065.039034249261022, -365750.045223313383758 ], [ 11458123.783442731946707, -365736.572368483350147 ], [ 11458136.521732063964009, -365733.651001511781942 ], [ 11458156.587070282548666, -365720.131317592749838 ], [ 11458221.695614060387015, -365676.263996552152093 ], [ 11458240.162404380738735, -365660.836512124165893 ], [ 11458243.174709806218743, -365658.319901141978335 ], [ 11458305.557039249688387, -365561.310556495387573 ], [ 11458315.85743173584342, -365537.996525879309047 ], [ 11458318.68605999276042, -365536.642887256864924 ], [ 11458319.756953496485949, -365536.129976413038094 ], [ 11458331.415221126750112, -365515.254953132069204 ], [ 11458355.375850966200233, -365472.351761589932721 ], [ 11458356.670496640726924, -365470.033628941804636 ], [ 11458385.319680795073509, -365441.311757590563502 ], [ 11458446.153556121513247, -365401.863379327754956 ], [ 11458465.937256027013063, -365381.632417919521686 ], [ 11458490.919576149433851, -365356.085036270436831 ], [ 11458502.374351751059294, -365338.779899795365054 ], [ 11458529.566363766789436, -365297.696936750726309 ], [ 11458550.9664226770401, -365265.36578722903505 ], [ 11458607.005767539143562, -365191.134413245366886 ], [ 11458626.218398451805115, -365165.685197003127541 ], [ 11458647.915346449241042, -365139.065215976093896 ], [ 11458659.576397068798542, -365124.758400454069488 ], [ 11458683.709349473938346, -365095.147947779216338 ], [ 11458683.793952284380794, -365095.599530542152934 ], [ 11458683.83736689016223, -365095.835914602095727 ], [ 11458693.875156695023179, -365097.828565369767603 ], [ 11458733.355615979060531, -365105.665923989785369 ], [ 11458743.578084820881486, -365107.695259066007566 ], [ 11458744.672355411574244, -365107.642853156081401 ], [ 11458787.461341282352805, -365112.986025683407206 ], [ 11458858.21790206246078, -365092.567012967658229 ], [ 11458863.357856908813119, -365091.083703026466537 ], [ 11458881.46731167472899, -365085.85760854795808 ], [ 11458911.003712164238095, -365066.56666537723504 ], [ 11458974.49812332354486, -365025.098006231011823 ], [ 11459003.366606872528791, -364990.729797612759285 ], [ 11459007.98413934931159, -364985.232758446945809 ], [ 11459026.193336378782988, -364985.270557558746077 ], [ 11459028.51980241574347, -364985.275352136406582 ], [ 11459042.433068973943591, -364985.304119602427818 ], [ 11459045.8861995767802, -364989.250168584287167 ], [ 11459060.621560569852591, -365006.090288209088612 ], [ 11459063.697318103164434, -365009.604825842252467 ], [ 11459066.385683806613088, -365012.67670130438637 ], [ 11459067.369748102501035, -365042.104269034229219 ], [ 11459073.317548498511314, -365055.349576098727994 ], [ 11459074.046579841524363, -365056.973154919687659 ], [ 11459082.956703202798963, -365076.81703433545772 ], [ 11459095.228563871234655, -365088.491283607145306 ], [ 11459100.668747385963798, -365093.668317365867551 ], [ 11459108.016946975141764, -365094.355169159651268 ], [ 11459112.150239668786526, -365094.74208080797689 ], [ 11459120.506993839517236, -365091.606646989996079 ], [ 11459126.371304616332054, -365086.119638027041219 ], [ 11459136.195249676704407, -365076.927421219239477 ], [ 11459137.730345457792282, -365069.286196440807544 ], [ 11459138.783427840098739, -365064.037802607868798 ], [ 11459140.414258377626538, -365055.917120642377995 ], [ 11459148.229220589622855, -365050.041640917945188 ], [ 11459148.283989783376455, -365050.000496725435369 ], [ 11459149.363232241943479, -365049.189097614958882 ], [ 11459178.052491413429379, -365027.621293027186766 ], [ 11459231.321094145998359, -365013.019011932134163 ], [ 11459251.743322649970651, -365009.791145401482936 ], [ 11459263.23305257037282, -364993.085161901137326 ], [ 11459273.882431657984853, -364984.386013735143933 ], [ 11459282.401823606342077, -364977.426740291062742 ], [ 11459283.646375514566898, -364976.410178403486498 ], [ 11459366.686930784955621, -364926.385131367482245 ], [ 11459386.70395634137094, -364922.017831022909377 ], [ 11459398.595104346051812, -364922.216304124158341 ], [ 11459408.842508750036359, -364925.825727099901997 ], [ 11459414.978216441348195, -364914.702313425717875 ], [ 11459417.343755625188351, -364910.415071777708363 ], [ 11459460.373191598802805, -364865.26691495947307 ], [ 11459462.326848661527038, -364863.21639897453133 ], [ 11459490.843562619760633, -364842.459247415768914 ], [ 11459550.144568555057049, -364799.292501850053668 ], [ 11459646.215515498071909, -364737.205071981123183 ], [ 11459661.988374151289463, -364727.011600004567299 ], [ 11459674.453930728137493, -364717.935374371299986 ], [ 11459688.177063595503569, -364707.942606906464789 ], [ 11459716.826581705361605, -364687.08067279815441 ], [ 11459716.81734219007194, -364687.001506728003733 ], [ 11459713.652863023802638, -364659.769496750494 ], [ 11459711.249475214630365, -364639.074823831033427 ], [ 11459726.10906876809895, -364542.893259727570694 ], [ 11459726.15214940905571, -364542.614729318825994 ], [ 11459718.560271458700299, -364536.172180699184537 ], [ 11459698.539572356268764, -364518.347017617546953 ], [ 11459698.229992849752307, -364518.071386305906344 ], [ 11459698.336636926978827, -364517.960107973485719 ], [ 11459850.791907832026482, -364359.01383541605901 ], [ 11459994.658546064049006, -364209.021878834755626 ], [ 11460047.712970096617937, -364153.708684039651416 ], [ 11460095.562428699806333, -364103.822155042318627 ], [ 11460095.794307202100754, -364103.580421030463185 ], [ 11460102.929107323288918, -364066.061926766764373 ], [ 11460120.459923375397921, -364016.340904103417415 ], [ 11460121.282129133120179, -364014.009087080892641 ], [ 11460121.756906758993864, -364012.662602990167215 ], [ 11460127.061837093904614, -364003.588665383751504 ], [ 11460185.893074784427881, -363902.959437942947261 ], [ 11460186.167922606691718, -363902.489350879215635 ], [ 11460192.282479595392942, -363897.930978317395784 ], [ 11460193.382872762158513, -363897.110667514440138 ], [ 11460289.845886956900358, -363825.198747157293838 ], [ 11460289.784104634076357, -363824.963815291062929 ], [ 11460309.082785522565246, -363812.077128609002102 ], [ 11460309.086236421018839, -363812.018033276079223 ], [ 11460324.661057699471712, -363547.115137105982285 ], [ 11460326.936428094282746, -363448.55108197114896 ], [ 11460328.402505787089467, -363385.053924196225125 ], [ 11460328.501580128446221, -363381.014271650870796 ], [ 11460328.557239875197411, -363378.787612548563629 ], [ 11460328.608446842059493, -363376.695868740265723 ], [ 11460612.270435575395823, -363171.121573779906612 ], [ 11460670.614205209538341, -363128.838998678140342 ], [ 11460895.19905149564147, -363079.122183029947337 ], [ 11460926.972417157143354, -363072.088434675999451 ], [ 11461042.539303122088313, -363046.505231746006757 ], [ 11461213.204216331243515, -363050.037101799040101 ], [ 11461287.847385814413428, -363051.581821105151903 ], [ 11461887.504999931901693, -363063.990643294295296 ], [ 11461918.406956614926457, -363064.630095171509311 ], [ 11461998.45880619622767, -363066.286649074172601 ], [ 11462096.625787831842899, -363068.317954146827105 ], [ 11462099.673715488985181, -363068.381509093334898 ], [ 11462125.656797839328647, -363068.918938585789874 ], [ 11462130.268207745626569, -363069.041476974962279 ], [ 11462110.500426530838013, -364012.836209786473773 ], [ 11462114.441470459103584, -364011.99036445398815 ], [ 11462117.752668714150786, -364011.279658135434147 ], [ 11462117.752668714150786, -364014.957959209627006 ], [ 11462117.752668714150786, -364060.285846385930199 ], [ 11462117.752668714150786, -364121.795548275636975 ], [ 11462081.703744053840637, -364214.643872465298045 ], [ 11462066.987641325220466, -364252.546983783657197 ], [ 11462081.491903062909842, -364376.034603439387865 ], [ 11462090.693683488294482, -364403.685119851143099 ], [ 11462093.923507193103433, -364413.390298419340979 ], [ 11462139.830552002415061, -364478.052447767462581 ], [ 11462166.438025372102857, -364515.530270810588263 ], [ 11462172.738374594599009, -364523.696963524911553 ], [ 11462173.406959453597665, -364524.563663481909316 ], [ 11462190.070262713357806, -364546.163148780178744 ], [ 11462188.680104915052652, -364568.441570208757184 ], [ 11462187.265679463744164, -364581.900792258384172 ], [ 11462185.899789310991764, -364594.897285052866209 ], [ 11462191.460309194400907, -364636.66940286080353 ], [ 11462196.749320838600397, -364642.374598092224915 ], [ 11462209.532026650384068, -364656.162981416215189 ], [ 11462222.243265340104699, -364664.401379863615148 ], [ 11462233.164263986051083, -364671.479494381812401 ], [ 11462233.284377718344331, -364671.95705527625978 ], [ 11462243.177452184259892, -364677.973452992097009 ], [ 11462271.089701307937503, -364785.869268617767375 ], [ 11462283.278406308963895, -364832.985174494388048 ], [ 11462289.897017957642674, -364862.622652507096063 ], [ 11462289.803954860195518, -364862.835063211387023 ], [ 11462317.539428634569049, -364948.805347415618598 ], [ 11462356.273490734398365, -365046.940327928226907 ], [ 11462363.869598826393485, -365066.185663433861919 ], [ 11462356.720327164977789, -365087.643311590829398 ], [ 11462253.689351700246334, -365396.878784085740335 ], [ 11462273.733093935996294, -365438.466108400491066 ], [ 11462274.608399095013738, -365440.282257215760183 ], [ 11462308.195493210107088, -365509.969742537825368 ], [ 11462306.971869368106127, -365520.077094758860767 ], [ 11462306.120497908443213, -365527.109882122953422 ], [ 11462155.188856869935989, -366773.867433267470915 ], [ 11462153.926827805116773, -366772.999377758998889 ], [ 11462153.926827805116773, -366773.076315244776197 ], [ 11462186.308109199628234, -366796.667914259072859 ], [ 11462250.941875346004963, -366843.756572227168363 ], [ 11462344.735782109200954, -366912.089832035824656 ], [ 11462456.666416907683015, -366980.604439103626646 ], [ 11462524.206178361549973, -367021.946712704491802 ], [ 11462515.937366582453251, -367207.34319874556968 ], [ 11462503.019964193925261, -367496.94207500340417 ], [ 11462461.232742417603731, -368433.789539032615721 ], [ 11462461.190441014245152, -368435.035052886116318 ], [ 11462412.775368075817823, -369520.124923559487797 ], [ 11462408.903564864769578, -369606.888952980458271 ], [ 11462406.561959378421307, -369659.364348561794031 ], [ 11462406.561736742034554, -369659.368362791603431 ], [ 11462406.361139014363289, -369663.864528248144779 ], [ 11462371.395686959847808, -370447.425801272387616 ], [ 11462370.5595662612468, -370466.160256710078102 ], [ 11462364.550651470199227, -370600.80309142859187 ], [ 11462359.48450144380331, -370714.328895857557654 ], [ 11462358.490307068452239, -370736.603205454885028 ], [ 11462350.456045461818576, -370916.614083606109489 ], [ 11462343.908344332128763, -371063.316048891749233 ], [ 11462310.968127770349383, -371801.35250224621268 ], [ 11462310.944639358669519, -371812.818717482790817 ], [ 11462310.13211839646101, -372208.800404903304297 ], [ 11462301.35568973980844, -372245.041982164781075 ], [ 11462141.900537930428982, -372903.514314998872578 ], [ 11462140.219613622874022, -373718.418742961832322 ], [ 11462127.725113978609443, -374151.070839603606146 ], [ 11462124.755109963938594, -374253.872953213052824 ], [ 11462117.494852771982551, -374479.330962654377799 ], [ 11462118.393201060593128, -374481.237807903729845 ], [ 11462079.023949949070811, -374509.076637176796794 ], [ 11462076.091794565320015, -374522.844956449582241 ], [ 11462060.604359086602926, -374572.373898467747495 ], [ 11462041.669581620022655, -374670.393677065265365 ], [ 11462027.686740381643176, -374698.402052467747126 ], [ 11461987.734175138175488, -374711.742190962482709 ], [ 11461982.519970184192061, -374711.340749002876692 ], [ 11461964.067651394754648, -374709.918975413369481 ], [ 11461959.172933381050825, -374707.935183122812305 ], [ 11461942.395972922444344, -374634.863852790847886 ], [ 11461918.650412341579795, -374501.661126179154962 ], [ 11461899.868587857112288, -374443.337313475320116 ], [ 11461888.664281105622649, -374383.437877102114726 ], [ 11461885.164396315813065, -374379.113468253053725 ], [ 11461879.510479379445314, -374380.118185202707537 ], [ 11461869.304708462208509, -374348.426674049289431 ], [ 11461839.698176693171263, -374343.483378996548709 ], [ 11461815.025324752554297, -374355.841059486498125 ], [ 11461814.582273181527853, -374360.10302108025644 ], [ 11461805.851485515013337, -374444.05656187859131 ], [ 11461802.327110437676311, -374466.229487077507656 ], [ 11461789.263768194243312, -374484.560848234628793 ], [ 11461777.669843226671219, -374493.271005777292885 ], [ 11461736.582932369783521, -374498.031428873655386 ], [ 11461712.043663823977113, -374455.134103005577344 ], [ 11461642.315361177548766, -374326.18240565614542 ], [ 11461641.197713488712907, -374325.673914308310486 ], [ 11461615.175669319927692, -374313.824728534847964 ], [ 11461573.231598388403654, -374326.182740186341107 ], [ 11461573.231598388403654, -374451.764228783547878 ], [ 11461573.231598388403654, -374486.83233592461329 ], [ 11461558.428332503885031, -374504.133334823010955 ], [ 11461533.755480563268065, -374509.076637176796794 ], [ 11461476.545054659247398, -374474.876081644615624 ], [ 11461380.783575898036361, -374417.629482973599806 ], [ 11461351.177044128999114, -374417.629482973599806 ], [ 11461331.437872018665075, -374442.3448621967691 ], [ 11461322.466634256765246, -374523.231901224353351 ], [ 11461319.102559246122837, -374553.564138202695176 ], [ 11461294.429707305505872, -374580.750643595121801 ], [ 11461242.616050312295556, -374570.865147718170192 ], [ 11461208.074725518003106, -374548.620833833119832 ], [ 11461208.868433484807611, -374542.474320791079663 ], [ 11461235.214417370036244, -374338.540084174717776 ], [ 11461217.943198379129171, -374298.995963892492 ], [ 11461193.270346438512206, -374294.052671091805678 ], [ 11461045.234347993507981, -374397.85740666493075 ], [ 11461023.02833597175777, -374459.645854018337559 ], [ 11461036.098357388749719, -374549.838539284246508 ], [ 11461045.234347993507981, -374612.88046285189921 ], [ 11461023.02833597175777, -374654.896909333358053 ], [ 11460981.084265032783151, -374687.026750504097436 ], [ 11460788.637355737388134, -374709.269977591407951 ], [ 11460759.029710773378611, -374696.912256943935063 ], [ 11460657.871463101357222, -374622.767077659314964 ], [ 11460630.745129587128758, -374624.27582912921207 ], [ 11460613.460552252829075, -374625.238173946621828 ], [ 11460473.087787551805377, -374702.325032088148873 ], [ 11460378.931535849347711, -374754.031879327085335 ], [ 11460344.527134023606777, -374733.986538225552067 ], [ 11460280.290221866220236, -374609.442561700183433 ], [ 11460268.041738292202353, -374585.693949425709434 ], [ 11460201.424815414473414, -374578.279548319173045 ], [ 11460174.285123562440276, -374667.254625210596714 ], [ 11460213.281454380601645, -374791.745142346713692 ], [ 11460092.654540959745646, -374897.836345919873565 ], [ 11460068.192082859575748, -374919.35144365648739 ], [ 11460041.482974795624614, -374931.51259415561799 ], [ 11460041.051277812570333, -374931.709189601591788 ], [ 11460035.97733542136848, -374923.820839432068169 ], [ 11459969.500675106421113, -374820.489526675955858 ], [ 11459932.491397192701697, -374805.660692936100531 ], [ 11459804.193457663059235, -374914.408122649474535 ], [ 11459769.651019671931863, -374919.35144365648739 ], [ 11459668.492772001773119, -374862.506053425138816 ], [ 11459620.77233268506825, -374910.198549889028072 ], [ 11459577.036017946898937, -374953.910092258418445 ], [ 11459570.341263769194484, -374953.868832852866035 ], [ 11459555.747278528288007, -374924.631530747574288 ], [ 11459600.551147181540728, -374810.521490304672625 ], [ 11459609.800683675333858, -374739.484064093267079 ], [ 11459575.884974408894777, -374696.243187107436825 ], [ 11459524.791554531082511, -374688.161938902514521 ], [ 11459517.303092379122972, -374686.97768538602395 ], [ 11459446.387010773643851, -374708.597562332986854 ], [ 11459368.638138819485903, -374804.283522816607729 ], [ 11459338.472783206030726, -374841.408021034905687 ], [ 11459292.223653599619865, -374866.116805890633259 ], [ 11459244.732866393402219, -374855.015805412840564 ], [ 11459199.725283075124025, -374844.495782492973376 ], [ 11459153.475819513201714, -374869.205683176463936 ], [ 11459002.394787719473243, -375011.2807516643079 ], [ 11459004.332526098936796, -375034.571923273731954 ], [ 11459005.478337610140443, -375048.343989027256612 ], [ 11459098.703958371654153, -375095.037419132713694 ], [ 11459227.475005738437176, -375159.5337770076585 ], [ 11459236.72454222664237, -375193.509293508541305 ], [ 11459205.891269670799375, -375227.48370551422704 ], [ 11459050.777578003704548, -375186.439423434145283 ], [ 11459042.477596767246723, -375184.243749370565638 ], [ 11458977.494844019412994, -375251.664010346692521 ], [ 11458956.145992072299123, -375273.812567672517616 ], [ 11458817.398491943255067, -375236.750368459499441 ], [ 11458660.151918832212687, -375295.433676553133409 ], [ 11458595.640047529712319, -375214.654229414707515 ], [ 11458549.153028175234795, -375156.446006592654157 ], [ 11458521.40441869944334, -375162.622662638837937 ], [ 11458481.32160965166986, -375174.977090907748789 ], [ 11458401.155991552397609, -375344.851458530232776 ], [ 11458358.929169110953808, -375401.251051860512234 ], [ 11458354.907195905223489, -375406.623717659909744 ], [ 11458290.158214090391994, -375422.067066715680994 ], [ 11458179.160436624661088, -375320.142564731650054 ], [ 11458086.661732139065862, -375295.433676553133409 ], [ 11458055.749422738328576, -375280.653843336738646 ], [ 11457950.997781908139586, -375230.572593072603922 ], [ 11457937.823120167478919, -375229.557832167425659 ], [ 11457937.586009655147791, -375229.538875093334354 ], [ 11457910.914972858503461, -375227.48370551422704 ], [ 11457846.852832295000553, -375276.099683576961979 ], [ 11457809.16673187725246, -375304.699230176687706 ], [ 11457772.167472725734115, -375313.964784597803373 ], [ 11457719.751577291637659, -375295.433676553133409 ], [ 11457617.594793785363436, -375208.260121684637852 ], [ 11457553.254354497417808, -375153.357121137320064 ], [ 11457516.255095338448882, -375153.357121137320064 ], [ 11457476.917013684287667, -375160.463788052729797 ], [ 11457413.282339964061975, -375171.958457570348401 ], [ 11457328.175249671563506, -375187.331520582607482 ], [ 11457309.676176691427827, -375208.95261223561829 ], [ 11457318.925713177770376, -375236.749253336631227 ], [ 11457408.340867770835757, -375310.877009783114772 ], [ 11457423.757504049688578, -375378.825917915150058 ], [ 11457398.864239519461989, -375390.968497328693047 ], [ 11457362.033072793856263, -375408.935369085811544 ], [ 11457259.092600071802735, -375459.149401459959336 ], [ 11457154.629276717081666, -375510.1061301609152 ], [ 11457069.180435586720705, -375551.789501400198787 ], [ 11456962.478477267548442, -375501.158369520795532 ], [ 11456952.015558330342174, -375496.193834645906463 ], [ 11456915.016299178823829, -375499.282729854108766 ], [ 11456822.83708163164556, -375567.23064087855164 ], [ 11456751.602626277133822, -375619.738560450263321 ], [ 11456690.773203728720546, -375615.487700681434944 ], [ 11456619.021112741902471, -375610.472979910613503 ], [ 11456581.316644612699747, -375634.754177502647508 ], [ 11456575.855866989120841, -375638.270839019271079 ], [ 11456520.356421660631895, -375764.904629488592036 ], [ 11456464.858089527115226, -375882.271849014330655 ], [ 11456410.776520550251007, -375948.297963300370611 ], [ 11456366.192285252735019, -376002.729220358538441 ], [ 11456276.778243854641914, -376058.324031819880474 ], [ 11456242.838044306263328, -376068.645679224457126 ], [ 11456200.976572437211871, -376081.375563695852179 ], [ 11456104.113921269774437, -376110.831074218614958 ], [ 11456096.605421619489789, -376118.352632620779332 ], [ 11456067.114662116393447, -376147.894687389722094 ], [ 11455957.751054774969816, -376237.530094726651441 ], [ 11455897.535002620890737, -376286.883628583746031 ], [ 11455849.355147771537304, -376273.094455484184437 ], [ 11455832.786020806059241, -376268.352354183676653 ], [ 11455700.516981080174446, -376105.040199432056397 ], [ 11455700.204507270827889, -376104.654364155023359 ], [ 11455699.557741027325392, -376104.762420334562194 ], [ 11455634.676289014518261, -376115.594913665438071 ], [ 11455533.708397664129734, -376132.452350042760372 ], [ 11455388.160389844328165, -376147.534499975037761 ], [ 11455386.605256559327245, -376149.367775869031902 ] ] ] ] } },
{ "type": "Feature", "properties": { "fid": 40728, "kdkab": "74", "kdkec": "032", "nmkab": "LUBUKLINGGAU", "nmkec": "LUBUK LINGGAU TIMUR II", "kdprov": "16", "nmprov": "SUMATERA SELATAN" }, "geometry": { "type": "MultiPolygon", "coordinates": [ [ [ [ 11451000.168924396857619, -368514.218429845059291 ], [ 11450998.69772600568831, -368511.014100659755059 ], [ 11450997.001328285783529, -368507.283689365081955 ], [ 11450967.366521362215281, -368442.115972244879231 ], [ 11450954.440881328657269, -368412.522141251945868 ], [ 11450947.423968547955155, -368386.997478132951073 ], [ 11450945.798815300688148, -368382.050326099386439 ], [ 11450945.765753412619233, -368381.931350030819885 ], [ 11450945.286523004993796, -368380.285421550623141 ], [ 11450945.281068343669176, -368380.289770252362359 ], [ 11450943.075495274737477, -368373.759913592832163 ], [ 11450935.863773386925459, -368351.805766912817489 ], [ 11450931.768774596974254, -368340.284828725853004 ], [ 11450930.620625369250774, -368337.054858398274519 ], [ 11450933.33804546110332, -368330.113773241988383 ], [ 11450903.371172497048974, -368266.616729948553257 ], [ 11450903.387425141409039, -368266.160897098947316 ], [ 11450903.946137666702271, -368250.491867147444282 ], [ 11450902.778952803462744, -368241.060656083340291 ], [ 11450890.515329778194427, -368183.480231413210277 ], [ 11450857.133286159485579, -368026.744097360409796 ], [ 11450852.296231646090746, -368007.424767359218094 ], [ 11450849.766384897753596, -367997.320533870602958 ], [ 11450842.898306276649237, -367973.192229713429697 ], [ 11450842.332024022936821, -367971.202649517450482 ], [ 11450829.501339517533779, -367926.127734531473834 ], [ 11450829.419853651896119, -367926.096959214599337 ], [ 11450823.115719567984343, -367923.713991094147786 ], [ 11450810.115050192922354, -367874.756724563543685 ], [ 11450810.005289178341627, -367874.699522646376863 ], [ 11450782.85502196662128, -367790.980037882225588 ], [ 11450782.439911590889096, -367791.201820572197903 ], [ 11450782.422100471332669, -367791.194126758782659 ], [ 11450782.13322639092803, -367791.069464592903387 ], [ 11450782.043391562998295, -367790.851473057991825 ], [ 11450781.135358473286033, -367788.64925682451576 ], [ 11450767.23856720328331, -367797.796650057949591 ], [ 11450767.218974970281124, -367798.018544265127275 ], [ 11450762.22028455697, -367801.099863184499554 ], [ 11450760.017494475468993, -367802.457655083795544 ], [ 11450759.952817853540182, -367802.592352674517315 ], [ 11450756.605440760031343, -367809.558939303271472 ], [ 11450727.333869339898229, -367810.087248288211413 ], [ 11450687.17191213555634, -367816.468324483430479 ], [ 11450664.18376936390996, -367835.030392977583688 ], [ 11450656.496379293501377, -367829.369301286118571 ], [ 11450650.264380235224962, -367825.901394938176963 ], [ 11450650.413437033072114, -367825.777290256984998 ], [ 11450650.368575276806951, -367825.753428259573411 ], [ 11450644.445265175774693, -367822.547334949194919 ], [ 11450617.720461064949632, -367808.084178953082301 ], [ 11450603.22332377359271, -367800.23848991736304 ], [ 11450577.080497963353992, -367785.275573150138371 ], [ 11450555.412604356184602, -367773.082321195222903 ], [ 11450555.400804489850998, -367773.075742423592601 ], [ 11450543.197627948597074, -367759.575769529445097 ], [ 11450537.982643768191338, -367753.810201903339475 ], [ 11450536.467585498467088, -367752.156142929685302 ], [ 11450536.453670557588339, -367752.140755295346025 ], [ 11450536.450998893007636, -367752.134176524996292 ], [ 11450535.404261723160744, -367750.975866943888832 ], [ 11450534.710407333448529, -367750.203697724849917 ], [ 11450534.707179071381688, -367750.202694187813904 ], [ 11450532.921169159933925, -367748.227167573350016 ], [ 11450532.22063560411334, -367747.451207219914068 ], [ 11450530.103004930540919, -367745.108384584949818 ], [ 11450529.969532862305641, -367744.960083497746382 ], [ 11450529.821477934718132, -367744.791711590311024 ], [ 11450529.81914022564888, -367744.789146986964624 ], [ 11450529.703479276970029, -367744.658798143151216 ], [ 11450529.644145989790559, -367744.592118403350469 ], [ 11450529.592382421717048, -367744.539934263331816 ], [ 11450530.631995150819421, -367742.508432457165327 ], [ 11450530.695669896900654, -367742.582582999079023 ], [ 11450555.450786942616105, -367703.740975790249649 ], [ 11450555.217238647863269, -367703.454409142606892 ], [ 11450555.250300541520119, -367703.44961444765795 ], [ 11450554.967437712475657, -367703.09480702644214 ], [ 11450551.385065181180835, -367698.602624032762833 ], [ 11450551.33864494971931, -367698.544418670120649 ], [ 11450591.782017832621932, -367679.296954844438005 ], [ 11450591.803947769105434, -367679.307213258347474 ], [ 11450591.825321113690734, -367679.296954844438005 ], [ 11450591.825321113690734, -367674.268324657750782 ], [ 11450591.911816360428929, -367668.459497728734277 ], [ 11450591.809402422979474, -367665.895563351514284 ], [ 11450591.78680457174778, -367665.328339991916437 ], [ 11450591.73871454782784, -367664.12442597548943 ], [ 11450591.881982736289501, -367662.880481858330313 ], [ 11450591.998422920703888, -367661.870251173619181 ], [ 11450592.073563579469919, -367661.574095248244703 ], [ 11450592.182434041053057, -367661.145137473649811 ], [ 11450593.296742141246796, -367656.754982790153008 ], [ 11450594.41817469149828, -367652.380327404476702 ], [ 11450594.441774426028132, -367652.288224701245781 ], [ 11450597.942104494199157, -367651.203732129069977 ], [ 11450606.018667509779334, -367648.701571631187107 ], [ 11450619.63682609796524, -367644.482465299777687 ], [ 11450619.787441365420818, -367644.435856435040478 ], [ 11450610.207731267437339, -367600.027982441708446 ], [ 11450634.931790169328451, -367591.298970128584187 ], [ 11450667.983660185709596, -367562.692180503800046 ], [ 11450668.016388116404414, -367562.663858390238602 ], [ 11450668.642337612807751, -367561.967178955907002 ], [ 11450680.480386218056083, -367548.791821026999969 ], [ 11450683.250237787142396, -367536.653901266690809 ], [ 11450679.787978988140821, -367521.394641547522042 ], [ 11450677.018127419054508, -367505.441938480420504 ], [ 11450678.403053199872375, -367492.610355093376711 ], [ 11450692.187300471588969, -367482.034728351805825 ], [ 11450693.475044341757894, -367481.046688673319295 ], [ 11450702.890001595020294, -367477.909180484886747 ], [ 11450707.127934604883194, -367476.621305764536373 ], [ 11450729.703527338802814, -367469.75710101990262 ], [ 11450744.031459, -367467.865988158679102 ], [ 11450747.184026980772614, -367467.450077137968037 ], [ 11450757.689247326925397, -367458.089291980373673 ], [ 11450760.651458973065019, -367449.205745920189656 ], [ 11450761.206943236291409, -367447.540987089276314 ], [ 11450764.74467665143311, -367427.60959976084996 ], [ 11450764.533169621601701, -367425.214488396712113 ], [ 11450763.606991456821561, -367414.706328155065421 ], [ 11450756.878841429948807, -367407.903454578306992 ], [ 11450755.469536678865552, -367406.478430463175755 ], [ 11450736.849125452339649, -367397.055208090634551 ], [ 11450714.727716246619821, -367389.97022992616985 ], [ 11450710.358648870140314, -367381.125158275943249 ], [ 11450710.292191134765744, -367380.990572694223374 ], [ 11450710.087919864803553, -367380.577115097839851 ], [ 11450711.823390731588006, -367375.947460499708541 ], [ 11450713.603389389812946, -367371.201841732137837 ], [ 11450720.218104852363467, -367366.045999238209333 ], [ 11450721.866746507585049, -367364.760021394176874 ], [ 11450724.085789235308766, -367363.028361315315124 ], [ 11450724.092245766893029, -367363.025127689994406 ], [ 11450724.10638334415853, -367363.014088777767029 ], [ 11450725.114715291187167, -367362.5091978040291 ], [ 11450737.97378627024591, -367356.0202117000008 ], [ 11450742.232313388958573, -367354.505315887799952 ], [ 11450751.656064884737134, -367351.1530542364344 ], [ 11450752.200862469151616, -367350.884329164226074 ], [ 11450755.432244652882218, -367349.713312296720687 ], [ 11450757.098252149298787, -367349.10951718618162 ], [ 11450757.570246789604425, -367348.938358273822814 ], [ 11450763.873935595154762, -367346.653972255066037 ], [ 11450767.481688974425197, -367343.357128410774749 ], [ 11450774.306686952710152, -367337.120477349672001 ], [ 11450774.399082127958536, -367337.036068696761504 ], [ 11450775.968686953186989, -367330.562471659388393 ], [ 11450777.815254665911198, -367323.256496517860796 ], [ 11450777.900080112740397, -367323.12057296425337 ], [ 11450779.405676230788231, -367321.428162992815487 ], [ 11450779.547051982954144, -367320.507584751292598 ], [ 11450785.219670591875911, -367283.574072288465686 ], [ 11450785.779051033779979, -367261.022145353781525 ], [ 11450785.785841526463628, -367260.748960345634259 ], [ 11450785.804320555180311, -367260.002440483542159 ], [ 11450788.197021692991257, -367163.536617871897761 ], [ 11450788.197133017703891, -367163.532938241085503 ], [ 11450788.182772802188993, -367163.533495761454105 ], [ 11450802.53597398661077, -367031.993655774509534 ], [ 11450809.864470018073916, -366964.832115459546912 ], [ 11450810.018090918660164, -366961.050352999533061 ], [ 11450811.028537938371301, -366936.182670000125654 ], [ 11450815.341722924262285, -366830.025565405143425 ], [ 11450815.292408393695951, -366829.296220005839132 ], [ 11450815.222054472193122, -366828.25722896627849 ], [ 11450815.377456484362483, -366828.259124527277891 ], [ 11450815.65475333109498, -366808.25637464778265 ], [ 11450815.970121454447508, -366808.271762144810054 ], [ 11450818.80732131190598, -366739.687683221942279 ], [ 11450819.338649243116379, -366726.844815039832611 ], [ 11450819.421248303726315, -366724.847563465009443 ], [ 11450820.75752747617662, -366692.54454416729277 ], [ 11450821.292640266939998, -366679.609133531979751 ], [ 11450821.575503094121814, -366672.770958416862413 ], [ 11450821.741925731301308, -366668.747020320559386 ], [ 11450822.227278709411621, -366657.015738533867989 ], [ 11450822.724542874842882, -366644.994102957425639 ], [ 11450822.72175988741219, -366644.987858759472147 ], [ 11450823.049707105383277, -366636.118650243850425 ], [ 11450823.296391101554036, -366636.12634398357477 ], [ 11450837.362499319016933, -366636.566559638769832 ], [ 11450890.605275932699442, -366634.848291336151306 ], [ 11450896.673524010926485, -366634.652491268294398 ], [ 11450910.252164179459214, -366634.214282674307469 ], [ 11450910.269752657040954, -366634.195996110560372 ], [ 11450916.656931083649397, -366634.076241396251135 ], [ 11450917.37338332273066, -366634.062860983307473 ], [ 11450921.948948353528976, -366624.681629501923453 ], [ 11450921.932918353006244, -366624.680179959745146 ], [ 11450922.322759203612804, -366623.887055933650117 ], [ 11450923.058024441823363, -366622.407516708190087 ], [ 11450923.623416136950254, -366621.269958562334068 ], [ 11450932.335279487073421, -366603.74161847284995 ], [ 11450932.335279487073421, -366603.557860829459969 ], [ 11450932.592984104529023, -366603.046952126314864 ], [ 11450936.688539491966367, -366585.853459656995256 ], [ 11450936.733623884618282, -366585.826029816933442 ], [ 11450939.307330513373017, -366574.835808370437007 ], [ 11450940.40171242877841, -366570.257478949264623 ], [ 11450935.597608484327793, -366571.046365457645152 ], [ 11450934.765383969992399, -366561.225258452293929 ], [ 11450930.182583171874285, -366561.454732411599252 ], [ 11450929.320302397012711, -366553.753751435258891 ], [ 11450943.584225352853537, -366553.652060359949246 ], [ 11450945.418325280770659, -366543.912575349153485 ], [ 11450987.350485032424331, -366543.245896723179612 ], [ 11450987.368184827268124, -366543.245562210329808 ], [ 11450987.3814318459481, -366543.237645472632721 ], [ 11450987.382879003882408, -366543.197392758505885 ], [ 11450987.605629302561283, -366537.209885169111658 ], [ 11450990.119668684899807, -366469.632179310021456 ], [ 11450990.125234657898545, -366469.482987904630136 ], [ 11450990.138815637677908, -366469.178583916916978 ], [ 11450990.189911281690001, -366468.061320939741563 ], [ 11450990.191135795786977, -366468.033445113862399 ], [ 11451018.68836884573102, -366430.000571204873268 ], [ 11451041.23846941255033, -366399.904843899887055 ], [ 11451042.418567333370447, -366398.307894758472685 ], [ 11451045.912774831056595, -366393.580046800663695 ], [ 11451050.518507434055209, -366369.743672371434513 ], [ 11451050.212378846481442, -366368.889557917835191 ], [ 11451049.706988355144858, -366367.480157593847252 ], [ 11451048.312155136838555, -366363.526254555152263 ], [ 11451046.974094858393073, -366359.735146298946347 ], [ 11451048.284325258806348, -366360.378519664285704 ], [ 11451049.368577100336552, -366360.911504876858089 ], [ 11451051.97790596447885, -366362.19156142877182 ], [ 11451135.237092711031437, -366403.248156565707177 ], [ 11451136.796678781509399, -366404.01641379413195 ], [ 11451139.111010996624827, -366403.772221731313039 ], [ 11451218.981632445007563, -366395.330312793259509 ], [ 11451219.756416101008654, -366394.869804507412482 ], [ 11451220.184439541772008, -366394.615688675490674 ], [ 11451220.193901700899005, -366394.610002008208539 ], [ 11451229.587040329352021, -366389.020345883036498 ], [ 11451234.893083859235048, -366385.863355500390753 ], [ 11451235.135982990264893, -366385.718847343407106 ], [ 11451235.799558473750949, -366385.324014489189722 ], [ 11451251.385623015463352, -366376.050293088599574 ], [ 11451253.338166890665889, -366374.891774863586761 ], [ 11451254.587171575054526, -366374.151393638574518 ], [ 11451254.653963269665837, -366374.11236752057448 ], [ 11451313.006527146324515, -366339.401427886448801 ], [ 11451320.166596798226237, -366335.967130562756211 ], [ 11451336.215527784079313, -366328.266722727159504 ], [ 11451336.22332014888525, -366328.263377630035393 ], [ 11451367.236151043325663, -366313.385513260553125 ], [ 11451402.46064355969429, -366296.487214355787728 ], [ 11451402.668254410848022, -366296.482531223678961 ], [ 11451423.256571590900421, -366296.02101981715532 ], [ 11451462.891542330384254, -366295.132451476063579 ], [ 11451466.698668917641044, -366295.047709103266243 ], [ 11451468.493139110505581, -366295.007567980850581 ], [ 11451487.246131846681237, -366294.586866720521357 ], [ 11451507.116549635306001, -366294.141188767971471 ], [ 11451525.069043913856149, -366293.739777548762504 ], [ 11451570.789071975275874, -366292.715063917450607 ], [ 11451603.052799995988607, -366246.013109123276081 ], [ 11451607.007981503382325, -366240.28742673312081 ], [ 11451696.358125511556864, -366352.855734693293925 ], [ 11451700.669863348826766, -366358.287835004797671 ], [ 11451684.707761563360691, -366368.130778704420663 ], [ 11451733.484956799075007, -366435.72001918614842 ], [ 11451757.137788249179721, -366420.569403501693159 ], [ 11451757.472971234470606, -366420.570184022479225 ], [ 11451781.785148024559021, -366405.841721628792584 ], [ 11451782.061220357194543, -366405.674466780619696 ], [ 11451782.481451440602541, -366406.261865793610923 ], [ 11451786.236591817811131, -366411.510545895202085 ], [ 11451808.02203880995512, -366441.960968227940612 ], [ 11451808.101075647398829, -366442.071356458589435 ], [ 11451811.118835721164942, -366440.151493267039768 ], [ 11451840.165653090924025, -366421.671947570634075 ], [ 11451844.502660451456904, -366418.912688330456149 ], [ 11451860.585989166051149, -366408.680593852244783 ], [ 11451860.666139198467135, -366408.6304174028337 ], [ 11451863.115167997777462, -366407.072717269766144 ], [ 11451864.177155939862132, -366406.39700770372292 ], [ 11451892.206290524452925, -366389.612427937798202 ], [ 11451892.20963010750711, -366389.610197871807031 ], [ 11451936.851306268945336, -366362.87842104700394 ], [ 11451940.12933131121099, -366360.915518993395381 ], [ 11451948.118731163442135, -366356.131363514286932 ], [ 11451952.165194654837251, -366353.708399472467136 ], [ 11451972.508831599727273, -366344.609740686893929 ], [ 11451975.935134205967188, -366343.077352674270514 ], [ 11451976.725391272455454, -366342.723887645814102 ], [ 11451999.68414569273591, -366332.455896164174192 ], [ 11452005.634729072451591, -366329.319200968777295 ], [ 11452055.57443374954164, -366313.312144200026523 ], [ 11452056.772788070142269, -366312.928015898680314 ], [ 11452066.94004244171083, -366309.669113814597949 ], [ 11452084.098940070718527, -366303.367179995635524 ], [ 11452083.896561238914728, -366302.751459734223317 ], [ 11452115.339975925162435, -366293.676555285172071 ], [ 11452134.00279987975955, -366366.876813833485357 ], [ 11452135.50405453145504, -366372.765297410078347 ], [ 11452164.833512088283896, -366487.802980308886617 ], [ 11452166.3892019726336, -366493.904664635367226 ], [ 11452196.569140443578362, -366612.277986656874418 ], [ 11452197.031005010008812, -366614.089471480459906 ], [ 11452197.889834880828857, -366614.157823087181896 ], [ 11452197.940262608230114, -366614.229631302005146 ], [ 11452197.957851091399789, -366614.229631302005146 ], [ 11452197.974437696859241, -366614.278246800007764 ], [ 11452203.374212233349681, -366630.147863164835144 ], [ 11452203.454250950366259, -366630.118426247616298 ], [ 11452203.500448537990451, -366630.253791440918576 ], [ 11452203.663642913103104, -366630.196924678923097 ], [ 11452207.37737244181335, -366628.901254563184921 ], [ 11452208.076347528025508, -366628.657396512979176 ], [ 11452207.996420131996274, -366628.543551488313824 ], [ 11452241.147698450833559, -366615.893708610616159 ], [ 11452230.649825189262629, -366593.577635571127757 ], [ 11452227.6041239220649, -366587.102632352267392 ], [ 11452246.565172789618373, -366582.564443651819602 ], [ 11452264.466460099443793, -366578.279367861687206 ], [ 11452264.183708596974611, -366575.669073263707105 ], [ 11452262.831176780164242, -366563.167312909499742 ], [ 11452384.57239830121398, -366560.070863916364033 ], [ 11452382.872549677267671, -366575.176228244672529 ], [ 11452390.816753817722201, -366575.077324730635155 ], [ 11452407.295823318883777, -366593.417516665882431 ], [ 11452408.591804832220078, -366593.321400716900826 ], [ 11452427.611964350566268, -366591.910101989458781 ], [ 11452443.413543423637748, -366582.865725856157951 ], [ 11452448.408782938495278, -366574.359911869629286 ], [ 11452476.126556912437081, -366574.01469735201681 ], [ 11452494.052891107276082, -366573.791356045694556 ], [ 11452497.940167728811502, -366573.743409585091285 ], [ 11452508.061335830017924, -366569.014550630759913 ], [ 11452518.101240701973438, -366564.323603027849458 ], [ 11452522.978147596120834, -366562.045588848006446 ], [ 11452558.677417738363147, -366552.065144314488862 ], [ 11452578.855188636109233, -366556.486364724929444 ], [ 11452600.395732745528221, -366539.020030729821883 ], [ 11452616.906528299674392, -366537.22571864357451 ], [ 11452647.328475339338183, -366548.195754263724666 ], [ 11452670.654584085568786, -366545.180926152155735 ], [ 11452689.465908231213689, -366540.658684147580061 ], [ 11452697.944557247683406, -366528.419183610996697 ], [ 11452756.663139617070556, -366522.038404521008488 ], [ 11452769.871419835835695, -366520.603133473836351 ], [ 11452772.259000279009342, -366519.753366496006493 ], [ 11452809.713110867887735, -366506.422473677142989 ], [ 11452809.846137663349509, -366506.375084762694314 ], [ 11452822.890889551490545, -366501.732197735924274 ], [ 11452825.318545006215572, -366500.868158475786913 ], [ 11452825.49888257868588, -366500.804601581592578 ], [ 11452825.52559925802052, -366500.79456628090702 ], [ 11452842.577518856152892, -366494.725440548965707 ], [ 11452868.333509447053075, -366485.558753198187333 ], [ 11452898.6702970713377, -366485.87988272763323 ], [ 11453036.215546704828739, -366487.337230982608162 ], [ 11453046.683586340397596, -366498.505180071108043 ], [ 11453047.044595448300242, -366498.890312539529987 ], [ 11453047.4865338280797, -366498.831215782905929 ], [ 11453073.017436403781176, -366499.574608427996282 ], [ 11453075.089092126116157, -366499.658681931323372 ], [ 11453075.156217776238918, -366499.636492770223413 ], [ 11453114.4925183262676, -366486.502517205197364 ], [ 11453134.451435104012489, -366478.505723162437789 ], [ 11453145.334473805502057, -366474.145275155315176 ], [ 11453145.397146673873067, -366474.120186912652571 ], [ 11453151.018892282620072, -366468.645598185248673 ], [ 11453166.718391388654709, -366453.357048454403412 ], [ 11453173.211323324590921, -366447.034032365772873 ], [ 11453185.456244677305222, -366420.903913230635226 ], [ 11453190.339942056685686, -366410.482374583021738 ], [ 11453190.981476282700896, -366409.113337892806157 ], [ 11453200.252942711114883, -366393.635463896032888 ], [ 11453211.842192260548472, -366390.539911655709147 ], [ 11453228.310686407610774, -366388.040567167452537 ], [ 11453237.240958599373698, -366386.685245655535255 ], [ 11453237.338474472984672, -366386.670415727072395 ], [ 11453266.697876973077655, -366386.670415727072395 ], [ 11453272.106223113834858, -366385.89658345998032 ], [ 11453429.092531256377697, -366433.003911350970156 ], [ 11453455.161774884909391, -366440.826534019375686 ], [ 11453455.216210113838315, -366440.842813494848087 ], [ 11453466.251422557979822, -366431.708355030394159 ], [ 11453561.762766424566507, -366352.648673294053879 ], [ 11453583.428322320804, -366354.735343731299508 ], [ 11453703.689439890906215, -366360.0783530959161 ], [ 11453704.006811756640673, -366360.092402494163252 ], [ 11453704.339879674836993, -366360.107232418959029 ], [ 11453966.645892012864351, -366371.760988134541549 ], [ 11453966.647339163348079, -366372.014880910166539 ], [ 11453966.886119477450848, -366412.426656471972819 ], [ 11453967.302565693855286, -366502.496999040653463 ], [ 11453967.418560596182942, -366502.54260390001582 ], [ 11453969.789999712258577, -366503.47466019919375 ], [ 11453982.062416972592473, -366508.29795968811959 ], [ 11453997.093887817114592, -366514.136162752110977 ], [ 11454002.975675752386451, -366516.432797006738838 ], [ 11454013.002890205010772, -366520.348125330870971 ], [ 11454070.949026620015502, -366557.495024300180376 ], [ 11454152.846442041918635, -366641.075425133865792 ], [ 11454199.203328907489777, -366726.977615771116689 ], [ 11454214.692768136039376, -366777.491634760983288 ], [ 11454204.091924345120788, -366781.280415690212976 ], [ 11454203.881307868286967, -366781.355680626351386 ], [ 11454130.482801616191864, -366847.910641449911054 ], [ 11454084.942999808117747, -366894.43823444028385 ], [ 11454068.202440824359655, -366911.541791174968239 ], [ 11454053.221175072714686, -366926.847910059790593 ], [ 11454003.001056592911482, -366985.663924386841245 ], [ 11453999.018824450671673, -366988.513069787994027 ], [ 11453954.428466577082872, -367020.416099408059381 ], [ 11453943.509694322943687, -367028.228170593618415 ], [ 11453887.881341027095914, -367060.731771559745539 ], [ 11453862.779686406254768, -367070.230341982794926 ], [ 11453852.762935983017087, -367073.926807683077641 ], [ 11453794.206100840121508, -367083.594976681109983 ], [ 11453755.334113892167807, -367084.446086019801442 ], [ 11453734.903313791379333, -367084.722615720005706 ], [ 11453721.96442673355341, -367103.019516817410477 ], [ 11453695.11527874879539, -367140.987056930141989 ], [ 11453672.266507986932993, -367172.864818989357445 ], [ 11453554.938881635665894, -367332.985122506332118 ], [ 11453546.384980648756027, -367343.978095134603791 ], [ 11453442.907280061393976, -367400.649658317735884 ], [ 11453361.91912224330008, -367435.545915377151687 ], [ 11453337.005931526422501, -367446.132688105979469 ], [ 11453332.277413513511419, -367448.317948876472656 ], [ 11453328.325794231146574, -367450.020619177899789 ], [ 11453181.612160015851259, -367516.409282212262042 ], [ 11453005.291994038969278, -367599.327177114493679 ], [ 11453005.395855121314526, -367599.311454991693608 ], [ 11453005.44439041800797, -367599.361854992224835 ], [ 11453005.670257668942213, -367599.596906324615702 ], [ 11453012.519634617492557, -367603.165048068680335 ], [ 11453013.589526241645217, -367604.849099509592634 ], [ 11453039.794357012957335, -367646.096604061080143 ], [ 11453130.742380989715457, -367784.543433855869807 ], [ 11453194.737173262983561, -367881.960374747461174 ], [ 11453314.351301955059171, -367865.186499169969466 ], [ 11453343.058706194162369, -367951.452028711617459 ], [ 11453363.393214942887425, -368006.566180103342049 ], [ 11453364.552384799346328, -368007.701410866575316 ], [ 11453369.058375149965286, -368012.114660965045914 ], [ 11453417.219528324902058, -368059.284007312438916 ], [ 11453411.232209509238601, -368068.971887164167129 ], [ 11453399.964005375280976, -368085.011310735426378 ], [ 11453399.198906518518925, -368135.593186138372403 ], [ 11453398.081258829683065, -368158.729242787812836 ], [ 11453398.081258829683065, -368209.476625385985244 ], [ 11453397.543585687875748, -368245.021316379541531 ], [ 11453427.556099642068148, -368311.934753369423561 ], [ 11453469.389185044914484, -368345.579317526775412 ], [ 11453493.772606307640672, -368366.006733751390129 ], [ 11453514.567977745085955, -368410.823024312849157 ], [ 11453533.083859968930483, -368451.580094519362319 ], [ 11453498.714746423065662, -368571.345645784866065 ], [ 11453503.071346014738083, -368638.259168813587166 ], [ 11453591.172485332936049, -368860.81974870263366 ], [ 11454402.501996122300625, -368824.071825035905931 ], [ 11454402.615542005747557, -368824.157907409593463 ], [ 11454401.767287483438849, -368824.744427191209979 ], [ 11454368.253441587090492, -368847.880739617045037 ], [ 11454353.943321047350764, -369124.253504313295707 ], [ 11454326.822553504258394, -369647.986002189747524 ], [ 11454479.099824545904994, -370127.235270831850357 ], [ 11454555.808972455561161, -370368.657069133012556 ], [ 11454556.840904138982296, -370396.095655476558022 ], [ 11454557.816062871366739, -370422.022209946997464 ], [ 11454557.827194822952151, -370422.300978145096451 ], [ 11454559.843190800398588, -370475.888044595951214 ], [ 11454566.611415844410658, -370495.157628673652653 ], [ 11454580.137847168371081, -370525.973805221845396 ], [ 11454187.797867843881249, -370719.923231086402666 ], [ 11454193.445105612277985, -370682.584923721733503 ], [ 11454121.18094496615231, -370664.488365940109361 ], [ 11453963.516923768445849, -370739.466051580791827 ], [ 11453961.500927785411477, -370741.425240157288499 ], [ 11453938.040456423535943, -370752.658739716338459 ], [ 11453933.300361186265945, -370754.928811766323633 ], [ 11453931.216460317373276, -370754.962152539868839 ], [ 11453930.920350469648838, -370754.966724354482722 ], [ 11453645.890467841178179, -370890.512791282788385 ], [ 11453553.722048284485936, -370934.343599249201361 ], [ 11453525.000506460666656, -370948.002190442173742 ], [ 11453470.435031661763787, -370958.739278299675789 ], [ 11453453.958633832633495, -370951.192429026064929 ], [ 11453427.003732329234481, -370954.833159291243646 ], [ 11453423.080833476036787, -370968.055757399532013 ], [ 11453317.252733163535595, -370988.878732216835488 ], [ 11453168.831569282338023, -370953.491720223799348 ], [ 11452897.814250193536282, -370898.315435194293968 ], [ 11452868.293434429913759, -370880.184274473693222 ], [ 11452771.449930213391781, -370820.704944675031584 ], [ 11452721.858210260048509, -370766.005979009903967 ], [ 11452702.65448490716517, -370736.871269726834726 ], [ 11452685.824091095477343, -370711.337147632671986 ], [ 11452672.315470883622766, -370688.561728228582069 ], [ 11452656.57155530154705, -370637.990835879987571 ], [ 11452645.387286061421037, -370602.067586042336188 ], [ 11452623.083312885835767, -370465.541279559955001 ], [ 11452596.415615675970912, -370311.480639173765667 ], [ 11452596.299843402579427, -370310.80936602858128 ], [ 11452578.593365198001266, -370137.899798964266665 ], [ 11452560.69207788258791, -370055.975642934150528 ], [ 11452515.687834145501256, -369969.442970889271237 ], [ 11452452.340364716947079, -369884.031009534257464 ], [ 11452448.099092112854123, -369878.3118292898871 ], [ 11452357.896908720955253, -369796.231757143104915 ], [ 11452278.480470800772309, -369737.181198851496447 ], [ 11452204.498650409281254, -369682.169438654033002 ], [ 11452135.584093248471618, -369631.836517682881095 ], [ 11452042.073494590818882, -369563.539935627835803 ], [ 11451958.571631351485848, -369498.588586172903888 ], [ 11451924.777260338887572, -369472.30208377353847 ], [ 11451884.195739965885878, -369431.27111179206986 ], [ 11451880.201596640050411, -369424.200499064230826 ], [ 11451866.188699139282107, -369399.388126937905326 ], [ 11451816.627035446465015, -369331.043741254892666 ], [ 11451800.617066280916333, -369288.461771547910757 ], [ 11451780.680858671665192, -369235.432813349121716 ], [ 11451744.772530529648066, -369121.62642379902536 ], [ 11451741.40099710971117, -369112.057651520823129 ], [ 11451702.249598242342472, -369000.94358621921856 ], [ 11451699.856229189783335, -368994.151765659626108 ], [ 11451695.03275565430522, -368985.087456787470728 ], [ 11451668.350586907938123, -368934.945528846932575 ], [ 11451645.138246685266495, -368913.43160686903866 ], [ 11451595.621444748714566, -368903.545953319349792 ], [ 11451569.768494887277484, -368879.30260045506293 ], [ 11451370.401966042816639, -368785.546848465455696 ], [ 11451314.844857219606638, -368760.089894583448768 ], [ 11451305.133901439607143, -368755.640152295818552 ], [ 11451219.915491649881005, -368716.592127041600179 ], [ 11451194.435350762680173, -368704.916827151202597 ], [ 11451127.993199491873384, -368652.972986207576469 ], [ 11451090.597976909950376, -368628.902744832215831 ], [ 11451089.115201285108924, -368626.652564569783863 ], [ 11451088.96636713296175, -368626.426654501701705 ], [ 11451088.771224066615105, -368626.130719002627302 ], [ 11451078.676772637292743, -368620.456206172762904 ], [ 11451072.8684555683285, -368612.042004724382423 ], [ 11451072.837954027578235, -368611.997737066994887 ], [ 11451072.784631991758943, -368611.920575295342132 ], [ 11451037.950202971696854, -368577.426816344377585 ], [ 11451034.803980203345418, -368572.413979098782875 ], [ 11451034.257178865373135, -368571.542675841075834 ], [ 11451034.129606729373336, -368571.352559123071842 ], [ 11451031.158378198742867, -368566.924456485488918 ], [ 11451026.819033129140735, -368560.673352283192798 ], [ 11451024.694834606721997, -368557.575174890691414 ], [ 11451022.222985314205289, -368553.959724075742997 ], [ 11451022.013927306979895, -368553.669475548958872 ], [ 11451015.992544731125236, -368545.306683175964281 ], [ 11451010.94465110450983, -368538.295894085720647 ], [ 11451003.486801819875836, -368521.610900244908407 ], [ 11451000.683999676257372, -368515.342961298592854 ], [ 11451000.682329887524247, -368515.337720545416232 ], [ 11451000.168924396857619, -368514.218429845059291 ] ] ] ] } },
{ "type": "Feature", "properties": { "fid": 40519, "kdkab": "74", "kdkec": "042", "nmkab": "LUBUKLINGGAU", "nmkec": "LUBUK LINGGAU UTARA II", "kdprov": "16", "nmprov": "SUMATERA SELATAN" }, "geometry": { "type": "MultiPolygon", "coordinates": [ [ [ [ 11450530.094878606498241, -366462.547371849010233 ], [ 11450530.098663466051221, -366462.568557471095119 ], [ 11450489.751025350764394, -366463.958334427210502 ], [ 11450470.525036094710231, -366464.620663950743619 ], [ 11450450.707272425293922, -366461.156368374824524 ], [ 11450450.700593255460262, -366461.155253341072239 ], [ 11450383.43278532102704, -366449.396340663544834 ], [ 11450370.507813204079866, -366447.136949885461945 ], [ 11450367.853956544771791, -366446.673096284153871 ], [ 11450288.60895062983036, -366452.411054667842109 ], [ 11450274.871012270450592, -366457.146598855615593 ], [ 11450230.728492708876729, -366472.364233007887378 ], [ 11450203.99344720505178, -366481.58076124638319 ], [ 11450203.445087395608425, -366481.769870847114362 ], [ 11450203.371616531163454, -366481.728837633971125 ], [ 11450202.68277152441442, -366481.34403973154258 ], [ 11450201.417291551828384, -366480.688400305400137 ], [ 11450196.414037035778165, -366477.844062575197313 ], [ 11450189.874128270894289, -366474.193221572961193 ], [ 11450189.349813472479582, -366473.901082932017744 ], [ 11450174.460831575095654, -366465.588512488873675 ], [ 11450163.822027841582894, -366459.64984751585871 ], [ 11450139.929525531828403, -366446.311602686881088 ], [ 11450139.973942011594772, -366445.757542948180344 ], [ 11450119.505070641636848, -366434.120839469542261 ], [ 11450116.534955307841301, -366390.982913920539431 ], [ 11450134.355647310614586, -366332.969925710523967 ], [ 11450142.52360362932086, -366271.981953682086896 ], [ 11450136.961970549076796, -366266.968217169924174 ], [ 11450106.243023103103042, -366239.27553645032458 ], [ 11450080.145393, -366238.167753546440508 ], [ 11450072.6610496789217, -366237.850415833177976 ], [ 11450046.531693521887064, -366237.321779828169383 ], [ 11450031.886389994993806, -366237.025404694024473 ], [ 11449965.05851667933166, -366257.850498455401976 ], [ 11449926.508465699851513, -366289.689872954739258 ], [ 11449926.158254584297538, -366289.248432133230381 ], [ 11449923.998656459152699, -366290.976730374095496 ], [ 11449920.65127937309444, -366286.696125948044937 ], [ 11449761.615802047774196, -366083.23324442881858 ], [ 11449638.098032772541046, -365925.212332024064381 ], [ 11449592.432439936324954, -365866.790706379862968 ], [ 11449573.48363621532917, -365842.546679589198902 ], [ 11449566.938050154596567, -365834.172829866758548 ], [ 11449467.455160818994045, -365723.416182500310242 ], [ 11448876.635868992656469, -365065.646774810913485 ], [ 11448861.239270219579339, -365048.505591157998424 ], [ 11448571.959988666698337, -364663.813655533303972 ], [ 11448492.958772441372275, -364439.605579830531497 ], [ 11448488.58502964489162, -364380.710629261040594 ], [ 11448482.13740474358201, -364376.238316128321458 ], [ 11448481.173377947881818, -364375.569308945036028 ], [ 11448442.93179327994585, -364303.008813435269985 ], [ 11448417.847059221938252, -364255.412338431808166 ], [ 11448299.807210767641664, -364093.914294681861065 ], [ 11448148.404910927638412, -363886.770314203051385 ], [ 11447986.982743717730045, -363717.51793965313118 ], [ 11447896.709315853193402, -363622.866285185911693 ], [ 11447720.178867356851697, -363437.773466051614378 ], [ 11447538.957081554457545, -363254.563296995474957 ], [ 11447538.30508329346776, -363253.904108520597219 ], [ 11447820.019871490076184, -363170.300822297576815 ], [ 11447854.816451884806156, -363159.974362076958641 ], [ 11447880.445092970505357, -363152.572547215386294 ], [ 11448042.184409407898784, -363104.540485001693014 ], [ 11448133.269245039671659, -363077.540222370880656 ], [ 11448390.349697843194008, -363001.086993894772604 ], [ 11448391.588015861809254, -363000.679016027715988 ], [ 11448396.6796580478549, -362999.167970362643246 ], [ 11448404.025965208187699, -362996.580951419076882 ], [ 11448411.91495487652719, -362993.981667551386636 ], [ 11448546.414057960733771, -362946.802312013984192 ], [ 11448563.795037975534797, -362940.317708311253227 ], [ 11448616.10540253482759, -362921.896498630347196 ], [ 11448617.352292153984308, -362921.50736450596014 ], [ 11448684.082760907709599, -362897.958062392717693 ], [ 11449459.602461298927665, -362624.856540635053534 ], [ 11449508.337689092382789, -362607.736915651767049 ], [ 11449518.994637902826071, -362603.941251856391318 ], [ 11449661.331412376835942, -362553.81624647375429 ], [ 11449669.916371507570148, -362550.622904155461583 ], [ 11449671.701713496819139, -362549.958813837787602 ], [ 11449672.003166677430272, -362549.846645462093875 ], [ 11449671.716741627082229, -362549.546600634173956 ], [ 11449543.997886089608073, -362415.743744789331686 ], [ 11449537.664586303755641, -362409.54494431061903 ], [ 11449529.051685977727175, -362401.114933005010244 ], [ 11449529.002037484198809, -362401.114933005010244 ], [ 11449519.408857733011246, -362391.755910799140111 ], [ 11449517.82945679500699, -362390.214991542685311 ], [ 11449529.559080217033625, -362401.597501684038434 ], [ 11449530.433272177353501, -362401.532943626400083 ], [ 11449528.283247534185648, -362399.280547641974408 ], [ 11449943.405985165387392, -362371.028430072765332 ], [ 11450008.240237718448043, -362366.239427910535596 ], [ 11450037.756155420094728, -362364.059172611043323 ], [ 11450151.023403344675899, -362368.945624977932312 ], [ 11450310.887209003791213, -362375.842296759190504 ], [ 11450375.549472942948341, -362371.202703321934678 ], [ 11450698.96376315318048, -362348.000836553866975 ], [ 11451141.599001614376903, -362250.803698372270446 ], [ 11451168.106398763135076, -362244.98233136307681 ], [ 11451178.189718240872025, -362237.072587059054058 ], [ 11451194.190781846642494, -362224.521137449715752 ], [ 11451194.217498520389199, -362224.715145811904222 ], [ 11451194.711757058277726, -362228.249666000367142 ], [ 11451270.363369807600975, -362166.204915491340216 ], [ 11451323.846819158643484, -362122.341217560635414 ], [ 11451390.093048129230738, -362075.166019069030881 ], [ 11451592.169093377888203, -361931.265618556411937 ], [ 11451683.380944548174739, -361818.32299936824711 ], [ 11451752.396802451461554, -361732.863772741984576 ], [ 11451804.75703814253211, -361660.62721717817476 ], [ 11451922.667755985632539, -361497.956599902478047 ], [ 11451946.487010067328811, -361465.095480104966555 ], [ 11451947.377343354746699, -361463.867103287484497 ], [ 11451948.644381800666451, -361462.11914438707754 ], [ 11451940.176753412932158, -361462.477499931468628 ], [ 11450073.282769035547972, -361440.254663930682 ], [ 11450058.771828128024936, -359776.092992295802105 ], [ 11450058.692679973319173, -359767.021180234965868 ], [ 11450058.638356059789658, -359760.7911947867251 ], [ 11450069.611674861982465, -359760.816058536816854 ], [ 11450084.301060909405351, -359760.849284527532291 ], [ 11451020.187174461781979, -359762.970061806903686 ], [ 11453234.130692025646567, -359769.556613600812852 ], [ 11453235.043289210647345, -359767.989082478277851 ], [ 11453235.427341455593705, -359767.329468417272437 ], [ 11453238.750228252261877, -359761.621956122748088 ], [ 11453240.951014583930373, -359757.843335621641017 ], [ 11453256.171728562563658, -359731.69961127982242 ], [ 11453284.033883912488818, -359708.423584737058263 ], [ 11453294.876402316614985, -359696.00063748593675 ], [ 11453298.672396952286363, -359686.741963631066028 ], [ 11453307.300770681351423, -359665.692531988373958 ], [ 11453306.579420384019613, -359649.752989345171954 ], [ 11453306.561609264463186, -359649.35717672703322 ], [ 11453293.47043714672327, -359628.328936371952295 ], [ 11453288.357532933354378, -359617.332037891144864 ], [ 11453287.317808886989951, -359615.094303540652618 ], [ 11453287.508165221661329, -359607.345298507367261 ], [ 11453288.160497438162565, -359580.871579434897285 ], [ 11453293.668585838750005, -359563.437996583466884 ], [ 11453297.492410350590944, -359551.335059952747542 ], [ 11453297.49574993737042, -359549.779684958630241 ], [ 11453304.186051333323121, -359543.351916828425601 ], [ 11453316.074972946196795, -359531.929110365570523 ], [ 11453340.042059317231178, -359524.201295340550132 ], [ 11453367.069318482652307, -359531.257902056502644 ], [ 11453388.710940688848495, -359527.414621334231924 ], [ 11453390.357355959713459, -359526.054365349700674 ], [ 11453415.024641927331686, -359505.690666260605212 ], [ 11453432.971570232883096, -359490.096784841036424 ], [ 11453438.243661316111684, -359485.516514628077857 ], [ 11453453.724862899631262, -359456.924393865978345 ], [ 11453461.561755048111081, -359417.896227568679024 ], [ 11453465.598199784755707, -359333.901647412159946 ], [ 11453462.482367239892483, -359328.228720781742595 ], [ 11453461.749884990975261, -359326.894111314788461 ], [ 11453463.335074538365006, -359322.13991364906542 ], [ 11453464.08202832005918, -359319.897725272108801 ], [ 11453448.194510594010353, -359290.430401447345503 ], [ 11453436.373493866994977, -359268.505798759113532 ], [ 11453433.799787241965532, -359266.258036638144404 ], [ 11453419.407290276139975, -359253.692422838124912 ], [ 11453416.967167038470507, -359252.211754327290691 ], [ 11453415.548956727609038, -359251.349889308970887 ], [ 11453409.409686805680394, -359231.114460102340672 ], [ 11453410.225658675655723, -359210.115286349959206 ], [ 11453423.372490538284183, -359203.920564289437607 ], [ 11453442.69755413942039, -359199.294592255726457 ], [ 11453445.41041012853384, -359199.40497336385306 ], [ 11453462.784043058753014, -359200.114088369591627 ], [ 11453483.630844101309776, -359206.380167717114091 ], [ 11453498.313884936273098, -359204.854901396669447 ], [ 11453516.747279416769743, -359185.14239698718302 ], [ 11453521.542923081666231, -359180.013578529178631 ], [ 11453533.211432104930282, -359141.92653393157525 ], [ 11453531.770957896485925, -359090.588206154236104 ], [ 11453522.813078463077545, -359075.72914014122216 ], [ 11453511.76684539578855, -359067.641224331979174 ], [ 11453504.788226518779993, -359062.531365499889944 ], [ 11453485.527728224173188, -359036.045509136107285 ], [ 11453478.916463667526841, -359022.056118250184227 ], [ 11453477.065220534801483, -359018.138152543397155 ], [ 11453475.604708814993501, -358976.912554059992544 ], [ 11453477.217728238552809, -358944.247619219589978 ], [ 11453479.209233926609159, -358933.345558550267015 ], [ 11453480.343579538166523, -358927.143046894634608 ], [ 11453478.534637814387679, -358914.719070320308674 ], [ 11453471.963448267430067, -358869.567744137952104 ], [ 11453458.110850837081671, -358843.094197348807938 ], [ 11453453.867351846769452, -358835.289497235382441 ], [ 11453449.643890364095569, -358827.520476280828007 ], [ 11453448.257962705567479, -358822.361570154957008 ], [ 11453442.743195133283734, -358801.838558626710437 ], [ 11453444.358440943062305, -358767.619424875068944 ], [ 11453451.524076567962766, -358747.653901371988468 ], [ 11453455.237694777548313, -358737.307107750733849 ], [ 11453459.775077220052481, -358733.185114908614196 ], [ 11453480.007394675165415, -358714.802834882983007 ], [ 11453500.92210060544312, -358688.401796316204127 ], [ 11453528.078490380197763, -358632.45667903998401 ], [ 11453523.258356425911188, -358618.553189435158856 ], [ 11453522.701758971437812, -358616.94765425811056 ], [ 11453524.227949196472764, -358617.38583156367531 ], [ 11453526.682543972507119, -358607.992336241470184 ], [ 11453528.233224475756288, -358602.058546481886879 ], [ 11453560.935551283881068, -358476.920545097615104 ], [ 11453572.292365739122033, -358433.459662013221532 ], [ 11453567.967603521421552, -358409.478136698890012 ], [ 11453563.857687920331955, -358386.688500888645649 ], [ 11453563.885517794638872, -358350.929742998210713 ], [ 11453564.81392234377563, -358342.458335238858126 ], [ 11453566.256622944027185, -358329.269565457419958 ], [ 11453572.921320861205459, -358296.080789565050509 ], [ 11453573.172902908176184, -358294.828698671597522 ], [ 11453574.989636996760964, -358289.004190538544208 ], [ 11453600.73449563421309, -358206.450962453091051 ], [ 11453620.286650998517871, -358129.542787009500898 ], [ 11453604.426963144913316, -358121.988999692373909 ], [ 11453581.536336254328489, -358111.08590299327625 ], [ 11453550.045165505260229, -358082.603393524652347 ], [ 11453538.26533698476851, -358071.947819419030566 ], [ 11453475.559067824855447, -358040.553072083566803 ], [ 11453429.997113432735205, -358017.742326198553201 ], [ 11453402.531255474314094, -358011.362587641517166 ], [ 11453350.177698951214552, -357999.200724210706539 ], [ 11453268.035046696662903, -358000.177419467072468 ], [ 11453256.936493463814259, -358001.830888735945337 ], [ 11453199.564654299989343, -358010.371397952898405 ], [ 11453099.132209703326225, -358029.686776513408404 ], [ 11453067.407268026843667, -358033.935848050517961 ], [ 11453066.041377872228622, -358033.062842790561263 ], [ 11453065.918926430866122, -358032.542161491699517 ], [ 11453065.183104595169425, -358029.411384060920682 ], [ 11453053.661537302657962, -358030.031295822176617 ], [ 11453029.772374577820301, -358016.222650593088474 ], [ 11453024.490264739841223, -358009.356794343795627 ], [ 11453005.917720893397927, -357985.213690917473286 ], [ 11452978.674501914530993, -357940.438471702160314 ], [ 11452976.621770502999425, -357935.389985729649197 ], [ 11452966.775561539456248, -357911.174426376237534 ], [ 11452951.146305037662387, -357893.268362042668741 ], [ 11452941.208814088255167, -357881.88251488894457 ], [ 11452910.505785338580608, -357857.739438509976026 ], [ 11452885.732745854184031, -357839.283713541459292 ], [ 11452960.255578968673944, -357834.651107400713954 ], [ 11452967.359988868236542, -357834.209588267607614 ], [ 11452972.801285577937961, -357833.866184499929659 ], [ 11453018.55025671236217, -357830.981815881095827 ], [ 11453116.974497692659497, -357824.776019558834378 ], [ 11453330.455224771052599, -357811.316377666371409 ], [ 11453490.932289499789476, -357794.467298712872434 ], [ 11453531.242190312594175, -357790.234960322093684 ], [ 11453766.073216490447521, -357758.974307297903579 ], [ 11454676.225492037832737, -357637.815135729324538 ], [ 11454692.78871906735003, -357630.010518365714233 ], [ 11454995.972918223589659, -357487.141517300333362 ], [ 11455002.679917542263865, -358039.122592112631537 ], [ 11455049.906098313629627, -358469.007719664892647 ], [ 11455127.523613272234797, -359175.554851540073287 ], [ 11455136.215439110994339, -359495.477599111502059 ], [ 11455138.609921358525753, -359583.643381099624094 ], [ 11455133.372339321300387, -359665.311213862034492 ], [ 11455113.979370826855302, -359967.655638946220279 ], [ 11455012.483825096860528, -360450.856042396451812 ], [ 11454969.504482896998525, -360655.470503060205374 ], [ 11454909.868405286222696, -360854.954210151219741 ], [ 11454785.433252088725567, -361271.192623817769345 ], [ 11454677.825153117999434, -361706.814364775607828 ], [ 11454645.171806884929538, -361839.00042682653293 ], [ 11454607.61149749904871, -361917.641585065925028 ], [ 11454557.36299254745245, -362022.849627925897948 ], [ 11454563.282963067293167, -362096.213670180353802 ], [ 11454572.86200524866581, -362214.916609047853854 ], [ 11454598.280475137755275, -362352.980167050089221 ], [ 11454619.87890538200736, -362470.294430250010919 ], [ 11454664.2511883713305, -362506.837217225169297 ], [ 11454771.58276972360909, -362595.230247410130687 ], [ 11454869.156529795378447, -362899.84842876897892 ], [ 11455038.606613403186202, -363428.861027399951126 ], [ 11455038.849957812577486, -363429.260755811235867 ], [ 11455043.327895643189549, -363436.615758827188984 ], [ 11455047.266713187098503, -363443.085338696197141 ], [ 11455048.972684381529689, -363445.887340466084424 ], [ 11455239.311091201379895, -363918.238829466979951 ], [ 11455239.452244317159057, -363918.589164799079299 ], [ 11455220.37119304202497, -363919.85882374731591 ], [ 11455220.302508914843202, -363919.863395280146506 ], [ 11455230.785131402313709, -363945.23762219940545 ], [ 11455285.209453094750643, -364076.977306781918742 ], [ 11455297.646511878818274, -364107.082553670858033 ], [ 11455298.053161980584264, -364108.067106883274391 ], [ 11455294.703558504581451, -364107.099278810783289 ], [ 11455293.207647187635303, -364106.766337032953743 ], [ 11455286.920990262180567, -364105.367000380705576 ], [ 11455264.12943771481514, -364098.816209571203217 ], [ 11455251.445472296327353, -364093.45636042021215 ], [ 11455231.263916529715061, -364084.898442457953934 ], [ 11455224.118652379140258, -364082.183729898533784 ], [ 11455221.519008308649063, -364081.923375289305113 ], [ 11455209.762445569038391, -364080.745814243680798 ], [ 11455194.688339361920953, -364081.464772065635771 ], [ 11455169.564977440983057, -364086.497699979925528 ], [ 11455150.184031452983618, -364091.530516620841809 ], [ 11455127.21414508856833, -364095.844375556684099 ], [ 11455093.476992290467024, -364098.001360846217722 ], [ 11455080.809502152726054, -364096.525980676116887 ], [ 11455077.240710601210594, -364096.110305248643272 ], [ 11455024.926227217540145, -364124.325616229325533 ], [ 11454839.564358234405518, -364224.298636142164469 ], [ 11454836.922190126031637, -364225.723619524913374 ], [ 11454831.225526502355933, -364228.796030933561269 ], [ 11454767.009097123518586, -364263.430492685525678 ], [ 11454766.156723786145449, -364261.800123830267694 ], [ 11454766.153829477727413, -364261.794660277839284 ], [ 11454729.820260878652334, -364279.027154086506926 ], [ 11454702.325459847226739, -364292.068323605170008 ], [ 11454684.766925245523453, -364300.476734420575667 ], [ 11454684.75501406006515, -364300.357651220168918 ], [ 11454601.119901392608881, -364339.662807190441526 ], [ 11454561.04466206394136, -364363.525619280175306 ], [ 11454554.665721284225583, -364367.241284837189596 ], [ 11454509.189482903108001, -364393.730625414522365 ], [ 11454497.552143337205052, -364395.462239299435169 ], [ 11454494.410707307979465, -364395.930544409377035 ], [ 11454482.891366397961974, -364397.645433151279576 ], [ 11454479.90800404548645, -364396.887224864098243 ], [ 11454477.618050800636411, -364396.305969013017602 ], [ 11454474.970984628424048, -364395.633951176889241 ], [ 11454470.020718194544315, -364399.823051980347373 ], [ 11454463.248374335467815, -364405.553991906985175 ], [ 11454463.131711509078741, -364405.320396835042629 ], [ 11454463.365259800106287, -364405.115569079935085 ], [ 11454463.29724358767271, -364404.977307557070162 ], [ 11454334.871731923893094, -364509.791185656446032 ], [ 11454258.956737261265516, -364536.397636442852672 ], [ 11454248.38951195590198, -364540.101265601930209 ], [ 11454246.611851008608937, -364540.724335213308223 ], [ 11454215.695200154557824, -364536.753883284982294 ], [ 11454152.671447798609734, -364523.652139982907102 ], [ 11454050.010275680571795, -364489.905148027115501 ], [ 11453960.429477689787745, -364490.302204193838406 ], [ 11453923.116965489462018, -364505.112478398077656 ], [ 11453826.843417068943381, -364543.325773515680339 ], [ 11453811.890983069315553, -364550.637252736371011 ], [ 11453765.118763176724315, -364609.793652230699081 ], [ 11453763.267854, -364615.995807992236223 ], [ 11453761.425405109301209, -364621.843724019941874 ], [ 11453742.39934566244483, -364682.233033335360233 ], [ 11453719.06177101098001, -364756.307632057811134 ], [ 11453720.725552123039961, -364757.614542047784198 ], [ 11453734.116952903568745, -364768.133601462526713 ], [ 11453736.679193627089262, -364770.146205161581747 ], [ 11453737.213415859267116, -364770.669705129577778 ], [ 11453756.773363586515188, -364789.835715342895128 ], [ 11453801.582130303606391, -364834.583439212699886 ], [ 11453861.601703552529216, -364871.195794270839542 ], [ 11453867.753552576526999, -364874.982837795338128 ], [ 11453879.076637221500278, -364881.953255023690872 ], [ 11453986.890677245333791, -364920.067665559239686 ], [ 11454045.554156467318535, -364940.712883782049175 ], [ 11454052.688956588506699, -364947.85936640354339 ], [ 11454056.652709694579244, -364958.181977611384355 ], [ 11454057.115687457844615, -364965.138350807887036 ], [ 11454057.3689392991364, -364968.944018324778881 ], [ 11454057.280662944540381, -364968.944687334878836 ], [ 11454055.517584847286344, -364981.895286441082135 ], [ 11454054.435782035812736, -364984.06232399615692 ], [ 11454044.002140123397112, -365003.882775060890708 ], [ 11454033.49814429320395, -365016.19057013472775 ], [ 11454020.522299168631434, -365037.733730609179474 ], [ 11454019.39340821094811, -365039.174892133567482 ], [ 11453962.167174940928817, -365071.019381831574719 ], [ 11453919.506874399259686, -365094.758360086532775 ], [ 11453832.304306011646986, -365115.4037221352919 ], [ 11453805.964333372190595, -365114.905865996552166 ], [ 11453805.879730561748147, -365114.354934936156496 ], [ 11453806.019770480692387, -365114.358726000064053 ], [ 11453806.007302697747946, -365114.274653542845044 ], [ 11453747.938380884006619, -365113.282063317776192 ], [ 11453679.960020637139678, -365099.38624718063511 ], [ 11453646.862620949745178, -365092.239754853420891 ], [ 11453597.363073533400893, -365090.480477682722267 ], [ 11453584.97176705673337, -365089.827187987917569 ], [ 11453570.34037846326828, -365089.055817774613388 ], [ 11453528.544696412980556, -365086.28432634472847 ], [ 11453465.781876944005489, -365096.060144955408759 ], [ 11453465.781097710132599, -365096.036283544031903 ], [ 11453378.578640641644597, -365109.634389114449732 ], [ 11453282.65574861690402, -365152.513133638247382 ], [ 11453238.261758329346776, -365197.376965048082639 ], [ 11453185.161693304777145, -365275.507571412774269 ], [ 11453142.855611383914948, -365337.756198475603014 ], [ 11453098.500805553048849, -365365.460920194687787 ], [ 11453095.860641190782189, -365367.110037541191559 ], [ 11453012.257365891709924, -365419.330203840101603 ], [ 11452947.594100084155798, -365420.354909431363922 ], [ 11452934.907017720863223, -365422.794578492583241 ], [ 11452912.39053563773632, -365427.12632922665216 ], [ 11452879.179478751495481, -365433.515408209466841 ], [ 11452876.646292416378856, -365434.002784562006127 ], [ 11452844.426535602658987, -365440.201195067318622 ], [ 11452816.757742207497358, -365445.523644114786293 ], [ 11452812.464928681030869, -365447.528566378750838 ], [ 11452812.447451520711184, -365447.536706046841573 ], [ 11452807.84784148260951, -365448.94230364653049 ], [ 11452790.381256781518459, -365465.657944634614978 ], [ 11452790.04807754419744, -365465.456014000170399 ], [ 11452771.418426802381873, -365480.940114536788315 ], [ 11452760.319984886795282, -365578.608591373777017 ], [ 11452760.863891918212175, -365580.471350472013 ], [ 11452782.968491887673736, -365656.171582894399762 ], [ 11452798.86747551895678, -365710.619928245432675 ], [ 11452800.258078597486019, -365714.744183960254304 ], [ 11452805.28504416719079, -365729.652296971995384 ], [ 11452814.02885620854795, -365755.583221647830214 ], [ 11452811.353292243555188, -365795.583774628583342 ], [ 11452802.053439348936081, -365814.213967872667126 ], [ 11452801.988874042406678, -365813.946250050212257 ], [ 11452772.364197190850973, -365879.341338133963291 ], [ 11452687.338704083114862, -365971.342811825219542 ], [ 11452665.75719440728426, -365983.802246070059482 ], [ 11452657.949467960745096, -365988.309747059422079 ], [ 11452657.881785709410906, -365988.193672638910357 ], [ 11452656.539272649213672, -365988.942302503972314 ], [ 11452647.766406217589974, -365993.834265404555481 ], [ 11452622.62912936322391, -366009.978647681127768 ], [ 11452618.476355761289597, -366010.678104944061488 ], [ 11452589.036357948556542, -366015.636301488615572 ], [ 11452557.425407426431775, -366010.07788520376198 ], [ 11452540.820546897128224, -366000.117895226285327 ], [ 11452541.013018298894167, -365999.891656004881952 ], [ 11452541.173095729202032, -365999.984203343803529 ], [ 11452541.211166990920901, -365999.941274761571549 ], [ 11452538.040231300517917, -365997.956190052733291 ], [ 11452514.654010031372309, -365981.280944674450438 ], [ 11452385.832089664414525, -365898.302150954725221 ], [ 11452308.538959700614214, -365899.096273325441871 ], [ 11452210.337023746222258, -365954.481583800574299 ], [ 11452207.265051078051329, -365955.672656461887527 ], [ 11452207.278966013342142, -365955.740338647912722 ], [ 11452206.891128908842802, -365955.886741792433895 ], [ 11452181.534886615350842, -365965.458363597688731 ], [ 11452167.823330974206328, -365970.634323083853815 ], [ 11452163.992827294394374, -365972.074939160549548 ], [ 11452158.694019537419081, -365974.069724156113807 ], [ 11452122.566837267950177, -365987.700049699924421 ], [ 11452113.78105777874589, -365991.014805257786065 ], [ 11452113.77771819755435, -365991.015920286765322 ], [ 11452088.549381993710995, -366000.533800751436502 ], [ 11452065.149468434974551, -366009.362594538950361 ], [ 11452027.906976193189621, -366023.414182159991469 ], [ 11452027.359284294769168, -366023.444287926715333 ], [ 11452013.163822829723358, -366024.242648298270069 ], [ 11451980.963769562542439, -366026.052897009300068 ], [ 11451967.088685590773821, -366026.832859433954582 ], [ 11451967.084232812747359, -366026.832859433954582 ], [ 11451926.324601260945201, -366029.124242987600155 ], [ 11451925.72236281260848, -366029.157693843997549 ], [ 11451925.924964288249612, -366029.46990182652371 ], [ 11451926.99251820333302, -366031.112338829378132 ], [ 11451925.531227249652147, -366030.873945729515981 ], [ 11451849.253998959437013, -366018.430116611125413 ], [ 11451846.897031381726265, -366018.045654816902243 ], [ 11451838.959951687604189, -366016.750772353319917 ], [ 11451820.706894779577851, -366018.21926474000793 ], [ 11451778.339809784665704, -366021.627906596811954 ], [ 11451776.47854789532721, -366021.777320411114488 ], [ 11451775.986515747383237, -366021.816346405365039 ], [ 11451735.689973266795278, -366041.467609226529021 ], [ 11451717.028707798570395, -366081.881829230347648 ], [ 11451698.911126708611846, -366121.118592832004651 ], [ 11451684.88041809014976, -366151.505378940782975 ], [ 11451637.821216555312276, -366204.069007960148156 ], [ 11451612.455957382917404, -366232.40081542142434 ], [ 11451607.941952032968402, -366238.934894594887737 ], [ 11451607.007981503382325, -366240.28742673312081 ], [ 11451603.052799995988607, -366246.013109123276081 ], [ 11451570.789071975275874, -366292.715063917450607 ], [ 11451525.069043913856149, -366293.739777548762504 ], [ 11451507.116549635306001, -366294.141188767971471 ], [ 11451487.246131846681237, -366294.586866720521357 ], [ 11451468.493139110505581, -366295.007567980850581 ], [ 11451466.698668917641044, -366295.047709103266243 ], [ 11451462.891542330384254, -366295.132451476063579 ], [ 11451423.256571590900421, -366296.02101981715532 ], [ 11451402.668254410848022, -366296.482531223678961 ], [ 11451402.46064355969429, -366296.487214355787728 ], [ 11451367.236151043325663, -366313.385513260553125 ], [ 11451336.22332014888525, -366328.263377630035393 ], [ 11451336.215527784079313, -366328.266722727159504 ], [ 11451320.166596798226237, -366335.967130562756211 ], [ 11451313.006527146324515, -366339.401427886448801 ], [ 11451254.653963269665837, -366374.11236752057448 ], [ 11451254.587171575054526, -366374.151393638574518 ], [ 11451253.338166890665889, -366374.891774863586761 ], [ 11451251.385623015463352, -366376.050293088599574 ], [ 11451235.799558473750949, -366385.324014489189722 ], [ 11451235.135982990264893, -366385.718847343407106 ], [ 11451234.893083859235048, -366385.863355500390753 ], [ 11451229.587040329352021, -366389.020345883036498 ], [ 11451220.193901700899005, -366394.610002008208539 ], [ 11451220.184439541772008, -366394.615688675490674 ], [ 11451219.756416101008654, -366394.869804507412482 ], [ 11451218.981632445007563, -366395.330312793259509 ], [ 11451139.111010996624827, -366403.772221731313039 ], [ 11451136.796678781509399, -366404.01641379413195 ], [ 11451135.237092711031437, -366403.248156565707177 ], [ 11451051.97790596447885, -366362.19156142877182 ], [ 11451049.368577100336552, -366360.911504876858089 ], [ 11451048.284325258806348, -366360.378519664285704 ], [ 11451046.974094858393073, -366359.735146298946347 ], [ 11451048.312155136838555, -366363.526254555152263 ], [ 11451049.706988355144858, -366367.480157593847252 ], [ 11450976.966380290687084, -366327.267654503404628 ], [ 11450964.731255056336522, -366341.284716300317086 ], [ 11450917.923635568469763, -366356.882894939626567 ], [ 11450901.849991654977202, -366362.239284787676297 ], [ 11450828.847448827698827, -366386.56649473879952 ], [ 11450809.625355757772923, -366392.972019762499258 ], [ 11450808.516613626852632, -366394.310058357717935 ], [ 11450807.928846713155508, -366395.021448882762343 ], [ 11450801.079358445480466, -366403.331783987989184 ], [ 11450794.900013513863087, -366410.830376169353258 ], [ 11450794.432026376947761, -366411.39815063891001 ], [ 11450788.22307045571506, -366418.93108636100078 ], [ 11450785.403570394963026, -366422.352451875340194 ], [ 11450784.627784859389067, -366423.293762268440332 ], [ 11450781.667465643957257, -366426.885727890708949 ], [ 11450772.960834311321378, -366428.756640923733357 ], [ 11450717.829967809841037, -366440.603415991412476 ], [ 11450685.713292844593525, -366447.505022178520449 ], [ 11450685.444010997191072, -366447.56289237854071 ], [ 11450683.667017962783575, -366447.944791078101844 ], [ 11450683.524640336632729, -366447.975342974299565 ], [ 11450658.810822825878859, -366453.285240349825472 ], [ 11450658.762955443933606, -366453.295275640033651 ], [ 11450658.737351959571242, -366453.300850808212999 ], [ 11450643.045756535604596, -366456.672709922131617 ], [ 11450637.0884939879179, -366457.952990580990445 ], [ 11450637.047305775806308, -366457.961799335666001 ], [ 11450637.040070008486509, -366457.761873957584612 ], [ 11450632.274482605978847, -366458.978709260816686 ], [ 11450563.970846809446812, -366461.277683944907039 ], [ 11450563.991218274459243, -366461.332097548816819 ], [ 11450530.094878606498241, -366462.547371849010233 ] ] ] ] } }
]
}
