{
"type": "FeatureCollection",
"name": "1674_Kelurahan",
"crs": { "type": "name", "properties": { "name": "urn:ogc:def:crs:EPSG::3857" } },
"xy_coordinate_resolution": 1e-15,
"features": [
{ "type": "Feature", "properties": { "fid": 40486, "kdkab": "74", "kdkec": "041", "nmkab": "LUBUKLINGGAU", "nmkec": "LUBUK LINGGAU UTARA I", "kddesa": "006", "kdprov": "16", "nmdesa": "TABA BARU", "nmprov": "SUMATERA SELATAN", "iddesa": "1674041006" }, "geometry": { "type": "MultiPolygon", "coordinates": [ [ [ [ 11454886.94772213511169, -356577.876058518071659 ], [ 11454908.102878166362643, -356611.847018470987678 ], [ 11454913.424729062244296, -356620.397123472590465 ], [ 11454916.848026040941477, -356691.07970322901383 ], [ 11454925.576364673674107, -356871.298231130058412 ], [ 11454927.506867285817862, -356911.159497123036999 ], [ 11454936.625603374093771, -357099.439500811975449 ], [ 11454936.627607123926282, -357099.481645546096843 ], [ 11454924.435673853382468, -357129.116868983313907 ], [ 11454923.984829911962152, -357130.212855401448905 ], [ 11454923.703191604465246, -357130.899658695387188 ], [ 11454923.333610894158483, -357131.041256126598455 ], [ 11454919.009961869567633, -357132.696942659735214 ], [ 11454944.833857346326113, -357174.878491882409435 ], [ 11454952.782068986445665, -357199.785158164973836 ], [ 11454988.269609455019236, -357310.987206794554368 ], [ 11454995.874957069754601, -357479.026955874054693 ], [ 11454995.972918223589659, -357487.141517300333362 ], [ 11454692.78871906735003, -357630.010518365714233 ], [ 11454676.225492037832737, -357637.815135729324538 ], [ 11453766.073216490447521, -357758.974307297903579 ], [ 11453531.242190312594175, -357790.234960322093684 ], [ 11453490.932289499789476, -357794.467298712872434 ], [ 11453330.455224771052599, -357811.316377666371409 ], [ 11453116.974497692659497, -357824.776019558834378 ], [ 11453018.55025671236217, -357830.981815881095827 ], [ 11452972.801285577937961, -357833.866184499929659 ], [ 11452967.359988868236542, -357834.209588267607614 ], [ 11452960.255578968673944, -357834.651107400713954 ], [ 11452885.732745854184031, -357839.283713541459292 ], [ 11452879.226121617481112, -357834.43592256528791 ], [ 11452878.095115592703223, -357833.593022411514539 ], [ 11452843.91891872137785, -357836.961278232338373 ], [ 11452785.845766767859459, -357829.960524189518765 ], [ 11452726.092803696170449, -357809.196863300574478 ], [ 11452716.253273900598288, -357802.564043465361465 ], [ 11452680.028798399493098, -357778.142247228941415 ], [ 11452654.974120607599616, -357749.647556695330422 ], [ 11452652.757749546319246, -357747.126662755035795 ], [ 11452635.732546627521515, -357717.851517672708724 ], [ 11452635.437549978494644, -357717.484700387285557 ], [ 11452626.734592188149691, -357706.655228890944272 ], [ 11452613.579967960715294, -357690.286707101389766 ], [ 11452606.158742785453796, -357684.284284566703718 ], [ 11452570.940150201320648, -357655.799206063966267 ], [ 11452528.281408136710525, -357629.911288231494837 ], [ 11452496.003208588808775, -357631.468866823997814 ], [ 11452494.109664041548967, -357631.560292342503089 ], [ 11452425.761723093688488, -357636.576431423076428 ], [ 11452398.881405647844076, -357632.29058152862126 ], [ 11452371.108305890113115, -357627.863133740436751 ], [ 11452336.151759395375848, -357622.231545278627891 ], [ 11452306.209042755886912, -357617.40829233994009 ], [ 11452291.822111768648028, -357620.394115565461107 ], [ 11452265.188923599198461, -357625.92201402731007 ], [ 11452236.732322163879871, -357640.17101533227833 ], [ 11452227.56404890678823, -357644.762360582360998 ], [ 11452222.89976223744452, -357647.638919858145528 ], [ 11452205.326867420226336, -357658.475075419759378 ], [ 11452200.308584781363606, -357659.355882431613281 ], [ 11452176.272480325773358, -357663.574836610991042 ], [ 11452165.507885564118624, -357662.828937985876109 ], [ 11452154.053109962493181, -357662.036211650818586 ], [ 11452114.915403392165899, -357672.455378883110825 ], [ 11452109.582086589187384, -357668.044653718883637 ], [ 11452071.118976125493646, -357636.227453526749741 ], [ 11452045.258679181337357, -357607.18023173121037 ], [ 11452045.17563483864069, -357607.086910832847934 ], [ 11452040.295054402202368, -357606.057816534477752 ], [ 11452024.802275594323874, -357587.4373435145244 ], [ 11452023.773460863158107, -357547.248270347306971 ], [ 11452023.769453357905149, -357547.092958580993582 ], [ 11452032.032253880053759, -357519.162264656508341 ], [ 11452051.265367584303021, -357496.857250361004844 ], [ 11452052.366428667679429, -357494.852135095105041 ], [ 11452057.661228926852345, -357484.77616383851273 ], [ 11452061.943801056593657, -357476.483434563910123 ], [ 11452067.149100448936224, -357466.40423159772763 ], [ 11452067.133293077349663, -357466.370337306521833 ], [ 11452065.290732868015766, -357462.415743572870269 ], [ 11452059.919122161343694, -357450.887115229561459 ], [ 11452039.262232167646289, -357419.853111826174427 ], [ 11452038.084137996658683, -357402.744866531225853 ], [ 11452037.196476379409432, -357389.853449445101433 ], [ 11452037.266718974336982, -357389.75076320185326 ], [ 11452061.77927084825933, -357353.947386403451674 ], [ 11452061.98487794958055, -357353.647020869306289 ], [ 11452078.034254217520356, -357333.107327250763774 ], [ 11452080.576123468577862, -357329.854259876708966 ], [ 11452086.603739939630032, -357319.504919369821437 ], [ 11452096.323378637433052, -357302.816576329176314 ], [ 11452096.441043334081769, -357302.614548822049983 ], [ 11452102.243015198037028, -357292.652653129014652 ], [ 11452104.202460875734687, -357282.333307930617593 ], [ 11452104.977689806371927, -357278.580636561149731 ], [ 11452108.393751019611955, -357260.902788755483925 ], [ 11452108.333861133083701, -357250.458684475568589 ], [ 11452108.462991744279861, -357241.32095808989834 ], [ 11452108.462991744279861, -357236.28331804118352 ], [ 11452108.269295828416944, -357234.877042406995315 ], [ 11452106.655497170984745, -357226.665945023298264 ], [ 11452104.848002605140209, -357217.226405949390028 ], [ 11452104.316118076443672, -357214.258543849689886 ], [ 11452102.384390950202942, -357204.261758222361095 ], [ 11452099.672648154199123, -357195.631222219788469 ], [ 11452099.100354654714465, -357193.861922285228502 ], [ 11452099.021317817270756, -357193.621095021720976 ], [ 11452075.765117712318897, -357189.330244550714269 ], [ 11452064.522294424474239, -357197.212543122645002 ], [ 11452055.528124844655395, -357197.212543122645002 ], [ 11452057.150829061865807, -357127.326386209344491 ], [ 11452056.216635897755623, -357126.277115827077068 ], [ 11452056.114221965894103, -357125.331646394508425 ], [ 11452052.302642596885562, -357090.132984615280293 ], [ 11452070.905242703855038, -357082.973954987945035 ], [ 11452104.191996840760112, -357070.16552559036063 ], [ 11452146.997680637985468, -357058.920243101310916 ], [ 11452180.01170201972127, -357050.248242346104234 ], [ 11452185.190284734591842, -357041.814839318511076 ], [ 11452188.861490217968822, -357035.836868117505219 ], [ 11452206.115009419620037, -357007.74229190684855 ], [ 11452212.024961184710264, -356998.11813703738153 ], [ 11452268.059853265061975, -356901.873288163042162 ], [ 11452312.022146571427584, -356857.798675589205232 ], [ 11452313.569598810747266, -356832.217435304424725 ], [ 11452316.714263102039695, -356780.230253037938382 ], [ 11452320.278713198378682, -356721.302503575279843 ], [ 11452312.435141880065203, -356657.044276412692852 ], [ 11452288.317774197086692, -356621.572599897393957 ], [ 11452268.695487555116415, -356592.711384761903901 ], [ 11452265.579655010253191, -356569.345691048773006 ], [ 11452263.692789638414979, -356555.194937804364599 ], [ 11452262.759932305663824, -356548.202067004807759 ], [ 11452261.186876581981778, -356536.406950190896168 ], [ 11452256.912319453433156, -356504.355037561792415 ], [ 11452217.078866064548492, -356480.181034733250272 ], [ 11452189.243427393957973, -356439.972059898485895 ], [ 11452166.213651139289141, -356407.95451427786611 ], [ 11452157.428316922858357, -356395.740420028450899 ], [ 11452157.60197532735765, -356311.423625225957949 ], [ 11452162.350864805281162, -356290.901066152029671 ], [ 11452169.67346091195941, -356259.252604757726658 ], [ 11452153.811546670272946, -356215.054482776438817 ], [ 11452149.897553371265531, -356178.909525079594459 ], [ 11452134.07682734169066, -356114.635993933887221 ], [ 11452123.472087368369102, -356044.276654399640393 ], [ 11452118.675775784999132, -356012.454889726650435 ], [ 11452114.245260056108236, -356006.695164089207537 ], [ 11452107.310055777430534, -355997.679844987229444 ], [ 11452099.976327728480101, -355991.008107931353152 ], [ 11452089.746066519990563, -355981.699563681904692 ], [ 11452075.746527357026935, -355973.607407853356563 ], [ 11452068.077727641910315, -355969.174449764424935 ], [ 11452027.280247457325459, -355999.16270103410352 ], [ 11451963.831477293744683, -356045.802435851248447 ], [ 11451776.80248761177063, -356173.427408892370295 ], [ 11451739.103028863668442, -356178.091165637713857 ], [ 11451713.205662520602345, -356181.295477699197363 ], [ 11451403.271049451082945, -356172.646957150427625 ], [ 11451340.285813642665744, -356168.141743813932408 ], [ 11451334.371743055060506, -356154.814305208972655 ], [ 11451314.026881603524089, -356139.677447051100899 ], [ 11451311.701751397922635, -356128.615885260282084 ], [ 11451312.283061776310205, -356107.074981548881624 ], [ 11451328.558861885219812, -356097.177744643006008 ], [ 11451350.647543163970113, -356090.773696540622041 ], [ 11451408.194376569241285, -356087.280620085657574 ], [ 11451424.470288002863526, -356080.876461045525502 ], [ 11451430.283057855442166, -356061.664320545911323 ], [ 11451423.30766724050045, -355932.418811824638397 ], [ 11451412.844636978581548, -355918.446414496283978 ], [ 11451409.356997337192297, -355893.994583918829449 ], [ 11451420.40133797749877, -355846.255257617100142 ], [ 11451416.332387944683433, -355826.460941282508429 ], [ 11451383.199254706501961, -355763.002731334941927 ], [ 11451382.618055647239089, -355744.372747533139773 ], [ 11451395.406216107308865, -355722.83191617007833 ], [ 11451454.115558955818415, -355672.763914904964622 ], [ 11451424.837308360263705, -354753.955812081461772 ], [ 11451458.837843073531985, -354753.991043468005955 ], [ 11451484.575465945526958, -354732.742617958399933 ], [ 11451553.699303751811385, -354649.586560181574896 ], [ 11451564.85129033960402, -354591.300983841298148 ], [ 11451552.858841594308615, -354549.586421521380544 ], [ 11451551.948248159140348, -354548.761384224286303 ], [ 11451550.354153051972389, -354547.313109309005085 ], [ 11451506.2293332926929, -354475.223827053967398 ], [ 11451494.693294459953904, -354456.377313111792319 ], [ 11451490.513247581198812, -354400.147735874226782 ], [ 11451494.928178587928414, -354363.031145967484917 ], [ 11451499.255167191848159, -354326.644836132472847 ], [ 11451465.047800870612264, -354248.72916023619473 ], [ 11451469.539542324841022, -354153.594843794242479 ], [ 11451469.37924225628376, -354153.108742414449807 ], [ 11451453.900267058983445, -354106.033847099926788 ], [ 11451452.462019236758351, -354101.662281287775841 ], [ 11451445.176158567890525, -354095.996304117143154 ], [ 11451396.704312693327665, -354058.298944038222544 ], [ 11451380.160009970888495, -354035.996276515012141 ], [ 11451358.148807054385543, -354006.322943076374941 ], [ 11451356.167208796367049, -354001.103826510545332 ], [ 11452186.885903218761086, -354615.563112328003626 ], [ 11452884.186406807973981, -354194.387899237277452 ], [ 11454037.186938259750605, -354380.588135487923864 ], [ 11454037.740864047780633, -354383.665631619864143 ], [ 11454045.905592096969485, -354429.022892466455232 ], [ 11454104.653340168297291, -354755.373206391755957 ], [ 11454128.17782024294138, -354883.117153069586493 ], [ 11454132.753719227388501, -354907.965344526979607 ], [ 11454132.719210188835859, -354924.593243948009331 ], [ 11454132.308441264554858, -355127.232164652610663 ], [ 11454225.135538248345256, -355478.421630484750494 ], [ 11454235.680833613499999, -355518.315858590998687 ], [ 11454348.658984815701842, -355842.685816073731985 ], [ 11454471.244008077308536, -356100.342585901729763 ], [ 11454533.734317429363728, -356175.549122735508718 ], [ 11454669.625359425321221, -356339.089561459084507 ], [ 11454728.294070659205317, -356420.651376018067822 ], [ 11454745.171218656003475, -356444.114038542204071 ], [ 11454794.046041090041399, -356490.225476115825586 ], [ 11454866.037691619247198, -356558.147954127402045 ], [ 11454886.94772213511169, -356577.876058518071659 ] ] ] ] } },
{ "type": "Feature", "properties": { "fid": 40748, "kdkab": "74", "kdkec": "032", "nmkab": "LUBUKLINGGAU", "nmkec": "LUBUK LINGGAU TIMUR II", "kddesa": "002", "kdprov": "16", "nmdesa": "MESAT SENI", "nmprov": "SUMATERA SELATAN", "iddesa": "1674032002" }, "geometry": { "type": "MultiPolygon", "coordinates": [ [ [ [ 11453005.670257668942213, -367599.596906324615702 ], [ 11453012.519634617492557, -367603.165048068680335 ], [ 11453013.589526241645217, -367604.849099509592634 ], [ 11453039.794357012957335, -367646.096604061080143 ], [ 11453130.742380989715457, -367784.543433855869807 ], [ 11453194.737173262983561, -367881.960374747461174 ], [ 11453314.351301955059171, -367865.186499169969466 ], [ 11453343.058706194162369, -367951.452028711617459 ], [ 11453363.393214942887425, -368006.566180103342049 ], [ 11453364.552384799346328, -368007.701410866575316 ], [ 11453369.058375149965286, -368012.114660965045914 ], [ 11453417.219528324902058, -368059.284007312438916 ], [ 11453411.232209509238601, -368068.971887164167129 ], [ 11453399.964005375280976, -368085.011310735426378 ], [ 11453399.198906518518925, -368135.593186138372403 ], [ 11453398.081258829683065, -368158.729242787812836 ], [ 11453398.081258829683065, -368209.476625385985244 ], [ 11453397.543585687875748, -368245.021316379541531 ], [ 11453427.556099642068148, -368311.934753369423561 ], [ 11453469.389185044914484, -368345.579317526775412 ], [ 11453493.772606307640672, -368366.006733751390129 ], [ 11453514.567977745085955, -368410.823024312849157 ], [ 11453533.083859968930483, -368451.580094519362319 ], [ 11453498.714746423065662, -368571.345645784866065 ], [ 11453503.071346014738083, -368638.259168813587166 ], [ 11453591.172485332936049, -368860.81974870263366 ], [ 11454402.501996122300625, -368824.071825035905931 ], [ 11454402.615542005747557, -368824.157907409593463 ], [ 11454401.767287483438849, -368824.744427191209979 ], [ 11454368.253441587090492, -368847.880739617045037 ], [ 11454353.943321047350764, -369124.253504313295707 ], [ 11454326.822553504258394, -369647.986002189747524 ], [ 11454479.099824545904994, -370127.235270831850357 ], [ 11454555.808972455561161, -370368.657069133012556 ], [ 11454556.840904138982296, -370396.095655476558022 ], [ 11454557.816062871366739, -370422.022209946997464 ], [ 11454557.827194822952151, -370422.300978145096451 ], [ 11454559.843190800398588, -370475.888044595951214 ], [ 11454566.611415844410658, -370495.157628673652653 ], [ 11454580.137847168371081, -370525.973805221845396 ], [ 11454187.797867843881249, -370719.923231086402666 ], [ 11454193.445105612277985, -370682.584923721733503 ], [ 11454121.18094496615231, -370664.488365940109361 ], [ 11453963.516923768445849, -370739.466051580791827 ], [ 11453961.500927785411477, -370741.425240157288499 ], [ 11453938.040456423535943, -370752.658739716338459 ], [ 11453933.300361186265945, -370754.928811766323633 ], [ 11453931.216460317373276, -370754.962152539868839 ], [ 11453930.920350469648838, -370754.966724354482722 ], [ 11453645.890467841178179, -370890.512791282788385 ], [ 11453553.722048284485936, -370934.343599249201361 ], [ 11453525.000506460666656, -370948.002190442173742 ], [ 11453470.435031661763787, -370958.739278299675789 ], [ 11453453.958633832633495, -370951.192429026064929 ], [ 11453427.003732329234481, -370954.833159291243646 ], [ 11453423.080833476036787, -370968.055757399532013 ], [ 11453317.252733163535595, -370988.878732216835488 ], [ 11453168.831569282338023, -370953.491720223799348 ], [ 11452897.814250193536282, -370898.315435194293968 ], [ 11452868.293434429913759, -370880.184274473693222 ], [ 11452771.449930213391781, -370820.704944675031584 ], [ 11452721.858210260048509, -370766.005979009903967 ], [ 11452702.65448490716517, -370736.871269726834726 ], [ 11452685.824091095477343, -370711.337147632671986 ], [ 11452672.315470883622766, -370688.561728228582069 ], [ 11452656.57155530154705, -370637.990835879987571 ], [ 11452645.387286061421037, -370602.067586042336188 ], [ 11452623.083312885835767, -370465.541279559955001 ], [ 11452596.415615675970912, -370311.480639173765667 ], [ 11452596.299843402579427, -370310.80936602858128 ], [ 11452578.593365198001266, -370137.899798964266665 ], [ 11452560.69207788258791, -370055.975642934150528 ], [ 11452515.687834145501256, -369969.442970889271237 ], [ 11452452.340364716947079, -369884.031009534257464 ], [ 11452448.099092112854123, -369878.3118292898871 ], [ 11452357.896908720955253, -369796.231757143104915 ], [ 11452278.480470800772309, -369737.181198851496447 ], [ 11452204.498650409281254, -369682.169438654033002 ], [ 11452135.584093248471618, -369631.836517682881095 ], [ 11452042.073494590818882, -369563.539935627835803 ], [ 11451958.571631351485848, -369498.588586172903888 ], [ 11451924.777260338887572, -369472.30208377353847 ], [ 11451884.195739965885878, -369431.27111179206986 ], [ 11451880.201596640050411, -369424.200499064230826 ], [ 11451866.188699139282107, -369399.388126937905326 ], [ 11451816.627035446465015, -369331.043741254892666 ], [ 11451800.617066280916333, -369288.461771547910757 ], [ 11451780.680858671665192, -369235.432813349121716 ], [ 11451744.772530529648066, -369121.62642379902536 ], [ 11451741.40099710971117, -369112.057651520823129 ], [ 11451702.249598242342472, -369000.94358621921856 ], [ 11451699.856229189783335, -368994.151765659626108 ], [ 11451695.03275565430522, -368985.087456787470728 ], [ 11451668.350586907938123, -368934.945528846932575 ], [ 11451645.138246685266495, -368913.43160686903866 ], [ 11451595.621444748714566, -368903.545953319349792 ], [ 11451569.768494887277484, -368879.30260045506293 ], [ 11451370.401966042816639, -368785.546848465455696 ], [ 11451314.844857219606638, -368760.089894583448768 ], [ 11451305.133901439607143, -368755.640152295818552 ], [ 11451219.915491649881005, -368716.592127041600179 ], [ 11451194.435350762680173, -368704.916827151202597 ], [ 11451127.993199491873384, -368652.972986207576469 ], [ 11451090.597976909950376, -368628.902744832215831 ], [ 11451089.115201285108924, -368626.652564569783863 ], [ 11451088.96636713296175, -368626.426654501701705 ], [ 11451088.771224066615105, -368626.130719002627302 ], [ 11451078.676772637292743, -368620.456206172762904 ], [ 11451072.8684555683285, -368612.042004724382423 ], [ 11451072.837954027578235, -368611.997737066994887 ], [ 11451072.784631991758943, -368611.920575295342132 ], [ 11451037.950202971696854, -368577.426816344377585 ], [ 11451034.803980203345418, -368572.413979098782875 ], [ 11451034.257178865373135, -368571.542675841075834 ], [ 11451034.129606729373336, -368571.352559123071842 ], [ 11451031.158378198742867, -368566.924456485488918 ], [ 11451026.819033129140735, -368560.673352283192798 ], [ 11451024.694834606721997, -368557.575174890691414 ], [ 11451022.222985314205289, -368553.959724075742997 ], [ 11451022.013927306979895, -368553.669475548958872 ], [ 11451015.992544731125236, -368545.306683175964281 ], [ 11451010.94465110450983, -368538.295894085720647 ], [ 11451003.486801819875836, -368521.610900244908407 ], [ 11451000.683999676257372, -368515.342961298592854 ], [ 11451000.682329887524247, -368515.337720545416232 ], [ 11451000.168924396857619, -368514.218429845059291 ], [ 11450998.69772600568831, -368511.014100659755059 ], [ 11450997.001328285783529, -368507.283689365081955 ], [ 11450967.366521362215281, -368442.115972244879231 ], [ 11450954.440881328657269, -368412.522141251945868 ], [ 11450947.423968547955155, -368386.997478132951073 ], [ 11450945.798815300688148, -368382.050326099386439 ], [ 11450945.765753412619233, -368381.931350030819885 ], [ 11450945.286523004993796, -368380.285421550623141 ], [ 11450945.281068343669176, -368380.289770252362359 ], [ 11450943.075495274737477, -368373.759913592832163 ], [ 11450935.863773386925459, -368351.805766912817489 ], [ 11450931.768774596974254, -368340.284828725853004 ], [ 11450930.620625369250774, -368337.054858398274519 ], [ 11450933.33804546110332, -368330.113773241988383 ], [ 11450903.371172497048974, -368266.616729948553257 ], [ 11450903.387425141409039, -368266.160897098947316 ], [ 11450903.946137666702271, -368250.491867147444282 ], [ 11450902.778952803462744, -368241.060656083340291 ], [ 11450890.515329778194427, -368183.480231413210277 ], [ 11450857.133286159485579, -368026.744097360409796 ], [ 11450852.296231646090746, -368007.424767359218094 ], [ 11450849.766384897753596, -367997.320533870602958 ], [ 11450850.813344711437821, -367997.070874563942198 ], [ 11450870.712260283529758, -367992.325117674248759 ], [ 11450877.800751501694322, -367993.622253295732662 ], [ 11450905.482569279149175, -367998.686802542826626 ], [ 11450905.517078317701817, -367998.926537930674385 ], [ 11450915.292042806744576, -367999.773974637908395 ], [ 11450922.005721293389797, -368000.356029855087399 ], [ 11450921.855439983308315, -368000.441888573521283 ], [ 11450921.71629061549902, -368000.522172052646056 ], [ 11450946.581057360395789, -368002.784939619305078 ], [ 11450948.758800562471151, -368002.983083711704239 ], [ 11450950.994095930829644, -367996.209276758192573 ], [ 11450974.266993960365653, -367973.67471100128023 ], [ 11450984.739820335060358, -367979.114027005562093 ], [ 11451004.927164709195495, -367996.157427016762085 ], [ 11451007.247396858409047, -367998.11634383443743 ], [ 11451021.79117700830102, -367997.356549929652829 ], [ 11451024.715762671083212, -367997.203788314189296 ], [ 11451031.252443168312311, -367996.205820107075851 ], [ 11451031.480648126453161, -367996.171253614942543 ], [ 11451040.503092855215073, -367994.79416900605429 ], [ 11451042.947668870911002, -367987.466072099050507 ], [ 11451042.54246592707932, -367985.922845422697719 ], [ 11451038.129761308431625, -367969.122415949997958 ], [ 11451038.157591186463833, -367956.104231326607987 ], [ 11451038.182081473991275, -367944.678336415498052 ], [ 11451041.858964255079627, -367934.766677389270626 ], [ 11451048.127364780753851, -367917.865901404526085 ], [ 11451048.957808181643486, -367917.250395195675083 ], [ 11451049.116995053365827, -367917.132200164662208 ], [ 11451054.552725786343217, -367903.005664603260811 ], [ 11451070.031700983643532, -367862.783684519759845 ], [ 11451109.777211975306273, -367805.065525446727406 ], [ 11451113.754657384008169, -367803.673947614035569 ], [ 11451119.274990927428007, -367801.741572337807156 ], [ 11451130.426977515220642, -367801.766103357076645 ], [ 11451138.244945354759693, -367807.276662372110877 ], [ 11451139.969284268096089, -367815.525775717804208 ], [ 11451142.942627865821123, -367829.739273750106804 ], [ 11451149.319008300080895, -367842.906859772512689 ], [ 11451149.402497921139002, -367842.84553219814552 ], [ 11451149.488213926553726, -367842.780859487480484 ], [ 11451158.219001587480307, -367852.868687682959717 ], [ 11451158.56854478828609, -367853.273449680069461 ], [ 11451170.248185763135552, -367857.854062162165064 ], [ 11451170.077866945415735, -367857.455990428687073 ], [ 11451194.336610374972224, -367842.265707904472947 ], [ 11451212.639761054888368, -367826.671780610631686 ], [ 11451235.873251976445317, -367806.875580195221119 ], [ 11451236.268547490239143, -367806.149796518671792 ], [ 11451238.329961819574237, -367801.792975974327419 ], [ 11451241.927919080480933, -367793.984529921319336 ], [ 11451250.079177474603057, -367784.058611794898752 ], [ 11451250.132276874035597, -367783.993939118459821 ], [ 11451263.64534986205399, -367800.268930682621431 ], [ 11451279.505371671169996, -367811.112533450708725 ], [ 11451302.415145514532924, -367826.77603746461682 ], [ 11451348.927211755886674, -367859.362832100945525 ], [ 11451398.094581810757518, -367893.535791022412013 ], [ 11451403.550016099587083, -367897.318142816075124 ], [ 11451414.380289357155561, -367898.523508926620707 ], [ 11451439.96061778254807, -367901.370559207512997 ], [ 11451445.272895205765963, -367912.636663348879665 ], [ 11451445.314083414152265, -367912.723971564788371 ], [ 11451474.070468235760927, -367973.709612009814009 ], [ 11451474.482572993263602, -367974.583586669701617 ], [ 11451493.8034064527601, -368021.776779059495311 ], [ 11451552.994428737089038, -368166.357633998675738 ], [ 11451558.844490615651011, -368180.647112005273812 ], [ 11451565.009475333616138, -368195.705753538059071 ], [ 11451565.046099444851279, -368195.698617215675768 ], [ 11451573.286970030516386, -368215.924516138213221 ], [ 11451573.999971371144056, -368215.560229143768083 ], [ 11451589.505217965692282, -368207.639356818748638 ], [ 11451620.903436942026019, -368191.599580950045493 ], [ 11451795.472547331824899, -368049.410918708192185 ], [ 11451795.808732192963362, -368049.771302487934008 ], [ 11451796.685818463563919, -368049.084320912428666 ], [ 11451797.413402654230595, -368048.841351780632976 ], [ 11451818.179831022396684, -368069.642366128508002 ], [ 11451819.702459018677473, -368071.167530179023743 ], [ 11451854.867061644792557, -368107.545564647996798 ], [ 11451906.840684743598104, -368161.312701957125682 ], [ 11451907.602332701906562, -368163.622193405695725 ], [ 11451947.957095263525844, -368197.226013106526807 ], [ 11451965.319262284785509, -368234.182242803042755 ], [ 11452019.539424024522305, -368331.337765430100262 ], [ 11452025.163284700363874, -368327.165019225387368 ], [ 11452049.735503822565079, -368308.93281188927358 ], [ 11452051.505706362426281, -368308.014009519887622 ], [ 11452106.436420414596796, -368279.917616567749064 ], [ 11452157.939162068068981, -368287.560288793756627 ], [ 11452179.892367530614138, -368254.185027079016436 ], [ 11452189.569593502208591, -368257.205476918490604 ], [ 11452189.576272670179605, -368257.207707022083923 ], [ 11452205.231132658198476, -368248.907268416776787 ], [ 11452234.287746148183942, -368233.500612325966358 ], [ 11452253.788694543763995, -368230.079636942537036 ], [ 11452269.617212943732738, -368227.303160914452747 ], [ 11452288.366754774004221, -368202.24686169961933 ], [ 11452329.963508896529675, -368179.331464365066495 ], [ 11452342.981210149824619, -368175.223619808326475 ], [ 11452353.824841750785708, -368171.801531176373828 ], [ 11452369.460777429863811, -368166.867434856307227 ], [ 11452423.465202, -368171.167067708447576 ], [ 11452440.119711006060243, -368154.47142479068134 ], [ 11452446.365847645327449, -368148.210419968701899 ], [ 11452446.390337927266955, -368136.49347724992549 ], [ 11452446.422620579600334, -368121.251864151388872 ], [ 11452446.428186558187008, -368118.931446097209118 ], [ 11452446.44766746647656, -368109.632937134301756 ], [ 11452446.493865059688687, -368087.560647677513771 ], [ 11452459.002836236730218, -368066.674663227284327 ], [ 11452469.416774602606893, -368054.148203669348732 ], [ 11452496.431788627058268, -368050.023638034239411 ], [ 11452540.040085949003696, -368058.482398658874445 ], [ 11452564.991236615926027, -368048.078992917144205 ], [ 11452567.942316317930818, -368045.120768503576983 ], [ 11452581.645745633170009, -368031.384483623260166 ], [ 11452585.880339063704014, -367993.748253745900001 ], [ 11452591.165788488462567, -367984.219051839667372 ], [ 11452596.307635767385364, -367974.948541898862459 ], [ 11452605.140837362036109, -367951.093206321413163 ], [ 11452617.201190995052457, -367918.526009513938334 ], [ 11452623.504100564867258, -367885.077935038949363 ], [ 11452644.477805821225047, -367791.01148218853632 ], [ 11452646.660781038925052, -367740.823263876722194 ], [ 11452671.700987294316292, -367688.59230553440284 ], [ 11452690.419359674677253, -367678.175554013345391 ], [ 11452702.923878073692322, -367659.380355925590266 ], [ 11452746.611212234944105, -367630.195175092667341 ], [ 11452761.02485990151763, -367619.360287381394301 ], [ 11452771.580174019560218, -367611.425631168182008 ], [ 11452782.113335561007261, -367593.837591277144384 ], [ 11452782.147399324923754, -367593.780612517963164 ], [ 11452782.836355650797486, -367592.630332902306691 ], [ 11452782.985523767769337, -367592.381232030573301 ], [ 11452788.377728581428528, -367594.018005431978963 ], [ 11452794.1530950833112, -367595.46421779692173 ], [ 11452810.07924067415297, -367596.914444335678127 ], [ 11452818.201444685459137, -367597.616587705851998 ], [ 11452839.360608212649822, -367599.395083308801986 ], [ 11452899.963718239217997, -367605.784956223738845 ], [ 11452903.096916623413563, -367605.826212865358684 ], [ 11452925.419591479003429, -367605.703334979305509 ], [ 11452930.571012232452631, -367605.61591550213052 ], [ 11452941.301988504827023, -367605.61591550213052 ], [ 11452950.508333031088114, -367605.5652924857568 ], [ 11452959.04809645190835, -367605.518237617972773 ], [ 11452959.428920427337289, -367605.468172124354169 ], [ 11452970.286800924688578, -367604.039577332849149 ], [ 11452999.712661158293486, -367600.168143509014044 ], [ 11453001.308092098683119, -367599.958180672547314 ], [ 11453004.976514598354697, -367599.475589509878773 ], [ 11453005.291994038969278, -367599.327177114493679 ], [ 11453005.395855121314526, -367599.311454991693608 ], [ 11453005.44439041800797, -367599.361854992224835 ], [ 11453005.670257668942213, -367599.596906324615702 ] ] ] ] } },
{ "type": "Feature", "properties": { "fid": 40131, "kdkab": "74", "kdkec": "011", "nmkab": "LUBUKLINGGAU", "nmkec": "LUBUK LINGGAU BARAT I", "kddesa": "005", "kdprov": "16", "nmdesa": "TANJUNG AMAN", "nmprov": "SUMATERA SELATAN", "iddesa": "1674011005" }, "geometry": { "type": "MultiPolygon", "coordinates": [ [ [ [ 11448816.262299759313464, -368893.204576722870115 ], [ 11448761.689032595604658, -368890.044727333995979 ], [ 11448760.776769366115332, -368889.335996926762164 ], [ 11448711.453885981813073, -368866.210045849089511 ], [ 11448677.872357835993171, -368835.725951447500847 ], [ 11448662.262136960402131, -368805.276097693713382 ], [ 11448640.225553201511502, -368762.291015099268407 ], [ 11448640.133714618161321, -368762.36115212138975 ], [ 11448627.839812697842717, -368743.009802974236663 ], [ 11448627.752538215368986, -368742.872539604955819 ], [ 11448608.683620762079954, -368712.857025571516715 ], [ 11448603.081578705459833, -368704.039167036477011 ], [ 11448600.937008716166019, -368700.663225325522944 ], [ 11448582.719908010214567, -368671.988687999080867 ], [ 11448582.696308273822069, -368672.008870498102624 ], [ 11448577.644518462941051, -368662.912808996974491 ], [ 11448577.807378882542253, -368662.776995302352589 ], [ 11448577.755503997206688, -368662.661587107751984 ], [ 11448610.813719218596816, -368635.243391786003485 ], [ 11448618.83161686360836, -368628.554959288565442 ], [ 11448654.814974347129464, -368598.538026742637157 ], [ 11448681.105298487469554, -368575.464321084669791 ], [ 11448693.357121642678976, -368562.122699433064554 ], [ 11448741.447809580713511, -368509.754201760515571 ], [ 11448778.003794524818659, -368471.883090413117316 ], [ 11448781.751476500183344, -368468.325625167170074 ], [ 11448811.572409613057971, -368440.01878102082992 ], [ 11448811.590109415352345, -368440.002055229095276 ], [ 11448811.944328034296632, -368439.665755322086625 ], [ 11448822.126499217003584, -368430.985962104750797 ], [ 11448821.629680324345827, -368430.472257348475978 ], [ 11448804.346216186881065, -368413.486661639879458 ], [ 11448769.418724074959755, -368383.498778868291993 ], [ 11448741.541429275646806, -368367.67529757641023 ], [ 11448710.278129518032074, -368349.581349989515729 ], [ 11448709.882834009826183, -368349.352541351865511 ], [ 11448710.348706075921655, -368348.980783073639031 ], [ 11448710.8272685687989, -368348.598877824435476 ], [ 11448711.178147606551647, -368348.318888312787749 ], [ 11448720.895448595285416, -368328.460040165751707 ], [ 11448722.663870023563504, -368325.967565309780184 ], [ 11448760.025919400155544, -368273.307928174559493 ], [ 11448772.521309601143003, -368267.471751059114467 ], [ 11448779.712103432044387, -368264.075082732539158 ], [ 11448779.757187822833657, -368264.053785262512974 ], [ 11448779.853479182347655, -368263.929011059866752 ], [ 11448801.595956848934293, -368251.401525623805355 ], [ 11448809.839833054691553, -368246.661333082418423 ], [ 11448809.862208276987076, -368246.648509994556662 ], [ 11448813.943292126059532, -368247.868933102115989 ], [ 11448827.853219103068113, -368251.962507704738528 ], [ 11448827.86012090742588, -368251.974438749544788 ], [ 11448827.836966451257467, -368252.007332743902225 ], [ 11448827.933591773733497, -368252.103896153275855 ], [ 11448828.016302151605487, -368252.186632926168386 ], [ 11448841.992241585627198, -368266.160005061305128 ], [ 11448845.714431393891573, -368269.870002785988618 ], [ 11448845.730461401864886, -368269.885948018112686 ], [ 11448853.142558380961418, -368271.390932403679471 ], [ 11448853.87459534779191, -368271.539568708103616 ], [ 11448857.812299696728587, -368272.339060312020592 ], [ 11448857.81664115563035, -368272.345527603232767 ], [ 11448868.846510263159871, -368268.415753244480584 ], [ 11448869.09942814707756, -368268.595276454812847 ], [ 11448897.98104739561677, -368260.509261291008443 ], [ 11448933.141308562830091, -368249.099057157931384 ], [ 11448965.07263658195734, -368278.388212445133831 ], [ 11448988.923950672149658, -368300.883701971848495 ], [ 11448991.173717582598329, -368303.005533190851565 ], [ 11448991.149561256170273, -368308.370825971011072 ], [ 11448991.083994073793292, -368322.950904765282758 ], [ 11449014.583983859047294, -368353.947224023751915 ], [ 11449013.238576496019959, -368376.138765720650554 ], [ 11449018.897948088124394, -368377.586326367163565 ], [ 11449050.820593181997538, -368385.752076324773952 ], [ 11449104.895371668040752, -368399.823924465512391 ], [ 11449104.879452984780073, -368399.832287358411122 ], [ 11449180.077216167002916, -368419.592131655255798 ], [ 11449192.952428471297026, -368398.039283206453547 ], [ 11449192.883299071341753, -368398.014194528397638 ], [ 11449204.948105480521917, -368370.781721032457426 ], [ 11449211.929396027699113, -368354.756305669841822 ], [ 11449211.124222150072455, -368353.717634842789266 ], [ 11449212.765516720712185, -368353.043808998074383 ], [ 11449228.146753402426839, -368325.55644578684587 ], [ 11449255.324182566255331, -368297.614929007890169 ], [ 11449287.88335251249373, -368263.474181769299321 ], [ 11449288.342100135982037, -368262.928475824999623 ], [ 11449289.3184833843261, -368261.767150260217022 ], [ 11449319.366062982007861, -368305.58330896490952 ], [ 11449320.678742418065667, -368304.93903227330884 ], [ 11449373.484256070107222, -368367.637162801343948 ], [ 11449381.78813348710537, -368377.341237911838107 ], [ 11449401.468862861394882, -368400.340528216562234 ], [ 11449411.223121916875243, -368414.163609998649918 ], [ 11449411.212435252964497, -368414.172753433638718 ], [ 11449383.537407960742712, -368437.754220424394589 ], [ 11449404.941363055258989, -368482.717838593933266 ], [ 11449415.780207917094231, -368504.311068484908901 ], [ 11449417.972756607457995, -368508.872417497623246 ], [ 11449432.682625439018011, -368543.372622361814138 ], [ 11449479.49113547988236, -368584.618804223369807 ], [ 11449480.400170447304845, -368585.419747665815521 ], [ 11449534.17316179536283, -368666.703661529812962 ], [ 11449540.006525751203299, -368675.546940345026087 ], [ 11449540.750362588092685, -368676.717859737807885 ], [ 11449554.667191369459033, -368698.623677554889582 ], [ 11449486.770650941878557, -368702.726858328853268 ], [ 11449448.265016438439488, -368690.459354047256056 ], [ 11449377.663635034114122, -368729.280902255966794 ], [ 11449377.691464902833104, -368729.319929203484207 ], [ 11449311.017546446993947, -368767.399644277116749 ], [ 11449238.040495784953237, -368749.76492274767952 ], [ 11449215.18460057489574, -368746.839239192020614 ], [ 11449215.160778203979135, -368746.835782517504413 ], [ 11449215.163004595786333, -368746.874809471308254 ], [ 11449215.214656837284565, -368746.893653912236914 ], [ 11449217.980389591306448, -368841.975175620347727 ], [ 11449218.751054424792528, -368868.470824036514387 ], [ 11449218.734913099557161, -368868.482086114236154 ], [ 11449216.522994814440608, -368869.999790302128531 ], [ 11449208.698793087154627, -368875.342809473106172 ], [ 11449201.8446293938905, -368880.023373421281576 ], [ 11449195.005939118564129, -368884.69211796548916 ], [ 11449194.971652716398239, -368884.706167683878448 ], [ 11449194.892393236979842, -368884.769614441436715 ], [ 11449194.587711790576577, -368884.977572616247926 ], [ 11449190.547704830765724, -368887.736893291468732 ], [ 11449188.393784003332257, -368887.677237724827137 ], [ 11449144.353567060083151, -368886.456361532444134 ], [ 11449144.421583265066147, -368886.60221102531068 ], [ 11449144.344772817566991, -368886.574334590870421 ], [ 11449122.61509689502418, -368879.063532201456837 ], [ 11449080.323152551427484, -368828.875823590671644 ], [ 11448965.514129675924778, -368811.625675225106534 ], [ 11448955.827107591554523, -368780.359718499239534 ], [ 11448955.599347911775112, -368780.550393105542753 ], [ 11448879.407279035076499, -368844.329060554271564 ], [ 11448816.262299759313464, -368893.204576722870115 ] ] ] ] } },
{ "type": "Feature", "properties": { "fid": 40188, "kdkab": "74", "kdkec": "012", "nmkab": "LUBUKLINGGAU", "nmkec": "LUBUK LINGGAU BARAT II", "kddesa": "004", "kdprov": "16", "nmdesa": "BANDUNG KANAN", "nmprov": "SUMATERA SELATAN", "iddesa": "1674012004" }, "geometry": { "type": "MultiPolygon", "coordinates": [ [ [ [ 11450160.606119068339467, -367434.846783648885321 ], [ 11450112.69164988771081, -367477.966382190701552 ], [ 11450085.178369821980596, -367503.181968679942656 ], [ 11450048.49381086602807, -367535.193640122306533 ], [ 11450040.266743896529078, -367543.023476766597014 ], [ 11449967.481496719643474, -367467.325303833174985 ], [ 11449912.992721047252417, -367417.955784817517269 ], [ 11449908.110359499230981, -367413.532188495912123 ], [ 11449885.466416599228978, -367393.015744640433695 ], [ 11449885.273611241951585, -367393.224926557100844 ], [ 11449882.835046473890543, -367391.100882687896956 ], [ 11449820.562366727739573, -367336.860895657620858 ], [ 11449842.754686452448368, -367318.022603360237554 ], [ 11449870.321065917611122, -367291.247227876039688 ], [ 11449874.863457741215825, -367283.230639630695805 ], [ 11449889.444863880053163, -367261.40226279257331 ], [ 11449890.170666959136724, -367260.315766967483796 ], [ 11449890.181130988523364, -367260.301048425200861 ], [ 11449891.202153362333775, -367261.494253661774565 ], [ 11449913.137770341709256, -367272.228641193883959 ], [ 11449921.915868790820241, -367276.524336673785001 ], [ 11449930.127573668956757, -367276.994326466927305 ], [ 11449967.142528865486383, -367268.270468779024668 ], [ 11449998.714072292670608, -367255.729938494565431 ], [ 11450002.595894252881408, -367251.944040472677443 ], [ 11450007.465676698833704, -367247.194524366990663 ], [ 11450024.872594159096479, -367228.819100631924812 ], [ 11450027.499511500820518, -367226.032391327025834 ], [ 11450028.076146462932229, -367225.420568594359793 ], [ 11450028.123123286291957, -367225.387674898374826 ], [ 11450080.899916511029005, -367188.460884362168144 ], [ 11450102.534414267167449, -367180.102432267274708 ], [ 11450123.140876529738307, -367171.189359916665126 ], [ 11450127.910916708409786, -367170.078222599346191 ], [ 11450136.214126208797097, -367168.144074300595094 ], [ 11450143.279129007831216, -367166.498275364458095 ], [ 11450148.75682719424367, -367168.222796124347951 ], [ 11450148.78309859521687, -367167.892186780576594 ], [ 11450158.503516526892781, -367171.328628412797116 ], [ 11450159.011133410036564, -367171.508038341999054 ], [ 11450163.417270176112652, -367173.06574919319246 ], [ 11450172.644097486510873, -367171.393412234494463 ], [ 11450212.591875992715359, -367164.152788917184807 ], [ 11450271.13312640786171, -367137.882786542817485 ], [ 11450287.056377692148089, -367131.315314803330693 ], [ 11450287.519912052899599, -367132.255181657907087 ], [ 11450306.257876658812165, -367170.251165293448139 ], [ 11450309.067914562299848, -367189.015393825073261 ], [ 11450298.76462777517736, -367203.088539431337267 ], [ 11450289.866415601223707, -367211.063419370912015 ], [ 11450335.294341320171952, -367278.614704109670129 ], [ 11450345.045149475336075, -367293.614014301099814 ], [ 11450305.556007269769907, -367319.484980225155596 ], [ 11450305.319119393825531, -367319.295534675533418 ], [ 11450302.764114441350102, -367321.603670522803441 ], [ 11450299.87715476565063, -367324.211752573901322 ], [ 11450270.612930430099368, -367344.858086057240143 ], [ 11450220.116516973823309, -367386.429748090566136 ], [ 11450213.39126125536859, -367391.966378437238745 ], [ 11450213.199791731312871, -367391.727201882051304 ], [ 11450212.076800713315606, -367392.852056446543429 ], [ 11450161.179303128272295, -367434.379134776652791 ], [ 11450160.606119068339467, -367434.846783648885321 ] ] ] ] } },
{ "type": "Feature", "properties": { "fid": 40492, "kdkab": "74", "kdkec": "041", "nmkab": "LUBUKLINGGAU", "nmkec": "LUBUK LINGGAU UTARA I", "kddesa": "008", "kdprov": "16", "nmdesa": "MARGA BAKTI", "nmprov": "SUMATERA SELATAN", "iddesa": "1674041008" }, "geometry": { "type": "MultiPolygon", "coordinates": [ [ [ [ 11454866.037691619247198, -356558.147954127402045 ], [ 11454794.046041090041399, -356490.225476115825586 ], [ 11454745.171218656003475, -356444.114038542204071 ], [ 11454728.294070659205317, -356420.651376018067822 ], [ 11454669.625359425321221, -356339.089561459084507 ], [ 11454533.734317429363728, -356175.549122735508718 ], [ 11454471.244008077308536, -356100.342585901729763 ], [ 11454348.658984815701842, -355842.685816073731985 ], [ 11454235.680833613499999, -355518.315858590998687 ], [ 11454225.135538248345256, -355478.421630484750494 ], [ 11454132.308441264554858, -355127.232164652610663 ], [ 11454132.719210188835859, -354924.593243948009331 ], [ 11454132.753719227388501, -354907.965344526979607 ], [ 11454128.17782024294138, -354883.117153069586493 ], [ 11454104.653340168297291, -354755.373206391755957 ], [ 11454045.905592096969485, -354429.022892466455232 ], [ 11454037.740864047780633, -354383.665631619864143 ], [ 11454037.186938259750605, -354380.588135487923864 ], [ 11452884.186406807973981, -354194.387899237277452 ], [ 11452186.885903218761086, -354615.563112328003626 ], [ 11451356.167208796367049, -354001.103826510545332 ], [ 11451347.0380086787045, -353977.05990406870842 ], [ 11451336.784370377659798, -353950.056793943163939 ], [ 11451332.595417944714427, -353898.151081147603691 ], [ 11451302.440081082284451, -353853.798896747815888 ], [ 11451286.552229395136237, -353830.431308453087695 ], [ 11451285.482783049345016, -353828.858395847084466 ], [ 11451528.701398899778724, -353645.068142605421599 ], [ 11451554.103393500670791, -353625.871684113517404 ], [ 11452011.090942595154047, -352871.129965220578015 ], [ 11452015.717491950839758, -352863.489005079958588 ], [ 11452016.902487928047776, -352861.509947985352483 ], [ 11452400.484406314790249, -352220.88757188100135 ], [ 11452642.828050969168544, -351816.142080206423998 ], [ 11452708.08019688911736, -351681.808087314944714 ], [ 11452759.087900763377547, -351576.797992130217608 ], [ 11452833.136512843891978, -351576.959650672739372 ], [ 11452851.819262985140085, -351559.616477052564733 ], [ 11452875.146262276917696, -351537.962041176680941 ], [ 11452936.915221333503723, -351481.243336640938651 ], [ 11452995.202106714248657, -351427.721035397145897 ], [ 11453073.913892261683941, -351354.532196513842791 ], [ 11453117.385266609489918, -351312.659376025781967 ], [ 11453129.668259223923087, -351300.828227720689029 ], [ 11453131.974799074232578, -351298.606264174508397 ], [ 11453134.895822513848543, -351295.792297355830669 ], [ 11453134.95704822987318, -351295.733208516787272 ], [ 11453134.963727399706841, -351295.727634099544957 ], [ 11453134.977085743099451, -351295.733208516787272 ], [ 11453137.056533828377724, -351296.649643025069963 ], [ 11453139.412054255604744, -351297.687599881261121 ], [ 11453155.135932324454188, -351304.61660319758812 ], [ 11453156.435030788183212, -351297.889393859251868 ], [ 11453170.716208258643746, -351302.651062874821946 ], [ 11453173.361159363761544, -351303.532936034840532 ], [ 11453260.527660235762596, -351332.596848143613897 ], [ 11453329.766157120466232, -351355.681642328388989 ], [ 11453347.677463186904788, -351361.654078234685585 ], [ 11453396.428720988333225, -351377.909094828122761 ], [ 11453487.734080528840423, -351408.352138219284825 ], [ 11453512.588383238762617, -351416.639078056206927 ], [ 11453588.170977903530002, -351441.839941134909168 ], [ 11453588.266712665557861, -351441.872272806824185 ], [ 11453645.774361614137888, -351460.847621039894875 ], [ 11453834.917308419942856, -351523.256693682342302 ], [ 11453849.389955414459109, -351527.203390249575023 ], [ 11453891.581155620515347, -351538.705670247145463 ], [ 11453932.420937208458781, -351549.841153803281486 ], [ 11453977.075637746602297, -351562.016827428131364 ], [ 11454038.940331557765603, -351578.883944845059887 ], [ 11454065.688178805634379, -351586.176418018410914 ], [ 11454148.24159998446703, -351608.684866223076824 ], [ 11454267.000572342425585, -351641.064529219293036 ], [ 11454407.838652512058616, -351679.463478832389228 ], [ 11454408.383004823699594, -351679.523682761879172 ], [ 11454435.40581121109426, -351682.536108883679844 ], [ 11454588.847372809424996, -351699.642944712308235 ], [ 11454718.529124924913049, -351714.100809505849611 ], [ 11454737.437853632494807, -351716.209062456444371 ], [ 11454781.395694157108665, -351721.108994763693772 ], [ 11454841.301164932549, -351734.971512011718005 ], [ 11454863.238340387120843, -351742.61306648387108 ], [ 11454877.972142910584807, -351747.745342606678605 ], [ 11455163.424928285181522, -351757.835415526817087 ], [ 11455227.899507565423846, -351760.114470160682686 ], [ 11455244.98805127479136, -351760.7185166417039 ], [ 11455291.22760740481317, -351754.678051972994581 ], [ 11455578.586516425013542, -351717.139436387980822 ], [ 11455687.428146669641137, -351666.369014155934565 ], [ 11455753.868516830727458, -351635.377155534282792 ], [ 11455753.564280666410923, -351634.993745861342177 ], [ 11455750.993690984323621, -351631.754218487942126 ], [ 11455857.479244206100702, -351584.143756745907012 ], [ 11455936.505952598527074, -351548.810441448586062 ], [ 11455933.13096827827394, -351543.346384003700223 ], [ 11456010.615233799442649, -351501.560790846124291 ], [ 11456182.75846984796226, -351349.048972219985444 ], [ 11456246.697936329990625, -351292.401266757515259 ], [ 11456289.485475054010749, -351261.130564312799834 ], [ 11456365.799104811623693, -351205.357861954660621 ], [ 11456414.679938497021794, -351169.634007278538775 ], [ 11456509.362063474953175, -351136.049845680245198 ], [ 11456542.393562017008662, -351124.333436770190019 ], [ 11456554.355509223416448, -351120.090529737994075 ], [ 11456632.602424576878548, -351092.336099648266099 ], [ 11456664.974132502451539, -351086.25720639975043 ], [ 11456700.013612018898129, -351079.677397097635549 ], [ 11456700.400892525911331, -351080.558934100787155 ], [ 11456762.285512531176209, -351221.419089948234614 ], [ 11456764.333902478218079, -351218.399429075419903 ], [ 11456769.359643533825874, -351210.990808241360355 ], [ 11456903.37517474591732, -351543.342370411381125 ], [ 11456905.578410105779767, -351548.806427855975926 ], [ 11456936.075831767171621, -351624.438552799925674 ], [ 11456997.74015049263835, -351777.36324275447987 ], [ 11456999.065742986276746, -351777.36324275447987 ], [ 11457007.326873721554875, -351795.257538441859651 ], [ 11457023.838003238663077, -351831.021945020474959 ], [ 11457024.093704106286168, -351836.475090129650198 ], [ 11457024.282724602147937, -351840.504745116864797 ], [ 11457055.085384299978614, -351912.661280230269767 ], [ 11457085.823478696867824, -351984.666569699009415 ], [ 11457095.366008087992668, -352059.530596424941905 ], [ 11457095.190791206434369, -352060.627426373015624 ], [ 11457101.734930112957954, -352109.485647889960092 ], [ 11457135.077566631138325, -352358.418703502917197 ], [ 11457138.503646600991488, -352358.126712743134703 ], [ 11457140.414556981995702, -352357.963826726016123 ], [ 11457142.452482899650931, -352369.626622583833523 ], [ 11457148.710196753963828, -352405.440039154840633 ], [ 11457154.718777587637305, -352439.827293330687098 ], [ 11457179.913050021976233, -352587.186495738627855 ], [ 11457181.924593221396208, -352598.951996697694995 ], [ 11457182.60854017175734, -352600.684657180972863 ], [ 11457208.893743619322777, -352667.27219845802756 ], [ 11457226.652096707373857, -352706.177986755035818 ], [ 11457244.466666139662266, -352741.861622091848403 ], [ 11457280.422639027237892, -352813.883594227256253 ], [ 11457434.931977177038789, -352973.557678401120938 ], [ 11457435.062443621456623, -352973.492456749838311 ], [ 11457481.416324861347675, -353022.832924376532901 ], [ 11457491.817016210407019, -353033.903663691715337 ], [ 11457528.471184937283397, -353072.919504830264486 ], [ 11457533.038957603275776, -353077.781588033249136 ], [ 11457542.400036223232746, -353224.976933885540348 ], [ 11457543.937914995476604, -353249.158612762636039 ], [ 11457545.012704676017165, -353266.059423540253192 ], [ 11457545.125805279240012, -353267.837024632608518 ], [ 11457543.038230868056417, -353271.969969561730977 ], [ 11457528.471184937283397, -353300.809389169153292 ], [ 11457493.152070859447122, -353370.733349779271521 ], [ 11457421.574640154838562, -353389.462509486998897 ], [ 11457358.987482843920588, -353405.839224384690169 ], [ 11457331.684485301375389, -353422.384069181396626 ], [ 11457331.861483285203576, -353422.892688545631245 ], [ 11457277.402429919689894, -353455.277431194612291 ], [ 11457263.859189352020621, -353463.331056790892035 ], [ 11457213.930616619065404, -353493.021642782026902 ], [ 11457213.729128338396549, -353493.141495072573889 ], [ 11457207.589747101068497, -353493.141495072573889 ], [ 11457154.708424877375364, -353493.141495072573889 ], [ 11457112.544052669778466, -353442.466508403362241 ], [ 11457109.443025611341, -353443.660013713408262 ], [ 11457109.439018113538623, -353443.661574582394678 ], [ 11457059.838503919541836, -353462.752086761873215 ], [ 11457052.180502185598016, -353466.412430552591104 ], [ 11457038.728654922917485, -353472.84219803288579 ], [ 11457038.062519084662199, -353473.1606148511637 ], [ 11457040.836155520752072, -353550.942311387218069 ], [ 11457041.207183383405209, -353561.346945278521162 ], [ 11456986.726534031331539, -353584.081992830615491 ], [ 11456983.899798201397061, -353583.466564770555124 ], [ 11456939.002198535948992, -353573.69129321287619 ], [ 11456908.382659399881959, -353567.024602634832263 ], [ 11456908.379431137815118, -353568.647459445928689 ], [ 11456908.054823499172926, -353730.409361140220426 ], [ 11456858.470005357638001, -353789.267006255104207 ], [ 11456853.518069127574563, -353803.649876454321202 ], [ 11456851.425151381641626, -353809.728689694369677 ], [ 11456848.504016622900963, -353818.212806130643003 ], [ 11456840.958447575569153, -353836.686055648722686 ], [ 11456838.039761846885085, -353843.831503512221389 ], [ 11456837.368393996730447, -353850.555962376471143 ], [ 11456836.060835260897875, -353863.651901221775915 ], [ 11456831.229680679738522, -353912.037161471904255 ], [ 11456824.457336815074086, -353970.82142692891648 ], [ 11456824.419599508866668, -353971.148652912816033 ], [ 11456822.770512571558356, -353972.066223563684616 ], [ 11456783.55922381952405, -353993.883892895770259 ], [ 11456740.42870974726975, -354037.080861247435678 ], [ 11456738.748008074238896, -354085.896327014779672 ], [ 11456738.158682696521282, -354103.013107368897181 ], [ 11456792.639220723882318, -354184.860086185974069 ], [ 11456806.321165377274156, -354200.704097864509095 ], [ 11456805.499404897913337, -354201.644637529738247 ], [ 11456804.266764177009463, -354202.162402613728773 ], [ 11456803.745343679562211, -354202.381371307943482 ], [ 11456790.22536888718605, -354218.979957880044822 ], [ 11456789.694374911487103, -354219.631846964650322 ], [ 11456766.794508507475257, -354221.740814647695515 ], [ 11456751.307852262631059, -354223.167010198987555 ], [ 11456750.26078113168478, -354223.263450096186716 ], [ 11456738.154675191268325, -354214.455756323121022 ], [ 11456736.20580486766994, -354213.037922720308416 ], [ 11456702.215400230139494, -354188.308731200522743 ], [ 11456625.161384534090757, -354165.156810335931368 ], [ 11456621.081970471888781, -354225.07930744998157 ], [ 11456621.081970471888781, -354275.014671245939098 ], [ 11456620.117275767028332, -354275.163289096090011 ], [ 11456603.404880613088608, -354277.73840276862029 ], [ 11456573.194440603256226, -354269.432526956719812 ], [ 11456557.172560255974531, -354265.027619051979855 ], [ 11456529.523693047463894, -354285.001724307774566 ], [ 11456543.838934287428856, -354334.348885938350577 ], [ 11456567.832292053848505, -354417.057969464687631 ], [ 11456568.50399386510253, -354419.373534336744342 ], [ 11456550.373611036688089, -354489.283234816917684 ], [ 11456542.81123274564743, -354505.141559369920287 ], [ 11456521.365087568759918, -354550.113776444224641 ], [ 11456515.019431317225099, -354657.24815333308652 ], [ 11456544.934540715068579, -354728.746866823697928 ], [ 11456548.437097169458866, -354763.827066874015145 ], [ 11456549.920318067073822, -354778.682561056455597 ], [ 11456522.271562181413174, -354863.573079272871837 ], [ 11456486.539230152964592, -354947.961389221949503 ], [ 11456486.519192641600966, -354947.974322280206252 ], [ 11456486.464089494198561, -354948.009776707855053 ], [ 11456486.458968801423907, -354948.117589389148634 ], [ 11456486.457187689840794, -354948.155050675210077 ], [ 11456486.362788759171963, -354950.142059577570762 ], [ 11456486.346870070323348, -354950.475754883198533 ], [ 11456486.010907849296927, -354957.543004681996536 ], [ 11456487.33471923135221, -354957.686940753599629 ], [ 11456487.389265781268477, -354957.692849826358724 ], [ 11456488.737233495339751, -354968.572901160572655 ], [ 11456495.075987942516804, -355019.735669024987146 ], [ 11456542.668187201023102, -355089.645735131227411 ], [ 11456510.486835604533553, -355125.962604256987106 ], [ 11456495.112278092652559, -355152.215760416642297 ], [ 11456482.83807972073555, -355173.174718542199116 ], [ 11456481.11240497417748, -355184.063598193228245 ], [ 11456480.017021184787154, -355190.975107851729263 ], [ 11456478.305484015494585, -355201.77423800888937 ], [ 11456478.240584747865796, -355203.507606637838762 ], [ 11456476.945716431364417, -355238.091254135011695 ], [ 11456480.64887061342597, -355252.617907716776244 ], [ 11456482.384786751121283, -355259.427406131755561 ], [ 11456494.359201740473509, -355272.219912279804703 ], [ 11456494.365880908444524, -355272.581481576606166 ], [ 11456494.698280911892653, -355272.747939476626925 ], [ 11456494.698280911892653, -355287.454991900769528 ], [ 11456495.265787674114108, -355288.094399920897558 ], [ 11456495.265787674114108, -355309.124737944453955 ], [ 11456492.428253853693604, -355320.492489832919091 ], [ 11456480.510611806064844, -355344.36477246962022 ], [ 11456464.620422411710024, -355371.078999409626704 ], [ 11456457.81034124456346, -355385.857085075753275 ], [ 11456454.972807426005602, -355388.130636886751745 ], [ 11456432.651468409225345, -355399.840901123709045 ], [ 11456431.137634655460715, -355400.635172647656873 ], [ 11456416.382458787411451, -355408.024217148369644 ], [ 11456394.424021314829588, -355418.873873798991553 ], [ 11456373.819451482966542, -355429.054577181057539 ], [ 11456333.988892402499914, -355448.719828111468814 ], [ 11456338.122853005304933, -355463.901637822971679 ], [ 11456343.174086220562458, -355474.525639092258643 ], [ 11456356.377357069402933, -355496.306021023890935 ], [ 11456356.478546487167478, -355496.472925213922281 ], [ 11456358.113607162609696, -355500.566927949548699 ], [ 11456363.929271323606372, -355515.128623437136412 ], [ 11456364.732218811288476, -355519.953905946342275 ], [ 11456364.732218811288476, -355560.017282652144786 ], [ 11456363.319463154301047, -355568.742798232124187 ], [ 11456359.895164297893643, -355580.991366861271672 ], [ 11456354.89179846458137, -355594.593010284937918 ], [ 11456343.042395263910294, -355617.481093674025033 ], [ 11456337.448813492432237, -355627.004900460364297 ], [ 11456327.283896831795573, -355639.926667556224857 ], [ 11456314.487944, -355657.200103842827957 ], [ 11456283.137258449569345, -355676.444955263112206 ], [ 11456293.257981270551682, -355690.636183091381099 ], [ 11456293.631792122498155, -355692.508144463936333 ], [ 11456295.531347915530205, -355710.581994457752444 ], [ 11456285.202902918681502, -355747.822331366653088 ], [ 11456272.808702133595943, -355763.339216321124695 ], [ 11456259.169392842799425, -355782.854343951737974 ], [ 11456258.894656339660287, -355783.247355812753085 ], [ 11456257.883764047175646, -355784.404427334608044 ], [ 11456237.262384975329041, -355801.086193424009252 ], [ 11456218.307458678260446, -355812.09164269361645 ], [ 11456210.377503432333469, -355816.695847576076631 ], [ 11456156.464360846206546, -355837.157892471237574 ], [ 11456140.863156849518418, -355841.447242738271598 ], [ 11456108.855797618627548, -355850.247256957052741 ], [ 11456098.578782232478261, -355853.072818811226171 ], [ 11456085.930773008614779, -355856.580716652330011 ], [ 11456061.690842565149069, -355863.303844053705689 ], [ 11456046.162775479257107, -355867.036400217039045 ], [ 11456012.422728372737765, -355876.294651876494754 ], [ 11456001.30547346547246, -355879.345206887926906 ], [ 11456000.75043448805809, -355879.394821187888738 ], [ 11455993.349803416058421, -355880.056754065386485 ], [ 11455984.633598607033491, -355880.83642336318735 ], [ 11455973.073626086115837, -355886.826040876389015 ], [ 11455920.907642908394337, -355913.85502720187651 ], [ 11455753.909482406452298, -356000.3802039125585 ], [ 11455610.787126284092665, -356032.091029716655612 ], [ 11455546.760607961565256, -356031.959468016866595 ], [ 11455523.362364189699292, -356031.911526040406898 ], [ 11455427.878070965409279, -356087.722689927963074 ], [ 11455289.938750341534615, -356210.652733407740016 ], [ 11455284.560905739665031, -356215.445823723857757 ], [ 11455262.97049050219357, -356290.93674398586154 ], [ 11455236.534337827935815, -356383.369121523748618 ], [ 11455204.532210614532232, -356487.317727871006355 ], [ 11455140.837424371391535, -356543.194895274587907 ], [ 11454981.803060237318277, -356582.872082415735349 ], [ 11454908.102878166362643, -356611.847018470987678 ], [ 11454886.94772213511169, -356577.876058518071659 ], [ 11454866.037691619247198, -356558.147954127402045 ] ] ] ] } },
{ "type": "Feature", "properties": { "fid": 40258, "kdkab": "74", "kdkec": "012", "nmkab": "LUBUKLINGGAU", "nmkec": "LUBUK LINGGAU BARAT II", "kddesa": "006", "kdprov": "16", "nmdesa": "LUBUK LINGGAU ULU", "nmprov": "SUMATERA SELATAN", "iddesa": "1674012006" }, "geometry": { "type": "MultiPolygon", "coordinates": [ [ [ [ 11450681.518774431198835, -366743.808743495494127 ], [ 11450680.95917134732008, -366746.85658204840729 ], [ 11450678.986923929303885, -366757.598167528863996 ], [ 11450678.94551308080554, -366758.344684010953642 ], [ 11450678.501236997544765, -366766.355101632827427 ], [ 11450678.162157826125622, -366769.023494084714912 ], [ 11450678.131544966250658, -366769.264341839880217 ], [ 11450589.980868473649025, -366765.662998856103513 ], [ 11450551.613604094833136, -366764.095481403404847 ], [ 11450551.683512730523944, -366763.969482350687031 ], [ 11450550.971624592319131, -366764.023673091665842 ], [ 11450550.619187084957957, -366763.576878219435457 ], [ 11450549.463690770789981, -366762.109045006160159 ], [ 11450542.135751329362392, -366752.80518619006034 ], [ 11450540.912461442872882, -366751.251941383990925 ], [ 11450536.192737670615315, -366745.259627919760533 ], [ 11450535.433427423238754, -366744.295456568012014 ], [ 11450517.015506353229284, -366720.911376768781338 ], [ 11450514.919805623590946, -366718.250567722483538 ], [ 11450505.924300210550427, -366706.908539527736139 ], [ 11450505.940552856773138, -366706.850111680978443 ], [ 11450498.539699146524072, -366697.532431058294605 ], [ 11450497.386095264926553, -366696.080097708094399 ], [ 11450497.384870750829577, -366695.99925765581429 ], [ 11450495.127868074923754, -366693.122020874812733 ], [ 11450495.037587968632579, -366693.007172256649937 ], [ 11450492.809528356418014, -366690.756027785944752 ], [ 11450484.551514573395252, -366682.435747367911972 ], [ 11450477.42239174246788, -366675.208201858797111 ], [ 11450446.827342893928289, -366644.293861174955964 ], [ 11450436.325128175318241, -366642.437439961824566 ], [ 11450411.765822118148208, -366638.096387120778672 ], [ 11450407.623512543737888, -366637.364143891027197 ], [ 11450404.996706521138549, -366636.843422730104066 ], [ 11450405.005834717303514, -366636.810975224128924 ], [ 11450404.996483884751797, -366636.808968164084945 ], [ 11450396.896098498255014, -366635.11077047715662 ], [ 11450391.763379409909248, -366636.67282243410591 ], [ 11450349.782461725175381, -366649.449112616362981 ], [ 11450335.966488404199481, -366649.180389243352693 ], [ 11450324.873612467199564, -366648.964630024274811 ], [ 11450324.845559952780604, -366648.964072512753773 ], [ 11450319.293611669912934, -366650.705756762879901 ], [ 11450316.919612212106586, -366652.913414063223172 ], [ 11450304.114642502740026, -366664.803030368639156 ], [ 11450299.670991072431207, -366668.953636287013069 ], [ 11450296.359124900773168, -366672.047189223230816 ], [ 11450294.632225641980767, -366673.639459151076153 ], [ 11450291.754950761795044, -366676.29246188380057 ], [ 11450290.641533212736249, -366676.328477513510734 ], [ 11450291.443812783807516, -366666.257593381335028 ], [ 11450292.121414521709085, -366657.752665034204256 ], [ 11450230.602256406098604, -366673.982666911382694 ], [ 11450214.264896618202329, -366687.358850272197742 ], [ 11450210.125592678785324, -366690.747888026875444 ], [ 11450201.901976615190506, -366697.603793311340269 ], [ 11450196.480272136628628, -366702.09671628382057 ], [ 11450196.439751839265227, -366702.111769259092398 ], [ 11450196.375409170985222, -366702.192609315854497 ], [ 11450180.973355744034052, -366714.915162321005482 ], [ 11450180.780439069494605, -366715.167829342128243 ], [ 11450175.607199693098664, -366721.004705237399321 ], [ 11450171.625301504507661, -366725.497406145441346 ], [ 11450160.437247402966022, -366738.160418920742813 ], [ 11450157.543051961809397, -366741.415096437209286 ], [ 11450157.337110904976726, -366741.748826609051321 ], [ 11450150.732525516301394, -366749.221572804439347 ], [ 11450150.715382313355803, -366749.226144453452434 ], [ 11450144.074506774544716, -366756.674917882133741 ], [ 11450139.85672258771956, -366761.405791888595559 ], [ 11450131.246382609009743, -366764.432222240138799 ], [ 11450128.324579933658242, -366765.459281797753647 ], [ 11450126.917724210768938, -366765.953800216258969 ], [ 11450126.396637674421072, -366764.909792110498529 ], [ 11450122.358077870681882, -366756.819315019238275 ], [ 11450123.81847826577723, -366756.409427857492119 ], [ 11450126.00223271921277, -366755.796381174703129 ], [ 11450111.088649220764637, -366727.698263218218926 ], [ 11450110.738994697108865, -366727.039500240120105 ], [ 11450084.049701500684023, -366691.235827405122109 ], [ 11450057.05828720703721, -366642.742847951245494 ], [ 11450049.321248641237617, -366628.842269233369734 ], [ 11450049.065770410001278, -366628.383321024070028 ], [ 11450049.262360626831651, -366628.340280696866103 ], [ 11450070.78064083866775, -366623.633162588870618 ], [ 11450070.801346264779568, -366623.628702447516844 ], [ 11450070.477851822972298, -366622.864346324291546 ], [ 11450072.861647399142385, -366623.030151950952131 ], [ 11450083.616446044296026, -366623.778228573035449 ], [ 11450084.291710076853633, -366623.825171522097662 ], [ 11450084.152004111558199, -366622.275496624060906 ], [ 11450084.14443439245224, -366622.19142302806722 ], [ 11450080.889007201418281, -366586.095087543304544 ], [ 11450073.709345323964953, -366506.486253578739706 ], [ 11450073.70500386506319, -366506.438418649428058 ], [ 11450073.821332730352879, -366506.416117984917946 ], [ 11450154.672010976821184, -366490.940460504672956 ], [ 11450203.371616531163454, -366481.728837633971125 ], [ 11450203.445087395608425, -366481.769870847114362 ], [ 11450203.99344720505178, -366481.58076124638319 ], [ 11450230.728492708876729, -366472.364233007887378 ], [ 11450274.871012270450592, -366457.146598855615593 ], [ 11450288.60895062983036, -366452.411054667842109 ], [ 11450367.853956544771791, -366446.673096284153871 ], [ 11450370.507813204079866, -366447.136949885461945 ], [ 11450383.43278532102704, -366449.396340663544834 ], [ 11450450.700593255460262, -366461.155253341072239 ], [ 11450450.707272425293922, -366461.156368374824524 ], [ 11450470.525036094710231, -366464.620663950743619 ], [ 11450489.751025350764394, -366463.958334427210502 ], [ 11450530.098663466051221, -366462.568557471095119 ], [ 11450530.094878606498241, -366462.547371849010233 ], [ 11450563.991218274459243, -366461.332097548816819 ], [ 11450563.970846809446812, -366461.277683944907039 ], [ 11450632.274482605978847, -366458.978709260816686 ], [ 11450637.040070008486509, -366457.761873957584612 ], [ 11450637.047305775806308, -366457.961799335666001 ], [ 11450637.0884939879179, -366457.952990580990445 ], [ 11450643.045756535604596, -366456.672709922131617 ], [ 11450658.737351959571242, -366453.300850808212999 ], [ 11450658.762955443933606, -366453.295275640033651 ], [ 11450658.810822825878859, -366453.285240349825472 ], [ 11450683.524640336632729, -366447.975342974299565 ], [ 11450683.667017962783575, -366447.944791078101844 ], [ 11450685.444010997191072, -366447.56289237854071 ], [ 11450685.713292844593525, -366447.505022178520449 ], [ 11450717.829967809841037, -366440.603415991412476 ], [ 11450772.960834311321378, -366428.756640923733357 ], [ 11450771.493866059929132, -366429.30088829388842 ], [ 11450768.984168142080307, -366431.114154192968272 ], [ 11450757.591842770576477, -366439.431516697746702 ], [ 11450732.909862633794546, -366457.249181872000918 ], [ 11450714.136832386255264, -366470.75111485394882 ], [ 11450698.379781104624271, -366482.15678731695516 ], [ 11450691.732226390391588, -366498.926328111847397 ], [ 11450686.931239390745759, -366511.010278246074449 ], [ 11450686.911981120705605, -366511.011727793025784 ], [ 11450684.619022248312831, -366516.787377628381364 ], [ 11450665.371214374899864, -366567.543820899561979 ], [ 11450665.240859251469374, -366568.805704780679662 ], [ 11450665.214031251147389, -366569.064950163359754 ], [ 11450662.14584344625473, -366598.773025884409435 ], [ 11450661.724499173462391, -366602.852490154153202 ], [ 11450661.715370977297425, -366602.941023876192048 ], [ 11450687.454997599124908, -366648.143629966420121 ], [ 11450693.876239782199264, -366659.42019961058395 ], [ 11450693.944812590256333, -366659.296542243973818 ], [ 11450694.34300240688026, -366660.216780493501574 ], [ 11450692.41172056645155, -366684.324505273369141 ], [ 11450692.389567986130714, -366684.600810965755954 ], [ 11450681.518774431198835, -366743.808743495494127 ] ] ] ] } },
{ "type": "Feature", "properties": { "fid": 40659, "kdkab": "74", "kdkec": "021", "nmkab": "LUBUKLINGGAU", "nmkec": "LUBUK LINGGAU SELATAN I", "kddesa": "003", "kdprov": "16", "nmdesa": "JUKUNG", "nmprov": "SUMATERA SELATAN", "iddesa": "1674021003" }, "geometry": { "type": "MultiPolygon", "coordinates": [ [ [ [ 11459098.703958371654153, -375095.037419132713694 ], [ 11459227.475005738437176, -375159.5337770076585 ], [ 11459236.72454222664237, -375193.509293508541305 ], [ 11459205.891269670799375, -375227.48370551422704 ], [ 11459050.777578003704548, -375186.439423434145283 ], [ 11459042.477596767246723, -375184.243749370565638 ], [ 11458977.494844019412994, -375251.664010346692521 ], [ 11458956.145992072299123, -375273.812567672517616 ], [ 11458817.398491943255067, -375236.750368459499441 ], [ 11458660.151918832212687, -375295.433676553133409 ], [ 11458595.640047529712319, -375214.654229414707515 ], [ 11458549.153028175234795, -375156.446006592654157 ], [ 11458521.40441869944334, -375162.622662638837937 ], [ 11458481.32160965166986, -375174.977090907748789 ], [ 11458401.155991552397609, -375344.851458530232776 ], [ 11458358.929169110953808, -375401.251051860512234 ], [ 11458354.907195905223489, -375406.623717659909744 ], [ 11458290.158214090391994, -375422.067066715680994 ], [ 11458179.160436624661088, -375320.142564731650054 ], [ 11458086.661732139065862, -375295.433676553133409 ], [ 11458055.749422738328576, -375280.653843336738646 ], [ 11457950.997781908139586, -375230.572593072603922 ], [ 11457937.823120167478919, -375229.557832167425659 ], [ 11457937.586009655147791, -375229.538875093334354 ], [ 11457893.768431687727571, -374400.930659052857663 ], [ 11457855.590299118310213, -373656.621795401966665 ], [ 11457841.292423728853464, -373464.733452999033034 ], [ 11457751.220484144985676, -372255.986604099278338 ], [ 11457738.770512290298939, -371875.901656235742848 ], [ 11457737.77531604282558, -371845.5177543926402 ], [ 11457736.278068894520402, -371799.823718239436857 ], [ 11457730.37479629740119, -371712.736589368782006 ], [ 11457727.359151290729642, -371668.244670707907062 ], [ 11457727.020740035921335, -371663.252433244138956 ], [ 11457716.17933483235538, -371503.097294103819877 ], [ 11457701.352469213306904, -371284.063168251130264 ], [ 11457636.038207022473216, -370319.199165563972201 ], [ 11457627.052497720345855, -370181.628389380173758 ], [ 11457619.316906306892633, -370063.207981240062509 ], [ 11457610.196500424295664, -369923.216713022149634 ], [ 11457605.230537943542004, -369847.007434822968207 ], [ 11457613.527179593220353, -369678.980351947946474 ], [ 11457634.601072395220399, -369670.545998605841305 ], [ 11457653.303860040381551, -369663.059451241511852 ], [ 11457653.709062986075878, -369662.7784548344207 ], [ 11457680.090446474030614, -369644.473436145111918 ], [ 11457684.328824764117599, -369641.532563972868957 ], [ 11457687.798541972413659, -369639.12502740212949 ], [ 11457690.069348266348243, -369637.549329256871715 ], [ 11457692.821166077628732, -369635.640003741485998 ], [ 11457737.947861256077886, -369604.330102915642783 ], [ 11457748.26272526755929, -369597.173619125562254 ], [ 11457756.066221574321389, -369591.759981411101762 ], [ 11457756.786458682268858, -369591.259317506512161 ], [ 11457836.389913350343704, -369535.412447364942636 ], [ 11457951.391852900385857, -369520.221934098692145 ], [ 11457955.654276205226779, -369519.658826949365903 ], [ 11457987.689799267798662, -369499.905476102314424 ], [ 11458059.120176924392581, -369455.860478499729652 ], [ 11458202.513039400801063, -369304.121693764463998 ], [ 11458203.780968401581049, -369301.160090527380817 ], [ 11458226.474559793248773, -369248.156772625108715 ], [ 11458282.331340692937374, -369144.247640799032524 ], [ 11458506.734736209735274, -369013.09660848666681 ], [ 11458568.832087758928537, -368976.804804423241876 ], [ 11458783.562932716682553, -368921.240354987268802 ], [ 11458792.830948241055012, -368913.276390861603431 ], [ 11458811.215807422995567, -368897.478480010118801 ], [ 11458895.017120091244578, -368825.470329064584803 ], [ 11458880.979732304811478, -368753.827963408490177 ], [ 11458879.326637869700789, -368745.395910913706757 ], [ 11458935.216814609244466, -368617.477895459218416 ], [ 11458991.03908646479249, -368529.571490972884931 ], [ 11459077.512066910043359, -368494.959116056212224 ], [ 11459110.369127813726664, -368481.808178214414511 ], [ 11459245.496518105268478, -368482.090286668215413 ], [ 11459279.994428301230073, -368456.166418543027248 ], [ 11459309.18462517298758, -368434.232214944961015 ], [ 11459415.977865472435951, -368442.103372148820199 ], [ 11459420.428418714553118, -368442.431197662896011 ], [ 11459460.439983289688826, -368322.497301788360346 ], [ 11459468.591798281297088, -368298.052363638591487 ], [ 11459489.808291349560022, -368234.430564585549291 ], [ 11459575.893879970535636, -368226.712184097850695 ], [ 11459593.031515579670668, -368219.852393046836369 ], [ 11459615.670560423284769, -368210.79149284522282 ], [ 11459620.813520897179842, -368213.193311510898639 ], [ 11459777.569063732400537, -368286.424497638829052 ], [ 11459779.862356564030051, -368287.495838830887806 ], [ 11459819.379662603139877, -368305.95774322404759 ], [ 11459822.139272779226303, -368307.246742638759315 ], [ 11459833.374748982489109, -368303.160079311113805 ], [ 11459909.63973212428391, -368275.420949965366162 ], [ 11459913.253162793815136, -368275.064133614185266 ], [ 11459989.144112449139357, -368267.584371205011848 ], [ 11460044.817216185852885, -368251.696010549843777 ], [ 11460108.489738527685404, -368211.817339252040256 ], [ 11460172.22682617790997, -368139.931175485369749 ], [ 11460315.549557376652956, -368020.197201327129733 ], [ 11460355.375218402594328, -367980.269551357312594 ], [ 11460396.709258534014225, -367869.273257830529474 ], [ 11460507.235041357576847, -367572.476022186805494 ], [ 11460623.131433011963964, -367357.685192168690264 ], [ 11460702.385121842846274, -367325.931146592774894 ], [ 11460802.47459108568728, -367302.955941368709318 ], [ 11460873.371303102001548, -367302.955941368709318 ], [ 11460985.117370188236237, -367324.942439275153447 ], [ 11461079.88365269638598, -367405.617617785814218 ], [ 11461141.987683419138193, -367455.844710738572758 ], [ 11461278.275022801011801, -367566.07009456527885 ], [ 11461544.051420265808702, -367814.685030694876332 ], [ 11461972.730534162372351, -368087.644276363484096 ], [ 11462072.291347146034241, -368155.539642572402954 ], [ 11462314.057243641465902, -368320.412155389494728 ], [ 11462392.426165157929063, -368380.784407388884574 ], [ 11462461.232742417603731, -368433.789539032615721 ], [ 11462461.190441014245152, -368435.035052886116318 ], [ 11462412.775368075817823, -369520.124923559487797 ], [ 11462408.903564864769578, -369606.888952980458271 ], [ 11462406.561959378421307, -369659.364348561794031 ], [ 11462406.561736742034554, -369659.368362791603431 ], [ 11462406.361139014363289, -369663.864528248144779 ], [ 11462371.395686959847808, -370447.425801272387616 ], [ 11462370.5595662612468, -370466.160256710078102 ], [ 11462364.550651470199227, -370600.80309142859187 ], [ 11462359.48450144380331, -370714.328895857557654 ], [ 11462358.490307068452239, -370736.603205454885028 ], [ 11462350.456045461818576, -370916.614083606109489 ], [ 11462343.908344332128763, -371063.316048891749233 ], [ 11462310.968127770349383, -371801.35250224621268 ], [ 11462310.944639358669519, -371812.818717482790817 ], [ 11462310.13211839646101, -372208.800404903304297 ], [ 11462301.35568973980844, -372245.041982164781075 ], [ 11462141.900537930428982, -372903.514314998872578 ], [ 11462140.219613622874022, -373718.418742961832322 ], [ 11462127.725113978609443, -374151.070839603606146 ], [ 11462124.755109963938594, -374253.872953213052824 ], [ 11462117.494852771982551, -374479.330962654377799 ], [ 11462118.393201060593128, -374481.237807903729845 ], [ 11462079.023949949070811, -374509.076637176796794 ], [ 11462076.091794565320015, -374522.844956449582241 ], [ 11462060.604359086602926, -374572.373898467747495 ], [ 11462041.669581620022655, -374670.393677065265365 ], [ 11462027.686740381643176, -374698.402052467747126 ], [ 11461987.734175138175488, -374711.742190962482709 ], [ 11461982.519970184192061, -374711.340749002876692 ], [ 11461964.067651394754648, -374709.918975413369481 ], [ 11461959.172933381050825, -374707.935183122812305 ], [ 11461942.395972922444344, -374634.863852790847886 ], [ 11461918.650412341579795, -374501.661126179154962 ], [ 11461899.868587857112288, -374443.337313475320116 ], [ 11461888.664281105622649, -374383.437877102114726 ], [ 11461885.164396315813065, -374379.113468253053725 ], [ 11461879.510479379445314, -374380.118185202707537 ], [ 11461869.304708462208509, -374348.426674049289431 ], [ 11461839.698176693171263, -374343.483378996548709 ], [ 11461815.025324752554297, -374355.841059486498125 ], [ 11461814.582273181527853, -374360.10302108025644 ], [ 11461805.851485515013337, -374444.05656187859131 ], [ 11461802.327110437676311, -374466.229487077507656 ], [ 11461789.263768194243312, -374484.560848234628793 ], [ 11461777.669843226671219, -374493.271005777292885 ], [ 11461736.582932369783521, -374498.031428873655386 ], [ 11461712.043663823977113, -374455.134103005577344 ], [ 11461642.315361177548766, -374326.18240565614542 ], [ 11461641.197713488712907, -374325.673914308310486 ], [ 11461615.175669319927692, -374313.824728534847964 ], [ 11461573.231598388403654, -374326.182740186341107 ], [ 11461573.231598388403654, -374451.764228783547878 ], [ 11461573.231598388403654, -374486.83233592461329 ], [ 11461558.428332503885031, -374504.133334823010955 ], [ 11461533.755480563268065, -374509.076637176796794 ], [ 11461476.545054659247398, -374474.876081644615624 ], [ 11461380.783575898036361, -374417.629482973599806 ], [ 11461351.177044128999114, -374417.629482973599806 ], [ 11461331.437872018665075, -374442.3448621967691 ], [ 11461322.466634256765246, -374523.231901224353351 ], [ 11461319.102559246122837, -374553.564138202695176 ], [ 11461294.429707305505872, -374580.750643595121801 ], [ 11461242.616050312295556, -374570.865147718170192 ], [ 11461208.074725518003106, -374548.620833833119832 ], [ 11461208.868433484807611, -374542.474320791079663 ], [ 11461235.214417370036244, -374338.540084174717776 ], [ 11461217.943198379129171, -374298.995963892492 ], [ 11461193.270346438512206, -374294.052671091805678 ], [ 11461045.234347993507981, -374397.85740666493075 ], [ 11461023.02833597175777, -374459.645854018337559 ], [ 11461036.098357388749719, -374549.838539284246508 ], [ 11461045.234347993507981, -374612.88046285189921 ], [ 11461023.02833597175777, -374654.896909333358053 ], [ 11460981.084265032783151, -374687.026750504097436 ], [ 11460788.637355737388134, -374709.269977591407951 ], [ 11460759.029710773378611, -374696.912256943935063 ], [ 11460657.871463101357222, -374622.767077659314964 ], [ 11460630.745129587128758, -374624.27582912921207 ], [ 11460613.460552252829075, -374625.238173946621828 ], [ 11460473.087787551805377, -374702.325032088148873 ], [ 11460378.931535849347711, -374754.031879327085335 ], [ 11460344.527134023606777, -374733.986538225552067 ], [ 11460280.290221866220236, -374609.442561700183433 ], [ 11460268.041738292202353, -374585.693949425709434 ], [ 11460201.424815414473414, -374578.279548319173045 ], [ 11460174.285123562440276, -374667.254625210596714 ], [ 11460213.281454380601645, -374791.745142346713692 ], [ 11460092.654540959745646, -374897.836345919873565 ], [ 11460068.192082859575748, -374919.35144365648739 ], [ 11460041.482974795624614, -374931.51259415561799 ], [ 11460041.051277812570333, -374931.709189601591788 ], [ 11460035.97733542136848, -374923.820839432068169 ], [ 11459969.500675106421113, -374820.489526675955858 ], [ 11459932.491397192701697, -374805.660692936100531 ], [ 11459804.193457663059235, -374914.408122649474535 ], [ 11459769.651019671931863, -374919.35144365648739 ], [ 11459668.492772001773119, -374862.506053425138816 ], [ 11459620.77233268506825, -374910.198549889028072 ], [ 11459577.036017946898937, -374953.910092258418445 ], [ 11459570.341263769194484, -374953.868832852866035 ], [ 11459555.747278528288007, -374924.631530747574288 ], [ 11459600.551147181540728, -374810.521490304672625 ], [ 11459609.800683675333858, -374739.484064093267079 ], [ 11459575.884974408894777, -374696.243187107436825 ], [ 11459524.791554531082511, -374688.161938902514521 ], [ 11459517.303092379122972, -374686.97768538602395 ], [ 11459446.387010773643851, -374708.597562332986854 ], [ 11459368.638138819485903, -374804.283522816607729 ], [ 11459338.472783206030726, -374841.408021034905687 ], [ 11459292.223653599619865, -374866.116805890633259 ], [ 11459244.732866393402219, -374855.015805412840564 ], [ 11459199.725283075124025, -374844.495782492973376 ], [ 11459153.475819513201714, -374869.205683176463936 ], [ 11459002.394787719473243, -375011.2807516643079 ], [ 11459004.332526098936796, -375034.571923273731954 ], [ 11459005.478337610140443, -375048.343989027256612 ], [ 11459098.703958371654153, -375095.037419132713694 ] ] ] ] } },
{ "type": "Feature", "properties": { "fid": 40086, "kdkab": "74", "kdkec": "031", "nmkab": "LUBUKLINGGAU", "nmkec": "LUBUK LINGGAU TIMUR I", "kddesa": "004", "kdprov": "16", "nmdesa": "WATERVANG", "nmprov": "SUMATERA SELATAN", "iddesa": "1674031004" }, "geometry": { "type": "MultiPolygon", "coordinates": [ [ [ [ 11454488.635006844997406, -365424.846888801432215 ], [ 11454402.217240866273642, -365259.728241903067101 ], [ 11454401.952077839523554, -365258.995561739022378 ], [ 11454395.132979793474078, -365262.67345788970124 ], [ 11454393.86605266481638, -365259.509809330920689 ], [ 11454317.877030540257692, -365293.264504631224554 ], [ 11454311.566439930349588, -365273.968954001087695 ], [ 11454302.335827752947807, -365245.745101398322731 ], [ 11454300.807522466406226, -365246.472540882823523 ], [ 11454298.122385025024414, -365236.521093341289088 ], [ 11454267.830570472404361, -365124.257979724323377 ], [ 11454266.267756139859557, -365118.466011350334156 ], [ 11454284.8116908762604, -365109.444724334287457 ], [ 11454284.547863682731986, -365108.677591058134567 ], [ 11454295.87462186999619, -365101.555963061167859 ], [ 11454295.972583018243313, -365101.494637006020639 ], [ 11454297.238285632804036, -365100.69840178033337 ], [ 11454277.205564027652144, -365052.824281637207605 ], [ 11454229.938974278047681, -364951.034490810940042 ], [ 11454165.399941017851233, -364895.624814130656887 ], [ 11454146.238851027563214, -364879.174075119721238 ], [ 11454108.891273183748126, -364967.88620085187722 ], [ 11454108.60841035656631, -364968.558110631071031 ], [ 11454070.642675381153822, -364968.844001218967605 ], [ 11454057.423708491027355, -364968.94357231608592 ], [ 11454057.3689392991364, -364968.944018324778881 ], [ 11454057.115687457844615, -364965.138350807887036 ], [ 11454056.652709694579244, -364958.181977611384355 ], [ 11454052.688956588506699, -364947.85936640354339 ], [ 11454045.554156467318535, -364940.712883782049175 ], [ 11453986.890677245333791, -364920.067665559239686 ], [ 11453879.076637221500278, -364881.953255023690872 ], [ 11453867.753552576526999, -364874.982837795338128 ], [ 11453861.601703552529216, -364871.195794270839542 ], [ 11453801.582130303606391, -364834.583439212699886 ], [ 11453756.773363586515188, -364789.835715342895128 ], [ 11453737.213415859267116, -364770.669705129577778 ], [ 11453736.679193627089262, -364770.146205161581747 ], [ 11453734.116952903568745, -364768.133601462526713 ], [ 11453720.725552123039961, -364757.614542047784198 ], [ 11453719.06177101098001, -364756.307632057811134 ], [ 11453742.39934566244483, -364682.233033335360233 ], [ 11453761.425405109301209, -364621.843724019941874 ], [ 11453763.267854, -364615.995807992236223 ], [ 11453765.118763176724315, -364609.793652230699081 ], [ 11453811.890983069315553, -364550.637252736371011 ], [ 11453826.843417068943381, -364543.325773515680339 ], [ 11453923.116965489462018, -364505.112478398077656 ], [ 11453960.429477689787745, -364490.302204193838406 ], [ 11454050.010275680571795, -364489.905148027115501 ], [ 11454152.671447798609734, -364523.652139982907102 ], [ 11454215.695200154557824, -364536.753883284982294 ], [ 11454246.611851008608937, -364540.724335213308223 ], [ 11454248.38951195590198, -364540.101265601930209 ], [ 11454258.956737261265516, -364536.397636442852672 ], [ 11454334.871731923893094, -364509.791185656446032 ], [ 11454463.29724358767271, -364404.977307557070162 ], [ 11454463.365259800106287, -364405.115569079935085 ], [ 11454463.131711509078741, -364405.320396835042629 ], [ 11454463.248374335467815, -364405.553991906985175 ], [ 11454470.020718194544315, -364399.823051980347373 ], [ 11454474.970984628424048, -364395.633951176889241 ], [ 11454477.618050800636411, -364396.305969013017602 ], [ 11454479.90800404548645, -364396.887224864098243 ], [ 11454482.891366397961974, -364397.645433151279576 ], [ 11454494.410707307979465, -364395.930544409377035 ], [ 11454497.552143337205052, -364395.462239299435169 ], [ 11454509.189482903108001, -364393.730625414522365 ], [ 11454554.665721284225583, -364367.241284837189596 ], [ 11454561.04466206394136, -364363.525619280175306 ], [ 11454601.119901392608881, -364339.662807190441526 ], [ 11454684.75501406006515, -364300.357651220168918 ], [ 11454684.766925245523453, -364300.476734420575667 ], [ 11454702.325459847226739, -364292.068323605170008 ], [ 11454729.820260878652334, -364279.027154086506926 ], [ 11454766.153829477727413, -364261.794660277839284 ], [ 11454766.156723786145449, -364261.800123830267694 ], [ 11454767.009097123518586, -364263.430492685525678 ], [ 11454831.225526502355933, -364228.796030933561269 ], [ 11454836.922190126031637, -364225.723619524913374 ], [ 11454868.480486527085304, -364312.843324572429992 ], [ 11454880.831495352089405, -364382.179323109914549 ], [ 11454910.899780370295048, -364445.322026627487503 ], [ 11454933.398451333865523, -364492.568579880113248 ], [ 11454944.678789297118783, -364516.257036528550088 ], [ 11454957.792336631566286, -364540.416033944231458 ], [ 11455018.653596552088857, -364652.540075477561913 ], [ 11455057.332110226154327, -364714.451062835461926 ], [ 11455038.166790094226599, -364729.074155660811812 ], [ 11455025.812107728794217, -364738.500720095005818 ], [ 11455007.213960397988558, -364752.690409447357524 ], [ 11455007.406543118879199, -364753.049444514384959 ], [ 11455007.711558524519205, -364753.613642483833246 ], [ 11454988.972258085384965, -364768.223025735642295 ], [ 11454988.992963507771492, -364768.255807204695884 ], [ 11455032.079840337857604, -364836.348510430718306 ], [ 11455058.234911296516657, -364902.32840901974123 ], [ 11455040.798271538689733, -364906.209561064199079 ], [ 11455044.673080375418067, -364971.219100862974301 ], [ 11455060.535105934366584, -365025.692534074129071 ], [ 11455082.385229550302029, -365018.304198975674808 ], [ 11455152.321588320657611, -364994.656110964890104 ], [ 11455154.086113568395376, -364997.93838995276019 ], [ 11455214.835608720779419, -365142.865202829416376 ], [ 11455193.409501053392887, -365150.944746895343997 ], [ 11455218.154933299869299, -365265.324642957071774 ], [ 11455222.304255994036794, -365264.220103299478069 ], [ 11455227.694345744326711, -365285.815606169810053 ], [ 11455204.996190249919891, -365375.560454155667685 ], [ 11455198.334831919521093, -365401.89816802093992 ], [ 11455000.933871330693364, -365460.597747993364464 ], [ 11455000.545143665745854, -365460.713375859661028 ], [ 11455037.630675427615643, -365621.681530557631049 ], [ 11454988.508167125284672, -365717.354458347661421 ], [ 11454982.002322126179934, -365730.025607512623537 ], [ 11454833.409614909440279, -365809.245410558651201 ], [ 11454790.393537279218435, -365832.178716400056146 ], [ 11454791.938763128593564, -365925.045300908037461 ], [ 11454744.017726097255945, -365966.750234895560425 ], [ 11454702.585502175614238, -366002.807900831161533 ], [ 11454697.679652215912938, -366007.077455554390326 ], [ 11454581.787156742066145, -366051.963039700000081 ], [ 11454557.063431793823838, -366010.17299712105887 ], [ 11454475.166127696633339, -365990.051866972469725 ], [ 11454475.649476926773787, -365986.771454312547576 ], [ 11454482.005597213283181, -365943.637827885104343 ], [ 11454503.148285461589694, -365800.160845630744006 ], [ 11454535.033415885642171, -365583.78397536353441 ], [ 11454535.079724797978997, -365583.469761583488435 ], [ 11454556.298221619799733, -365561.726014370273333 ], [ 11454519.205788047984242, -365476.926700768992305 ], [ 11454515.839597962796688, -365459.181111523823347 ], [ 11454516.294115446507931, -365458.944615186017472 ], [ 11454512.612223291769624, -365454.405580484657548 ], [ 11454488.635006844997406, -365424.846888801432215 ] ] ] ] } },
{ "type": "Feature", "properties": { "fid": 40365, "kdkab": "74", "kdkec": "022", "nmkab": "LUBUKLINGGAU", "nmkec": "LUBUK LINGGAU SELATAN II", "kddesa": "005", "kdprov": "16", "nmdesa": "TANAH PERIUK", "nmprov": "SUMATERA SELATAN", "iddesa": "1674022005" }, "geometry": { "type": "MultiPolygon", "coordinates": [ [ [ [ 11458319.756953496485949, -365536.129976413038094 ], [ 11458318.68605999276042, -365536.642887256864924 ], [ 11458315.85743173584342, -365537.996525879309047 ], [ 11458305.557039249688387, -365561.310556495387573 ], [ 11458243.174709806218743, -365658.319901141978335 ], [ 11458240.162404380738735, -365660.836512124165893 ], [ 11458221.695614060387015, -365676.263996552152093 ], [ 11458156.587070282548666, -365720.131317592749838 ], [ 11458136.521732063964009, -365733.651001511781942 ], [ 11458123.783442731946707, -365736.572368483350147 ], [ 11458065.039034249261022, -365750.045223313383758 ], [ 11458059.493097215890884, -365750.029612953658216 ], [ 11458047.379310229793191, -365749.995047161006369 ], [ 11458047.062049675732851, -365740.780475080013275 ], [ 11458045.408176003023982, -365692.735815651365556 ], [ 11458044.672020211815834, -365671.348966587916948 ], [ 11458026.791660958901048, -365151.806768638489302 ], [ 11458019.766844496130943, -364947.689214704092592 ], [ 11458016.766450256109238, -364860.509138115216047 ], [ 11458013.481412084773183, -364765.04255445196759 ], [ 11458012.495121398940682, -364736.389995594217908 ], [ 11458010.20416627638042, -364736.515992358908989 ], [ 11458007.657398968935013, -364637.544800804869737 ], [ 11458007.619327699765563, -364636.066514479985926 ], [ 11458007.593724215403199, -364635.083071631903294 ], [ 11457989.976301604881883, -364637.174838967621326 ], [ 11457982.422160960733891, -364541.406277546193451 ], [ 11457982.387206643819809, -364541.070546938513871 ], [ 11457976.738187761977315, -364540.601126205758192 ], [ 11457976.184707254171371, -364479.630748675321229 ], [ 11457975.527922257781029, -364407.267319770588074 ], [ 11457975.465694662183523, -364400.406872376217507 ], [ 11457983.358135236427188, -364313.448887233447749 ], [ 11457979.411970609799027, -364276.557627735252026 ], [ 11457964.748633325099945, -364214.136765752453357 ], [ 11457966.434678334742785, -364213.461292477964889 ], [ 11457963.093646453693509, -364197.516199538833462 ], [ 11457950.536919210106134, -364137.589546618284658 ], [ 11457949.622318277135491, -364133.224395630240906 ], [ 11457946.526968518272042, -364118.452304020756856 ], [ 11457928.104928625747561, -364064.941454347164836 ], [ 11457920.218944575637579, -364042.034825884387828 ], [ 11457917.914853753522038, -363982.030540207691956 ], [ 11457919.219963463023305, -363981.306007980136201 ], [ 11457922.97432461194694, -363935.552888905629516 ], [ 11457923.035550329834223, -363934.807060331280809 ], [ 11457924.165999762713909, -363921.030473559221718 ], [ 11457924.025069285184145, -363920.451338698447216 ], [ 11457923.887033116072416, -363917.249594899069052 ], [ 11457923.661054553464055, -363912.005269202985801 ], [ 11457926.406193196773529, -363868.560800260223914 ], [ 11457931.182133303955197, -363789.471269061556086 ], [ 11457932.150278916582465, -363771.901115354674403 ], [ 11457932.401860967278481, -363767.334162561106496 ], [ 11457929.323543086647987, -363720.372465046821162 ], [ 11457926.912140280008316, -363688.974473732872866 ], [ 11457922.397244367748499, -363630.185509271628689 ], [ 11457919.525980746373534, -363597.292322579945903 ], [ 11457929.908304370939732, -363517.070585501613095 ], [ 11457930.831588232889771, -363509.936459369608201 ], [ 11457932.293769741430879, -363497.789502075058408 ], [ 11457937.091528479009867, -363459.008916109974962 ], [ 11457937.240362633019686, -363457.805939554586075 ], [ 11457937.307933563366532, -363457.260145670094062 ], [ 11457972.241993525996804, -363292.444006254721899 ], [ 11457976.91162352450192, -363269.817847050551791 ], [ 11457978.763423254713416, -363260.845211710431613 ], [ 11457979.104394856840372, -363259.193337932054419 ], [ 11457979.279834371060133, -363259.240167973330244 ], [ 11458011.330719524994493, -363260.090133124613203 ], [ 11458030.984175624325871, -363260.626448540424462 ], [ 11458045.914902325719595, -363262.731235694547649 ], [ 11458069.986072421073914, -363266.124517944816034 ], [ 11458087.944466631859541, -363268.656127562047914 ], [ 11458128.491144, -363274.372180051344912 ], [ 11458129.26370126567781, -363274.954099076159764 ], [ 11458183.368313373997808, -363315.713079840526916 ], [ 11458214.123662294819951, -363338.880581603851169 ], [ 11458216.949841525405645, -363339.835469020297751 ], [ 11458278.345323683694005, -363360.579296200885437 ], [ 11458279.300333593040705, -363360.901977736968547 ], [ 11458279.663012493401766, -363361.024516445235349 ], [ 11458280.293748734518886, -363360.901977736968547 ], [ 11458300.358864311128855, -363357.0038197930553 ], [ 11458301.832845686003566, -363356.717487323447131 ], [ 11458342.663610395044088, -363348.785030144150369 ], [ 11458348.637682186439633, -363347.62442483974155 ], [ 11458372.180641297250986, -363347.672369914129376 ], [ 11458387.619875432923436, -363367.183786912239157 ], [ 11458392.308318428695202, -363373.108907298999839 ], [ 11458402.74452068656683, -363399.217796809156425 ], [ 11458420.751561520621181, -363444.271701551449951 ], [ 11458421.050454348325729, -363445.089110029104631 ], [ 11458437.475088618695736, -363490.015811357938219 ], [ 11458444.294965904206038, -363494.36621922487393 ], [ 11458504.057502452284098, -363532.488519314909354 ], [ 11458506.296582689508796, -363533.916838902747259 ], [ 11458512.0266421623528, -363537.572043708059937 ], [ 11458531.026430208235979, -363549.692022225935943 ], [ 11458546.640547268092632, -363559.652239592454862 ], [ 11458639.275061532855034, -363587.154927710129414 ], [ 11458639.200811432674527, -363587.713098769250792 ], [ 11458638.810859255492687, -363590.646005647198763 ], [ 11458638.697313373908401, -363591.509018862328958 ], [ 11458663.722825456410646, -363598.533210775291082 ], [ 11458698.338066400960088, -363608.24913504102733 ], [ 11458780.244498698040843, -363631.238854064780753 ], [ 11458792.38722875341773, -363631.73280108202016 ], [ 11458803.44014099240303, -363632.181032916065305 ], [ 11458803.211490759626031, -363636.483166608493775 ], [ 11458802.361789086833596, -363652.472110792761669 ], [ 11458802.164085667580366, -363656.191989752580412 ], [ 11458803.23998855240643, -363700.376405257615261 ], [ 11458805.838630745187402, -363807.092158315004781 ], [ 11458805.868909642100334, -363807.108325900218915 ], [ 11458805.697143668308854, -363807.551429410930723 ], [ 11458807.224892357364297, -363833.419244275370147 ], [ 11458807.833809975534678, -363855.61913872230798 ], [ 11458809.233763892203569, -363855.59683858777862 ], [ 11458847.637763701379299, -363854.98380785662448 ], [ 11458894.411542061716318, -363854.237199316499755 ], [ 11458894.442266244441271, -363854.203749118372798 ], [ 11458896.887844137847424, -363854.185909008607268 ], [ 11458909.302972987294197, -363854.095481958473101 ], [ 11458949.960413245484233, -363853.799224661372136 ], [ 11458950.48183374479413, -363853.538090074376669 ], [ 11458952.744625030085444, -363852.404908700846136 ], [ 11458957.155325897037983, -363847.5662254904164 ], [ 11458957.379745990037918, -363847.320032008166891 ], [ 11458957.988663606345654, -363845.618643288325984 ], [ 11458960.916700169444084, -363837.437505009409506 ], [ 11458962.27535455673933, -363833.173496828705538 ], [ 11458962.8730289041996, -363831.078399512043688 ], [ 11458964.378402378410101, -363823.324086769425776 ], [ 11458964.697332721203566, -363822.344219090649858 ], [ 11458965.81742943637073, -363818.903643725148868 ], [ 11458968.416071629151702, -363810.92164752969984 ], [ 11458968.928809205070138, -363810.550127416325267 ], [ 11458976.611523855477571, -363804.983458408038132 ], [ 11458981.067420434206724, -363801.754734760557767 ], [ 11458986.73970508761704, -363801.778707395016681 ], [ 11459017.187923528254032, -363801.426142414100468 ], [ 11459060.794996337965131, -363802.032705820689443 ], [ 11459070.081713540479541, -363802.032705820689443 ], [ 11459091.683372046798468, -363808.099120512255467 ], [ 11459110.419444223865867, -363805.879477460810449 ], [ 11459114.954934237524867, -363800.000383939535823 ], [ 11459119.509905157610774, -363794.049484321847558 ], [ 11459130.243441781029105, -363774.183421071094926 ], [ 11459137.308333264663815, -363757.624803033075295 ], [ 11459138.592069635167718, -363754.61595988587942 ], [ 11459183.221166687086225, -363790.700340326002333 ], [ 11459182.999863538891077, -363792.30717568739783 ], [ 11459179.991009021177888, -363814.157061485166196 ], [ 11459179.860208623111248, -363825.296644730726257 ], [ 11459179.50309569388628, -363837.217848711297847 ], [ 11459172.049142595380545, -363855.882949327409733 ], [ 11459164.967441864311695, -363873.616130235139281 ], [ 11459159.516571676358581, -363886.962206930038519 ], [ 11459152.046811206266284, -363898.286108110682108 ], [ 11459148.614719985052943, -363903.543701749353204 ], [ 11459141.952582420781255, -363917.698608379636426 ], [ 11459139.693464677780867, -363921.01742797071347 ], [ 11459139.344923349097371, -363921.734489260939881 ], [ 11459139.542626760900021, -363936.392266614886466 ], [ 11459139.610976934432983, -363941.454735703533515 ], [ 11459139.614093879237771, -363941.686099789512809 ], [ 11459139.094231855124235, -363944.463026368932333 ], [ 11459136.50171223282814, -363959.556774755532388 ], [ 11459123.37914802134037, -363969.465180721133947 ], [ 11459064.487018572166562, -363999.61053897353122 ], [ 11459064.478780928999186, -364001.749905267148279 ], [ 11459064.046082070097327, -364114.404373942292295 ], [ 11459063.683514488860965, -364208.820842478715349 ], [ 11459054.839292265474796, -364217.305179236514959 ], [ 11459048.025871511548758, -364223.841370352020022 ], [ 11459030.645336771383882, -364245.539364473195747 ], [ 11459023.509646095335484, -364257.980988779920153 ], [ 11459021.629459891468287, -364261.259343577781692 ], [ 11459022.722951252013445, -364327.343044553301297 ], [ 11459022.722951252013445, -364339.507709080178756 ], [ 11459023.261292312294245, -364403.676868759037461 ], [ 11459023.558404030278325, -364427.699475808767602 ], [ 11459025.733252923935652, -364710.231956322095357 ], [ 11459026.538649437949061, -364921.614529219805263 ], [ 11459026.193336378782988, -364985.270557558746077 ], [ 11459007.98413934931159, -364985.232758446945809 ], [ 11459003.366606872528791, -364990.729797612759285 ], [ 11458974.49812332354486, -365025.098006231011823 ], [ 11458911.003712164238095, -365066.56666537723504 ], [ 11458881.46731167472899, -365085.85760854795808 ], [ 11458863.357856908813119, -365091.083703026466537 ], [ 11458858.21790206246078, -365092.567012967658229 ], [ 11458787.461341282352805, -365112.986025683407206 ], [ 11458744.672355411574244, -365107.642853156081401 ], [ 11458743.578084820881486, -365107.695259066007566 ], [ 11458733.355615979060531, -365105.665923989785369 ], [ 11458693.875156695023179, -365097.828565369767603 ], [ 11458683.83736689016223, -365095.835914602095727 ], [ 11458683.793952284380794, -365095.599530542152934 ], [ 11458683.709349473938346, -365095.147947779216338 ], [ 11458659.576397068798542, -365124.758400454069488 ], [ 11458647.915346449241042, -365139.065215976093896 ], [ 11458626.218398451805115, -365165.685197003127541 ], [ 11458607.005767539143562, -365191.134413245366886 ], [ 11458550.9664226770401, -365265.36578722903505 ], [ 11458529.566363766789436, -365297.696936750726309 ], [ 11458502.374351751059294, -365338.779899795365054 ], [ 11458490.919576149433851, -365356.085036270436831 ], [ 11458465.937256027013063, -365381.632417919521686 ], [ 11458446.153556121513247, -365401.863379327754956 ], [ 11458385.319680795073509, -365441.311757590563502 ], [ 11458356.670496640726924, -365470.033628941804636 ], [ 11458355.375850966200233, -365472.351761589932721 ], [ 11458331.415221126750112, -365515.254953132069204 ], [ 11458319.756953496485949, -365536.129976413038094 ] ] ] ] } },
{ "type": "Feature", "properties": { "fid": 40155, "kdkab": "74", "kdkec": "011", "nmkab": "LUBUKLINGGAU", "nmkec": "LUBUK LINGGAU BARAT I", "kddesa": "004", "kdprov": "16", "nmdesa": "TANJUNG INDAH", "nmprov": "SUMATERA SELATAN", "iddesa": "1674011004" }, "geometry": { "type": "MultiPolygon", "coordinates": [ [ [ [ 11449144.353567060083151, -368886.456361532444134 ], [ 11449188.393784003332257, -368887.677237724827137 ], [ 11449190.547704830765724, -368887.736893291468732 ], [ 11449194.587711790576577, -368884.977572616247926 ], [ 11449194.892393236979842, -368884.769614441436715 ], [ 11449194.971652716398239, -368884.706167683878448 ], [ 11449195.005939118564129, -368884.69211796548916 ], [ 11449195.339229673147202, -368884.555077429278754 ], [ 11449195.386651774868369, -368884.535563924931921 ], [ 11449252.901091208681464, -368873.586482981801964 ], [ 11449252.969441380351782, -368873.486685372656211 ], [ 11449321.938656410202384, -368899.492719652189407 ], [ 11449348.354103663936257, -368976.286413882917259 ], [ 11449356.423319587484002, -368999.745009940757882 ], [ 11449361.949664387851954, -369016.752662460668944 ], [ 11449363.006308995187283, -369020.004730823915452 ], [ 11449363.035474704578519, -369020.094604547542986 ], [ 11449369.5030257999897, -369023.922600796504412 ], [ 11449391.993681762367487, -369037.422728097531945 ], [ 11449605.545208035036922, -369165.608064003230538 ], [ 11449610.202592892572284, -369168.358582718239632 ], [ 11449795.80524593219161, -369277.970160135359038 ], [ 11449858.623613823205233, -369315.615301999670919 ], [ 11449951.146029360592365, -369377.075172305456363 ], [ 11450018.390571523457766, -369432.700176237442065 ], [ 11449965.210133830085397, -369496.623955914925318 ], [ 11449928.9043950997293, -369534.389376327744685 ], [ 11449872.929281586781144, -369573.892525711795315 ], [ 11449872.969690565019846, -369573.918506705493201 ], [ 11449720.642659710720181, -369675.903998428722844 ], [ 11449717.000619929283857, -369679.640582096239086 ], [ 11449655.781579162925482, -369722.423303255112842 ], [ 11449586.106375915929675, -369755.138443850388285 ], [ 11449514.253763429820538, -369752.957374705118127 ], [ 11449409.741014217957854, -369731.147354666201863 ], [ 11449324.824391571804881, -369746.41439053916838 ], [ 11449287.333768183365464, -369738.50846174947219 ], [ 11449272.757148783653975, -369732.994684180419426 ], [ 11449262.769898029044271, -369726.78532887424808 ], [ 11449247.129398250952363, -369704.264348240103573 ], [ 11449227.932352064177394, -369676.622100447537377 ], [ 11449232.287059227004647, -369585.01986345363548 ], [ 11449164.789153899997473, -369502.141624374606181 ], [ 11449085.836695607751608, -369398.342644398217089 ], [ 11449062.760833082720637, -369368.004810634069145 ], [ 11449056.302632825449109, -369361.618627044721507 ], [ 11449055.922365449368954, -369361.242739627778064 ], [ 11449032.535253629088402, -369335.838729881215841 ], [ 11448985.289257982745767, -369305.866095943783876 ], [ 11448979.714489202946424, -369301.489368175913114 ], [ 11448886.088452234864235, -369303.670428386714775 ], [ 11448836.009375553578138, -369325.480475336080417 ], [ 11448815.431077122688293, -369342.228368658048566 ], [ 11448787.253108376637101, -369380.091415630304255 ], [ 11448745.409447619691491, -369446.643925591139123 ], [ 11448727.945645902305841, -369470.844807723595295 ], [ 11448665.120264887809753, -369589.361477955186274 ], [ 11448652.437078705057502, -369638.69461236713687 ], [ 11448649.925933631137013, -369648.461911911901552 ], [ 11448649.537428610026836, -369647.799451825150754 ], [ 11448648.417999807745218, -369645.890572153381072 ], [ 11448606.747329540550709, -369575.626116043655202 ], [ 11448601.988198669627309, -369560.760080869193189 ], [ 11448439.306562742218375, -369245.464792618586216 ], [ 11448417.541821178048849, -369255.604822208057158 ], [ 11448406.848693531006575, -369225.906291996012442 ], [ 11448406.849695408716798, -369225.901274218922481 ], [ 11448403.164241028949618, -369215.57101802813122 ], [ 11448394.281279621645808, -369190.671718132216483 ], [ 11448420.594980854541063, -369151.858036093006376 ], [ 11448421.407835772261024, -369147.8172819778556 ], [ 11448423.321083864197135, -369137.615487978328019 ], [ 11448424.242920568212867, -369124.146681599959265 ], [ 11448424.239914942532778, -369124.142890399147291 ], [ 11448416.108248773962259, -369113.58461404958507 ], [ 11448413.974254138767719, -369110.813691111339722 ], [ 11448276.866156151518226, -368932.793690438789781 ], [ 11448274.425698950886726, -368929.697955734096467 ], [ 11448274.337422598153353, -368929.585892436210997 ], [ 11448274.294230638071895, -368929.531143099593464 ], [ 11448323.621232839301229, -368883.047631566936616 ], [ 11448336.765949627384543, -368870.660573130124249 ], [ 11448336.74034615047276, -368870.622549686115235 ], [ 11448336.714965304359794, -368870.645631364663132 ], [ 11448336.705280508846045, -368870.631358639104292 ], [ 11448330.513022512197495, -368861.455219683411997 ], [ 11448312.222450941801071, -368841.537515821051784 ], [ 11448311.733090460300446, -368840.923788560554385 ], [ 11448310.150127297267318, -368838.938429962610826 ], [ 11448289.877512188628316, -368813.511904810089618 ], [ 11448289.034489685669541, -368812.454496722959448 ], [ 11448287.639767784625292, -368810.596701093600132 ], [ 11448271.125855283811688, -368788.599091937707271 ], [ 11448267.077388044446707, -368785.080977973993868 ], [ 11448247.337770659476519, -368767.927177294506691 ], [ 11448188.318736992776394, -368717.075169101764914 ], [ 11448169.773355098441243, -368700.874862835276872 ], [ 11448169.67172040976584, -368700.951801654126029 ], [ 11448128.920437812805176, -368665.554708829149604 ], [ 11448122.263309622183442, -368659.824998746800702 ], [ 11448109.076514067128301, -368648.475077861745376 ], [ 11448109.028758004307747, -368648.434043846151326 ], [ 11448143.83023645542562, -368571.167794665438123 ], [ 11448197.646976362913847, -368477.01099658041494 ], [ 11448209.666030464693904, -368469.823475914075971 ], [ 11448223.478998159989715, -368461.917192565219011 ], [ 11448242.673595316708088, -368452.21400207572151 ], [ 11448259.894943177700043, -368447.542042158718687 ], [ 11448276.936955343931913, -368443.94833847717382 ], [ 11448293.08195505477488, -368443.94833847717382 ], [ 11448311.200315373018384, -368446.284262579923961 ], [ 11448351.024640565738082, -368365.783834862639196 ], [ 11448354.732247529551387, -368357.668598223710433 ], [ 11448354.669685972854495, -368357.617751861573197 ], [ 11448382.534958273172379, -368290.164379417372402 ], [ 11448383.105581978335977, -368288.321645759511739 ], [ 11448389.231048276647925, -368291.01650157594122 ], [ 11448392.605809966102242, -368292.501303819182795 ], [ 11448403.041455626487732, -368300.427757476980332 ], [ 11448407.179869020357728, -368303.571198750752956 ], [ 11448463.305486479774117, -368345.86655486759264 ], [ 11448482.014619339257479, -368360.538295870181173 ], [ 11448513.907096855342388, -368397.894103395636193 ], [ 11448513.989584598690271, -368398.002151963824872 ], [ 11448514.140311190858483, -368398.199516229506116 ], [ 11448514.353710656985641, -368398.478948340867646 ], [ 11448514.76837575994432, -368399.021867321163882 ], [ 11448515.345233360305429, -368399.77731527632568 ], [ 11448517.284864163026214, -368402.756400656478945 ], [ 11448524.424451030790806, -368413.722160723991692 ], [ 11448538.293412424623966, -368435.023456340306439 ], [ 11448546.52704724483192, -368447.669381187995896 ], [ 11448548.507420988753438, -368446.492665951896925 ], [ 11448558.900097323581576, -368440.317169137182645 ], [ 11448558.959207974374294, -368440.436814299435355 ], [ 11448559.265670532360673, -368441.056783627776895 ], [ 11448580.792411023750901, -368430.634832023351919 ], [ 11448585.311982352286577, -368441.499905592063442 ], [ 11448585.323782214894891, -368441.52833944093436 ], [ 11448594.336319513618946, -368433.433391207538079 ], [ 11448642.086481127887964, -368390.544905296119396 ], [ 11448648.774333495646715, -368386.403712830215227 ], [ 11448652.729292366653681, -368383.954723699367605 ], [ 11448656.523283252492547, -368382.973031763511244 ], [ 11448671.445327030494809, -368379.513024931715336 ], [ 11448672.225565342232585, -368378.90978173102485 ], [ 11448679.496063923463225, -368373.288692580768839 ], [ 11448692.013606704771519, -368363.611044557357673 ], [ 11448705.943125907331705, -368352.496207024494652 ], [ 11448709.882834009826183, -368349.352541351865511 ], [ 11448710.278129518032074, -368349.581349989515729 ], [ 11448741.541429275646806, -368367.67529757641023 ], [ 11448769.418724074959755, -368383.498778868291993 ], [ 11448804.346216186881065, -368413.486661639879458 ], [ 11448821.629680324345827, -368430.472257348475978 ], [ 11448822.126499217003584, -368430.985962104750797 ], [ 11448811.944328034296632, -368439.665755322086625 ], [ 11448811.590109415352345, -368440.002055229095276 ], [ 11448811.572409613057971, -368440.01878102082992 ], [ 11448781.751476500183344, -368468.325625167170074 ], [ 11448778.003794524818659, -368471.883090413117316 ], [ 11448741.447809580713511, -368509.754201760515571 ], [ 11448693.357121642678976, -368562.122699433064554 ], [ 11448681.105298487469554, -368575.464321084669791 ], [ 11448654.814974347129464, -368598.538026742637157 ], [ 11448618.83161686360836, -368628.554959288565442 ], [ 11448610.813719218596816, -368635.243391786003485 ], [ 11448577.755503997206688, -368662.661587107751984 ], [ 11448577.807378882542253, -368662.776995302352589 ], [ 11448577.644518462941051, -368662.912808996974491 ], [ 11448582.696308273822069, -368672.008870498102624 ], [ 11448582.719908010214567, -368671.988687999080867 ], [ 11448600.937008716166019, -368700.663225325522944 ], [ 11448603.081578705459833, -368704.039167036477011 ], [ 11448608.683620762079954, -368712.857025571516715 ], [ 11448627.752538215368986, -368742.872539604955819 ], [ 11448627.839812697842717, -368743.009802974236663 ], [ 11448640.133714618161321, -368762.36115212138975 ], [ 11448640.225553201511502, -368762.291015099268407 ], [ 11448662.262136960402131, -368805.276097693713382 ], [ 11448677.872357835993171, -368835.725951447500847 ], [ 11448711.453885981813073, -368866.210045849089511 ], [ 11448760.776769366115332, -368889.335996926762164 ], [ 11448761.689032595604658, -368890.044727333995979 ], [ 11448816.262299759313464, -368893.204576722870115 ], [ 11448879.407279035076499, -368844.329060554271564 ], [ 11448955.599347911775112, -368780.550393105542753 ], [ 11448955.827107591554523, -368780.359718499239534 ], [ 11448965.514129675924778, -368811.625675225106534 ], [ 11449080.323152551427484, -368828.875823590671644 ], [ 11449122.61509689502418, -368879.063532201456837 ], [ 11449144.344772817566991, -368886.574334590870421 ], [ 11449144.421583265066147, -368886.60221102531068 ], [ 11449144.353567060083151, -368886.456361532444134 ] ] ] ] } },
{ "type": "Feature", "properties": { "fid": 40189, "kdkab": "74", "kdkec": "011", "nmkab": "LUBUKLINGGAU", "nmkec": "LUBUK LINGGAU BARAT I", "kddesa": "009", "kdprov": "16", "nmdesa": "BANDUNG KIRI", "nmprov": "SUMATERA SELATAN", "iddesa": "1674011009" }, "geometry": { "type": "MultiPolygon", "coordinates": [ [ [ [ 11450610.207731267437339, -367600.027982441708446 ], [ 11450619.787441365420818, -367644.435856435040478 ], [ 11450619.63682609796524, -367644.482465299777687 ], [ 11450606.018667509779334, -367648.701571631187107 ], [ 11450597.942104494199157, -367651.203732129069977 ], [ 11450594.441774426028132, -367652.288224701245781 ], [ 11450594.41817469149828, -367652.380327404476702 ], [ 11450593.296742141246796, -367656.754982790153008 ], [ 11450592.182434041053057, -367661.145137473649811 ], [ 11450592.073563579469919, -367661.574095248244703 ], [ 11450591.998422920703888, -367661.870251173619181 ], [ 11450591.881982736289501, -367662.880481858330313 ], [ 11450591.73871454782784, -367664.12442597548943 ], [ 11450591.78680457174778, -367665.328339991916437 ], [ 11450591.809402422979474, -367665.895563351514284 ], [ 11450591.911816360428929, -367668.459497728734277 ], [ 11450591.825321113690734, -367674.268324657750782 ], [ 11450591.825321113690734, -367679.296954844438005 ], [ 11450591.803947769105434, -367679.307213258347474 ], [ 11450591.782017832621932, -367679.296954844438005 ], [ 11450551.33864494971931, -367698.544418670120649 ], [ 11450551.385065181180835, -367698.602624032762833 ], [ 11450551.313709381967783, -367698.636744418588933 ], [ 11450549.725291572511196, -367696.577255816664547 ], [ 11450543.576782135292888, -367700.041589969419874 ], [ 11450524.578218597918749, -367697.619488620897755 ], [ 11450505.579543748870492, -367696.927491529262625 ], [ 11450501.088915484026074, -367700.387588527519256 ], [ 11450491.762345908209682, -367692.429510561341885 ], [ 11450490.035224011167884, -367679.973341194970999 ], [ 11450486.926404589787126, -367676.85935482243076 ], [ 11450488.653526494279504, -367627.38080259214621 ], [ 11450492.453194670379162, -367621.844718006381299 ], [ 11450496.999260038137436, -367617.797106541343965 ], [ 11450494.248221460729837, -367611.378241781785619 ], [ 11450494.087364794686437, -367610.999907220306341 ], [ 11450493.82086593657732, -367610.373252270568628 ], [ 11450493.750957293435931, -367610.413282365479972 ], [ 11450493.690844766795635, -367610.44773724017432 ], [ 11450493.584534658119082, -367610.501928394893184 ], [ 11450432.433398777619004, -367641.694965014816262 ], [ 11450432.430170508101583, -367641.721280070254579 ], [ 11450432.326420746743679, -367642.570609622285701 ], [ 11450432.066155776381493, -367644.701794598659035 ], [ 11450431.690229857340455, -367647.780656154791359 ], [ 11450418.424286138266325, -367685.039102643961087 ], [ 11450418.195190625265241, -367685.177925759868231 ], [ 11450414.681836176663637, -367687.307104476902168 ], [ 11450402.148374712094665, -367694.902680866827723 ], [ 11450401.326836870983243, -367695.055665071937256 ], [ 11450395.917488850653172, -367696.063219953619409 ], [ 11450378.366301331669092, -367699.332086653041188 ], [ 11450371.789100540801883, -367697.322106050269213 ], [ 11450358.588278723880649, -367693.416548582026735 ], [ 11450358.099363522604108, -367693.258100658422336 ], [ 11450352.28726158477366, -367691.541600058902986 ], [ 11450319.739112274721265, -367681.92924179660622 ], [ 11450319.542856011539698, -367681.800900105794426 ], [ 11450319.323556611314416, -367681.80658683279762 ], [ 11450319.179731832817197, -367681.810489493713249 ], [ 11450317.352867670357227, -367681.858770943246782 ], [ 11450313.859550731256604, -367681.951208187558223 ], [ 11450308.693547120317817, -367682.08780121372547 ], [ 11450308.591021863743663, -367682.092484398046508 ], [ 11450308.283334793522954, -367682.100847236637492 ], [ 11450308.078395614400506, -367684.3495587297366 ], [ 11450170.619975185021758, -367663.14184838620713 ], [ 11450147.299209780991077, -367625.523918907274492 ], [ 11450145.045769322663546, -367625.098306408559438 ], [ 11450144.299928737804294, -367624.957810799940489 ], [ 11450110.831612516194582, -367642.222715676063672 ], [ 11450110.796658197417855, -367642.240779399406165 ], [ 11450037.223269021138549, -367559.333222287124954 ], [ 11450031.698037413880229, -367551.224623542802874 ], [ 11450040.316837668418884, -367543.075660811678972 ], [ 11450040.266743896529078, -367543.023476766597014 ], [ 11450048.49381086602807, -367535.193640122306533 ], [ 11450085.178369821980596, -367503.181968679942656 ], [ 11450112.69164988771081, -367477.966382190701552 ], [ 11450160.606119068339467, -367434.846783648885321 ], [ 11450161.179303128272295, -367434.379134776652791 ], [ 11450212.076800713315606, -367392.852056446543429 ], [ 11450213.199791731312871, -367391.727201882051304 ], [ 11450213.39126125536859, -367391.966378437238745 ], [ 11450220.116516973823309, -367386.429748090566136 ], [ 11450270.612930430099368, -367344.858086057240143 ], [ 11450299.87715476565063, -367324.211752573901322 ], [ 11450302.764114441350102, -367321.603670522803441 ], [ 11450305.319119393825531, -367319.295534675533418 ], [ 11450305.556007269769907, -367319.484980225155596 ], [ 11450345.045149475336075, -367293.614014301099814 ], [ 11450350.47420104034245, -367290.057367445668206 ], [ 11450352.803672702983022, -367288.531322114344221 ], [ 11450363.255125740543008, -367281.68407764530275 ], [ 11450363.171190839260817, -367281.556628447782714 ], [ 11450417.601078502833843, -367256.420706286735367 ], [ 11450489.858782617375255, -367223.051888057030737 ], [ 11450490.144873708486557, -367222.919755761919077 ], [ 11450490.416159303858876, -367223.325630499224644 ], [ 11450492.586332777515054, -367226.572182446252555 ], [ 11450495.347390111535788, -367230.702627137419768 ], [ 11450500.759743750095367, -367239.312859224621207 ], [ 11450506.51629726216197, -367250.124405438196845 ], [ 11450508.401492839679122, -367255.383941330946982 ], [ 11450518.654017938300967, -367276.164512930787168 ], [ 11450549.145873619243503, -367299.967519239406101 ], [ 11450573.456491937860847, -367295.956827390356921 ], [ 11450578.440376857295632, -367303.663992589805275 ], [ 11450591.61581783182919, -367324.038809639809188 ], [ 11450594.520365985110402, -367329.167777671304066 ], [ 11450594.598178308457136, -367329.305150789907202 ], [ 11450600.967656930908561, -367361.482467234774958 ], [ 11450614.084321215748787, -367371.654214265698101 ], [ 11450618.413981491699815, -367372.639799877302721 ], [ 11450630.91170940361917, -367375.484941065777093 ], [ 11450631.327599020674825, -367375.579608133877628 ], [ 11450633.562115155160427, -367377.57185373554239 ], [ 11450634.444767402485013, -367378.358850412303582 ], [ 11450637.942982397973537, -367381.477734580403194 ], [ 11450638.119980389252305, -367381.635624543123413 ], [ 11450638.664221378043294, -367381.487212439242285 ], [ 11450641.803876301273704, -367380.630860121396836 ], [ 11450647.132629, -367379.177625799609814 ], [ 11450647.224244941025972, -367379.152648855408188 ], [ 11450650.82042109593749, -367380.017140965268482 ], [ 11450661.54315972328186, -367382.458191089215688 ], [ 11450704.987483436241746, -367384.844492701406125 ], [ 11450709.172762334346771, -367381.976269898237661 ], [ 11450709.277402656152844, -367381.904572689556517 ], [ 11450710.061203191056848, -367381.339580869593192 ], [ 11450710.358648870140314, -367381.125158275943249 ], [ 11450714.727716246619821, -367389.97022992616985 ], [ 11450736.849125452339649, -367397.055208090634551 ], [ 11450755.469536678865552, -367406.478430463175755 ], [ 11450756.878841429948807, -367407.903454578306992 ], [ 11450763.606991456821561, -367414.706328155065421 ], [ 11450764.533169621601701, -367425.214488396712113 ], [ 11450764.74467665143311, -367427.60959976084996 ], [ 11450761.206943236291409, -367447.540987089276314 ], [ 11450760.651458973065019, -367449.205745920189656 ], [ 11450757.689247326925397, -367458.089291980373673 ], [ 11450747.184026980772614, -367467.450077137968037 ], [ 11450744.031459, -367467.865988158679102 ], [ 11450729.703527338802814, -367469.75710101990262 ], [ 11450707.127934604883194, -367476.621305764536373 ], [ 11450702.890001595020294, -367477.909180484886747 ], [ 11450693.475044341757894, -367481.046688673319295 ], [ 11450692.187300471588969, -367482.034728351805825 ], [ 11450678.403053199872375, -367492.610355093376711 ], [ 11450677.018127419054508, -367505.441938480420504 ], [ 11450679.787978988140821, -367521.394641547522042 ], [ 11450683.250237787142396, -367536.653901266690809 ], [ 11450680.480386218056083, -367548.791821026999969 ], [ 11450668.642337612807751, -367561.967178955907002 ], [ 11450668.016388116404414, -367562.663858390238602 ], [ 11450667.983660185709596, -367562.692180503800046 ], [ 11450634.931790169328451, -367591.298970128584187 ], [ 11450610.207731267437339, -367600.027982441708446 ] ] ] ] } },
{ "type": "Feature", "properties": { "fid": 40063, "kdkab": "74", "kdkec": "031", "nmkab": "LUBUKLINGGAU", "nmkec": "LUBUK LINGGAU TIMUR I", "kddesa": "008", "kdprov": "16", "nmdesa": "TABA LESTARI", "nmprov": "SUMATERA SELATAN", "iddesa": "1674031008" }, "geometry": { "type": "MultiPolygon", "coordinates": [ [ [ [ 11455235.981859190389514, -366767.437689998769201 ], [ 11455239.072310894727707, -366791.42835925455438 ], [ 11455257.615021115168929, -366905.19087306613801 ], [ 11455256.069795267656446, -366911.38200631889049 ], [ 11455132.451281849294901, -366903.643089810095262 ], [ 11455072.187139676883817, -366900.547523356450256 ], [ 11455036.646833760663867, -366909.060387064702809 ], [ 11455025.057584220543504, -366919.121034876268823 ], [ 11454999.561302008107305, -366939.242221732682083 ], [ 11454970.974456772208214, -366979.484829400549643 ], [ 11454946.250731825828552, -367045.265960662683938 ], [ 11454933.888925012201071, -367083.186872375023086 ], [ 11454849.673726474866271, -367066.935067412501667 ], [ 11454800.226276580244303, -367072.352261135820299 ], [ 11454729.1456647682935, -367083.960709501174279 ], [ 11454681.243440721184015, -367101.760414464515634 ], [ 11454627.160313272848725, -367134.264036979933735 ], [ 11454510.49526053480804, -367207.784197199041955 ], [ 11454440.130989637225866, -367254.237567873089574 ], [ 11454400.946751518175006, -367229.005869920016266 ], [ 11454329.866028379648924, -367157.807431553315837 ], [ 11454295.870948322117329, -367077.32221296482021 ], [ 11454280.418578485026956, -366953.498870879877359 ], [ 11454268.05677167698741, -366863.727103942073882 ], [ 11454243.333046730607748, -366798.719915408582892 ], [ 11454223.432795315980911, -366778.786749098217115 ], [ 11454284.667977409437299, -366752.673277459805831 ], [ 11454473.18631055764854, -366691.535660361056216 ], [ 11454528.042106589302421, -366656.710442001232877 ], [ 11454616.892982682213187, -366578.547310534981079 ], [ 11454640.071370456367731, -366553.782742317067459 ], [ 11454671.74866739474237, -366508.896955581440125 ], [ 11454708.06164189055562, -366454.724524641118478 ], [ 11454757.785832038149238, -366393.468543585098814 ], [ 11454775.279244735836983, -366371.918096140609123 ], [ 11454783.063037492334843, -366366.387203330406919 ], [ 11454785.995749475434422, -366364.303320256527513 ], [ 11454865.675346679985523, -366307.685250111971982 ], [ 11454900.089321980252862, -366288.655793097044807 ], [ 11454906.394457936286926, -366285.169536897330545 ], [ 11454974.612155091017485, -366247.448822638601996 ], [ 11455036.423526866361499, -366213.270572547975462 ], [ 11455179.645625252276659, -366137.511756680964027 ], [ 11455208.33065427839756, -366122.338546538434457 ], [ 11455274.775588540360332, -366093.317679096071515 ], [ 11455276.78724305704236, -366093.605579620227218 ], [ 11455276.510725442320108, -366092.330655297031626 ], [ 11455323.14179222099483, -366088.912979538668878 ], [ 11455371.35237124748528, -366107.511109042505268 ], [ 11455448.030572341755033, -366137.091279026295524 ], [ 11455491.877093374729156, -366154.005944644624833 ], [ 11455493.582507971674204, -366154.66381220537005 ], [ 11455502.902398379519582, -366158.259225736663211 ], [ 11455502.965071255341172, -366158.004218418500386 ], [ 11455554.653382498770952, -366178.880588765139692 ], [ 11455555.610173521563411, -366179.267058167140931 ], [ 11455567.452452274039388, -366184.049979497212917 ], [ 11455567.69757778942585, -366183.087708564591594 ], [ 11455594.072059465572238, -366193.819984804373235 ], [ 11455697.944387644529343, -366236.087775478023104 ], [ 11455761.982705835253, -366250.341992816363927 ], [ 11455923.432368962094188, -366238.537943700794131 ], [ 11455956.944099789485335, -366236.087775478023104 ], [ 11456021.809855757281184, -366229.157303120766301 ], [ 11456017.267241295427084, -366361.112099105550442 ], [ 11456017.457041027024388, -366361.112545113544911 ], [ 11456018.621888179332018, -366380.559928539500106 ], [ 11456020.982417980208993, -366419.967285988735966 ], [ 11456039.210539320483804, -366510.184261553687975 ], [ 11456037.872033761814237, -366510.181473974545952 ], [ 11456041.425240587443113, -366531.859285058279056 ], [ 11456052.290134208276868, -366598.14559613057645 ], [ 11456096.405491814017296, -366737.837393102410715 ], [ 11456107.906687641516328, -366759.597872777201701 ], [ 11456109.213133189827204, -366762.069684238405898 ], [ 11456297.435690442100167, -366913.90912701835623 ], [ 11456271.886865433305502, -366929.66616741445614 ], [ 11456270.862726116552949, -366930.297278664715122 ], [ 11456237.0961849745363, -366890.729063296457753 ], [ 11456187.973120074719191, -366893.18326009233715 ], [ 11456131.177915876731277, -366920.344453955360223 ], [ 11456121.366215957328677, -366925.366582737362478 ], [ 11456093.028726378455758, -366939.872106496128254 ], [ 11456073.178457420319319, -366950.91945400997065 ], [ 11456039.614295108243823, -366969.599014068138786 ], [ 11456025.150553675368428, -366969.568908038840163 ], [ 11456013.361819600686431, -366969.543262171326205 ], [ 11455994.199282452464104, -366974.460579601058271 ], [ 11455983.70630724914372, -366977.153396383218933 ], [ 11455965.052500179037452, -366988.197848508076277 ], [ 11455937.917261105030775, -367005.191030901274644 ], [ 11455918.343955038115382, -367019.203718103759456 ], [ 11455914.170587327331305, -367022.192021165974438 ], [ 11455889.562300693243742, -367046.011475542676635 ], [ 11455874.26032348535955, -367074.112684682011604 ], [ 11455873.498898172751069, -367074.111569642205723 ], [ 11455849.701017430052161, -367074.061392885807436 ], [ 11455830.315841300413013, -367061.736867591156624 ], [ 11455820.101164827123284, -367055.242881412792485 ], [ 11455801.534186953678727, -367024.511301211721729 ], [ 11455803.344241874292493, -366968.247588088968769 ], [ 11455801.716750923544168, -366958.042761430493556 ], [ 11455797.49328944273293, -366931.576226739794947 ], [ 11455782.902643783017993, -366923.92037911148509 ], [ 11455774.652756318449974, -366919.591803679533768 ], [ 11455750.087884286418557, -366922.950296502327546 ], [ 11455717.882042402401567, -366934.8176409737207 ], [ 11455702.645743703469634, -366931.375519978289958 ], [ 11455685.629446338862181, -366906.755493413074873 ], [ 11455647.7663479372859, -366851.972608795796987 ], [ 11455647.815328506752849, -366828.464291251963004 ], [ 11455647.840931992977858, -366816.166554099530913 ], [ 11455653.797637943178415, -366802.538580041204114 ], [ 11455676.355419557541609, -366786.994975599984173 ], [ 11455708.073682069778442, -366765.141385061724577 ], [ 11455717.286483127623796, -366754.05904391448712 ], [ 11455725.053244, -366744.716159531089943 ], [ 11455740.524426832795143, -366635.623351874761283 ], [ 11455733.993312310427427, -366625.245725444867276 ], [ 11455728.706749686971307, -366616.842825890344102 ], [ 11455715.543219907209277, -366610.181610586121678 ], [ 11455705.020188439637423, -366604.857321770396084 ], [ 11455679.589250767603517, -366616.739127691311296 ], [ 11455657.520161719992757, -366641.415956713317428 ], [ 11455653.433623211458325, -366644.475611831876449 ], [ 11455590.514733819290996, -366691.574686590698548 ], [ 11455571.814172558486462, -366724.783783431630582 ], [ 11455557.04207613132894, -366740.373095623974223 ], [ 11455555.68843112513423, -366741.800341256544925 ], [ 11455553.147007146850228, -366747.736791239876766 ], [ 11455545.477094233036041, -366765.650956462544855 ], [ 11455460.98114794306457, -366675.10227353341179 ], [ 11455461.079109096899629, -366627.890587273461279 ], [ 11455461.082448678091168, -366626.50794448814122 ], [ 11455460.178534410893917, -366622.095753075962421 ], [ 11455456.890156658366323, -366606.038143077632412 ], [ 11455456.552858598530293, -366605.788375401229132 ], [ 11455444.207527071237564, -366596.633944260480348 ], [ 11455439.579975839704275, -366597.258363413624465 ], [ 11455425.571531116962433, -366599.151691506966017 ], [ 11455391.512219714000821, -366622.666650713654235 ], [ 11455391.482831368222833, -366622.530951022868976 ], [ 11455391.054362650960684, -366622.973508197173942 ], [ 11455317.608990887179971, -366689.790518860449083 ], [ 11455247.570997420698404, -366753.50765872374177 ], [ 11455235.981859190389514, -366767.437689998769201 ] ] ] ] } },
{ "type": "Feature", "properties": { "fid": 40499, "kdkab": "74", "kdkec": "041", "nmkab": "LUBUKLINGGAU", "nmkec": "LUBUK LINGGAU UTARA I", "kddesa": "010", "kdprov": "16", "nmdesa": "TANJUNG RAYA", "nmprov": "SUMATERA SELATAN", "iddesa": "1674041010" }, "geometry": { "type": "MultiPolygon", "coordinates": [ [ [ [ 11447699.778457470238209, -354495.964584228931926 ], [ 11447555.576413610950112, -354494.423995039833244 ], [ 11447538.923463068902493, -354511.674626025196631 ], [ 11447521.497176021337509, -354529.726214585010894 ], [ 11447513.387996392324567, -354529.144228918186855 ], [ 11447510.248007513582706, -354528.918904582911637 ], [ 11447456.162987636402249, -354525.037104862101842 ], [ 11447399.979817993938923, -354520.347883833746891 ], [ 11447397.261173387989402, -354520.135938493302092 ], [ 11447396.724947402253747, -354520.09412918012822 ], [ 11447399.142250144854188, -354504.357105293602217 ], [ 11447349.75702784396708, -354501.28495752660092 ], [ 11447334.113299809396267, -354481.315943279420026 ], [ 11447322.824724201112986, -354484.511177092150319 ], [ 11447322.549319783225656, -354484.123967234103475 ], [ 11447148.744751658290625, -354468.130740931548644 ], [ 11447134.8275889120996, -354466.849704202089924 ], [ 11446971.468462565913796, -354425.687069530889858 ], [ 11446925.060480050742626, -354325.178725406120066 ], [ 11446918.772042013704777, -354311.558947903802618 ], [ 11446918.538271080702543, -354311.486478561069816 ], [ 11446918.197633441537619, -354311.381676742399577 ], [ 11446891.672759134322405, -354273.830634065612685 ], [ 11446823.784233713522553, -354177.721529587404802 ], [ 11446821.336318111047149, -354153.405308847373817 ], [ 11446811.121641639620066, -354051.907162305840757 ], [ 11446795.953247820958495, -353901.208161533926614 ], [ 11446796.271621564403176, -353748.682024711219128 ], [ 11446790.904908914119005, -353702.84595659840852 ], [ 11446779.191872095689178, -353602.814308953587897 ], [ 11446786.41873343847692, -353605.733133136061952 ], [ 11446826.600616831332445, -353621.996269827650394 ], [ 11446831.338374359533191, -353623.913908637827262 ], [ 11446869.419658964499831, -353639.328604095440824 ], [ 11446869.654543092474341, -353639.423371142416727 ], [ 11447050.00102373957634, -353628.469415847212076 ], [ 11447215.721236484125257, -353618.401812058058567 ], [ 11447220.731726765632629, -353618.097442647791468 ], [ 11447187.42827470600605, -353213.228873067011591 ], [ 11447172.018317595124245, -353025.887528749590274 ], [ 11447191.060629691928625, -352851.794607709045522 ], [ 11447202.414104554802179, -352747.996681678981986 ], [ 11447202.42412330955267, -352747.915294136619195 ], [ 11447202.426349693909287, -352747.886306796863209 ], [ 11447214.917509762570262, -352633.908128777286038 ], [ 11447230.013545906171203, -352496.143767607631162 ], [ 11447359.180890658870339, -351966.839472607418429 ], [ 11447412.825753273442388, -351763.519339071470313 ], [ 11447502.603809403255582, -351423.25592066795798 ], [ 11447563.98648982308805, -351250.398696289688814 ], [ 11447660.046304816380143, -350979.890394890215248 ], [ 11448059.362676631659269, -350551.343273438804317 ], [ 11448062.127852780744433, -350550.37667536479421 ], [ 11448214.130164679139853, -350497.220482930482831 ], [ 11448218.211137216538191, -350495.793441461049952 ], [ 11448492.885301575064659, -350399.737982438644394 ], [ 11448628.958907535299659, -350352.151773102581501 ], [ 11448687.39607422798872, -350482.898784706136212 ], [ 11448773.409305179491639, -350610.01813284761738 ], [ 11448810.12136005051434, -350664.27587612287607 ], [ 11448817.026508061215281, -350692.327318829018623 ], [ 11448828.903184534981847, -350740.577020215860102 ], [ 11448876.565737713128328, -350941.175050981109962 ], [ 11448894.61953273229301, -351017.164210379647557 ], [ 11448941.594131458550692, -351198.383823309268337 ], [ 11448936.099401393905282, -351268.389570980740245 ], [ 11448931.869260741397738, -351322.290859218977857 ], [ 11448939.112820006906986, -351701.93403899401892 ], [ 11448940.417484436184168, -351770.350260071165394 ], [ 11448940.162562804296613, -351894.276860925601795 ], [ 11448928.364923167973757, -351971.585560669889674 ], [ 11448897.841118795797229, -352171.600404240831267 ], [ 11448894.875456238165498, -352191.030971204629168 ], [ 11448892.169390739873052, -352208.760884210700169 ], [ 11448886.330683447420597, -352277.574307018192485 ], [ 11448882.464557534083724, -352323.135544951888733 ], [ 11448878.250001611188054, -352364.68987129512243 ], [ 11448872.798686143010855, -352418.444504010723904 ], [ 11448891.560473121702671, -352504.279159578611143 ], [ 11448892.605763141065836, -352519.465151792624965 ], [ 11448900.754349870607257, -352637.75898212188622 ], [ 11448834.037239452823997, -352847.344154660706408 ], [ 11448737.928443877026439, -353120.90273398172576 ], [ 11448710.207664284855127, -353199.803220103494823 ], [ 11448700.482793569564819, -353323.711286344681866 ], [ 11448696.450801610946655, -353380.830030925688334 ], [ 11448680.97182640992105, -353600.126270405482501 ], [ 11448669.932272516191006, -353612.29993035888765 ], [ 11448586.06194175966084, -353704.789239619101863 ], [ 11448485.567158253863454, -353842.145873483619653 ], [ 11448377.144200609996915, -353990.339594450604636 ], [ 11448303.989484038203955, -354026.97107810509624 ], [ 11448301.31002389639616, -354028.31231508118799 ], [ 11448249.76464687846601, -354076.946938612440135 ], [ 11448140.014760907739401, -354180.501004389137961 ], [ 11448127.361074386164546, -354187.451364060631022 ], [ 11447961.479448376223445, -354312.030556086276192 ], [ 11447716.328326163813472, -354496.140740759496111 ], [ 11447712.557489734143019, -354496.100603828497697 ], [ 11447699.778457470238209, -354495.964584228931926 ] ] ] ] } },
{ "type": "Feature", "properties": { "fid": 40460, "kdkab": "74", "kdkec": "041", "nmkab": "LUBUKLINGGAU", "nmkec": "LUBUK LINGGAU UTARA I", "kddesa": "003", "kdprov": "16", "nmdesa": "PETANANG ILIR", "nmprov": "SUMATERA SELATAN", "iddesa": "1674041003" }, "geometry": { "type": "MultiPolygon", "coordinates": [ [ [ [ 11447344.349906222894788, -357546.423434419324622 ], [ 11447333.962573217228055, -357564.608960819721688 ], [ 11447281.179323462769389, -357657.020071448700037 ], [ 11447243.743691902607679, -357722.559935404802673 ], [ 11447227.507966810837388, -357750.983485563832801 ], [ 11447177.939401311799884, -357837.761810416879598 ], [ 11446724.547360451892018, -358631.519001778389793 ], [ 11446715.67597627453506, -358647.049881677317899 ], [ 11446254.454056389629841, -359454.501578784256708 ], [ 11446163.304989412426949, -359614.077121162496042 ], [ 11446141.822108805179596, -359651.687453865713906 ], [ 11446141.204285627231002, -359652.768970069300849 ], [ 11446015.082642141729593, -359873.561276398249902 ], [ 11446012.388710467144847, -359879.098204324604012 ], [ 11445983.706130471080542, -359938.033166008070111 ], [ 11445974.288501545786858, -359944.978301710158121 ], [ 11445933.642415873706341, -359974.949761559255421 ], [ 11445928.77552773617208, -359978.538844688504469 ], [ 11445885.818449437618256, -360020.446053620777093 ], [ 11445427.040771612897515, -360468.004328874056228 ], [ 11444873.453396679833531, -360144.576711380039342 ], [ 11444512.85950973816216, -359933.902209749445319 ], [ 11444513.205713352188468, -359932.616651733289473 ], [ 11444513.565275307744741, -359931.278690236620605 ], [ 11444535.643269915133715, -359750.441075291018933 ], [ 11444598.724685763940215, -359242.489292912941892 ], [ 11444778.864112155511975, -359006.602788168762345 ], [ 11444821.092047793790698, -358951.306419752538204 ], [ 11444950.620067697018385, -358781.693521089968272 ], [ 11444895.767388606444001, -358575.00528570311144 ], [ 11444856.488306283950806, -358426.997393593890592 ], [ 11444785.713600423187017, -358160.312071674270555 ], [ 11444761.212180502712727, -358064.085194903425872 ], [ 11444710.27126831933856, -357717.443447378522251 ], [ 11444704.782104225829244, -357680.08829750737641 ], [ 11444662.652129743248224, -357393.403762337518856 ], [ 11444657.916598606854677, -357361.177454892313108 ], [ 11444657.894334703683853, -357361.030282463878393 ], [ 11444657.224191369488835, -357356.464592331554741 ], [ 11444602.275777520611882, -356982.560277645010501 ], [ 11444425.61842480301857, -356759.475702877796721 ], [ 11444421.263606322929263, -356753.975719841488171 ], [ 11444278.065552951768041, -356573.143159484141506 ], [ 11444340.447882395237684, -356411.040649839793332 ], [ 11444393.411469724029303, -356273.407781081390567 ], [ 11444414.267176328226924, -356219.215407106734347 ], [ 11444436.415302213281393, -356200.730959046515636 ], [ 11444446.882673934102058, -356191.995472384616733 ], [ 11444481.734691429883242, -356162.909595670527779 ], [ 11444481.798032222315669, -356162.856747937679756 ], [ 11444484.851637171581388, -356160.308350265433546 ], [ 11445520.01648011431098, -356187.663964568346273 ], [ 11447153.639469664543867, -356226.612197485228535 ], [ 11447739.045517293736339, -356240.569246397528332 ], [ 11447740.717090763151646, -356240.609049463702831 ], [ 11447749.420048553496599, -356240.816538255894557 ], [ 11447749.709033953025937, -356240.750311308365781 ], [ 11447795.922875279560685, -356230.165484501223546 ], [ 11447801.109695635735989, -356228.977524868270848 ], [ 11447827.349926002323627, -356222.967486189736519 ], [ 11447928.474332552403212, -356016.934899522573687 ], [ 11448423.905288549140096, -355875.767736825975589 ], [ 11448459.23408742621541, -356078.241658109123819 ], [ 11448460.019446436315775, -356078.061819878581446 ], [ 11448460.021895464509726, -356078.076425467268564 ], [ 11448481.670085521414876, -356206.083298526820727 ], [ 11448490.142611959949136, -356256.182305318186991 ], [ 11448493.893522202968597, -356278.361424250411801 ], [ 11448493.951185703277588, -356278.349159994104411 ], [ 11448494.619659245014191, -356278.206448687415104 ], [ 11448494.623555423691869, -356278.23086570185842 ], [ 11448545.286725478246808, -356598.708621130383108 ], [ 11448583.46485804207623, -356784.300888053956442 ], [ 11448586.617426017299294, -356799.62792841886403 ], [ 11448588.403658570721745, -356808.311393977433909 ], [ 11448612.704035492613912, -356926.445413296518382 ], [ 11448618.979449145495892, -356956.952027871797327 ], [ 11448645.585586683824658, -357086.290901380765717 ], [ 11448654.740724246948957, -357130.797195671068039 ], [ 11448654.813415871933103, -357130.848371433618013 ], [ 11448696.213357133790851, -357331.621443535084836 ], [ 11448695.825297392904758, -357331.602712504740339 ], [ 11448708.511934483423829, -357395.565302321338095 ], [ 11448708.414418607950211, -357395.559393122501206 ], [ 11448396.662292208522558, -357376.731017674377654 ], [ 11447867.171356888487935, -357344.480632187216543 ], [ 11447681.975799225270748, -357332.847322683956008 ], [ 11447477.645422970876098, -357320.012106603302527 ], [ 11447473.810132553800941, -357319.771167580096517 ], [ 11447473.412610653787851, -357320.467226034146734 ], [ 11447463.015592854470015, -357338.669663496955764 ], [ 11447365.572187906131148, -357509.268361625028774 ], [ 11447344.349906222894788, -357546.423434419324622 ] ] ] ] } },
{ "type": "Feature", "properties": { "fid": 40363, "kdkab": "74", "kdkec": "022", "nmkab": "LUBUKLINGGAU", "nmkec": "LUBUK LINGGAU SELATAN II", "kddesa": "009", "kdprov": "16", "nmdesa": "SIRING AGUNG", "nmprov": "SUMATERA SELATAN", "iddesa": "1674022009" }, "geometry": { "type": "MultiPolygon", "coordinates": [ [ [ [ 11457070.565250044688582, -363358.516877281304915 ], [ 11457030.22061756066978, -363404.956156007596292 ], [ 11457027.014838865026832, -363408.646256183914375 ], [ 11456994.12326891720295, -363446.506166973907966 ], [ 11456992.903207298368216, -363439.956641213735566 ], [ 11456992.811925318092108, -363439.46492504933849 ], [ 11456950.237786063924432, -363499.029497168550733 ], [ 11456939.06130918674171, -363514.666303663456347 ], [ 11456882.997474040836096, -363564.181385284930002 ], [ 11456865.613822357729077, -363570.825693642487749 ], [ 11456842.000731967389584, -363579.851650996599346 ], [ 11456841.594972426071763, -363580.010762070363853 ], [ 11456841.355078922584653, -363580.104756912391167 ], [ 11456840.939857222139835, -363580.267547505383845 ], [ 11456842.235616097226739, -363581.967928687459789 ], [ 11456842.54185601696372, -363582.369776155625004 ], [ 11456842.626124866306782, -363582.501792635419406 ], [ 11456842.651839669793844, -363582.542044281377457 ], [ 11456818.655587596818805, -363586.846852073969785 ], [ 11456818.446529593318701, -363586.598986657510977 ], [ 11456640.359500652179122, -363629.147551546688192 ], [ 11456622.153197938576341, -363525.723792858829256 ], [ 11456618.287628615275025, -363503.765027515531983 ], [ 11456575.21900818310678, -363256.077579601493198 ], [ 11456575.389883605763316, -363255.03984833980212 ], [ 11456575.519348170608282, -363254.253438272164203 ], [ 11456576.627756336703897, -363247.522847633867059 ], [ 11456496.635128730908036, -363224.924238002568018 ], [ 11456372.128285782411695, -362878.511396858259104 ], [ 11456367.579103469848633, -362865.854396863724105 ], [ 11456659.125072492286563, -362708.756232235522475 ], [ 11456658.036813154816628, -362702.800038562971167 ], [ 11456620.799998203292489, -362498.998591065406799 ], [ 11456597.471106475219131, -362370.30290475935908 ], [ 11456567.681899424642324, -362201.345057234517299 ], [ 11456567.751474102959037, -362198.83588299335679 ], [ 11456567.371206719428301, -362196.720411876449361 ], [ 11456591.014130733907223, -361355.934120766760316 ], [ 11456591.177213784307241, -361355.933674772270024 ], [ 11456657.574837269261479, -361355.737103450868744 ], [ 11456772.465234685689211, -361355.396922456391621 ], [ 11456773.38807326182723, -361355.669981536339037 ], [ 11456773.491377752274275, -361355.70042054541409 ], [ 11456773.575980562716722, -361355.724950149189681 ], [ 11456773.596129393205047, -361355.73074805754004 ], [ 11456775.437242450192571, -361356.255681570677552 ], [ 11456793.105092793703079, -361361.288264323433395 ], [ 11456799.075936317443848, -361362.989057917438913 ], [ 11457026.464920580387115, -361427.879916440113448 ], [ 11457108.554028157144785, -361439.321869321691338 ], [ 11457109.96333291567862, -361439.518329291895498 ], [ 11457201.274369752034545, -361452.245635659201071 ], [ 11457245.838901501148939, -361461.956022372178268 ], [ 11457312.498125780373812, -361476.480907121556811 ], [ 11457406.564208699390292, -361480.182651291077491 ], [ 11457527.080915819853544, -361484.925789926957805 ], [ 11457852.791727125644684, -361565.612696564465296 ], [ 11458186.362807678058743, -361702.339928273635451 ], [ 11458325.5667177233845, -361765.749165867280681 ], [ 11458334.91855682246387, -361770.009527564689051 ], [ 11458335.032770620658994, -361770.061485911195632 ], [ 11458335.28424134850502, -361770.176106484257616 ], [ 11458334.309527887031436, -361778.572620912978891 ], [ 11458333.680795401334763, -361783.987997302610893 ], [ 11458217.664512652903795, -362058.633519481692929 ], [ 11458198.17124530300498, -362103.636265715234913 ], [ 11458199.440621459856629, -362102.126793104864191 ], [ 11458199.401770956814289, -362102.190904993272852 ], [ 11458184.136974461376667, -362127.386210946773645 ], [ 11458182.783329453319311, -362129.620427154412027 ], [ 11458179.590686455368996, -362133.96777181775542 ], [ 11458123.460504895076156, -362210.398444713733625 ], [ 11458099.455903857946396, -362243.084840073017403 ], [ 11458086.779062882065773, -362259.851737871009391 ], [ 11458028.620751515030861, -362336.774542172264773 ], [ 11458027.997585007920861, -362337.598744036513381 ], [ 11458026.256659489125013, -362337.017498865316156 ], [ 11458007.241843305528164, -362330.668959352362435 ], [ 11457986.021676696836948, -362323.584191266214475 ], [ 11457980.08088942989707, -362321.60073280450888 ], [ 11457979.04561816714704, -362321.25508542638272 ], [ 11457901.939504949375987, -362421.122245610342361 ], [ 11457771.758373595774174, -362589.731876383419149 ], [ 11457768.733489075675607, -362593.649631569394842 ], [ 11457763.303992224857211, -362649.392890342336614 ], [ 11457765.683112388476729, -362655.891972170677036 ], [ 11457765.842855857685208, -362656.328269658784848 ], [ 11457777.828736748546362, -362689.070098509953823 ], [ 11457786.246494, -362712.0646465770551 ], [ 11457787.334642024710774, -362715.037112891790457 ], [ 11457790.310657294467092, -362723.166767964255996 ], [ 11457794.49315320327878, -362734.59201617713552 ], [ 11457816.857350219041109, -362795.683981780835893 ], [ 11457817.685455910861492, -362797.946086187730543 ], [ 11457701.651250723749399, -362915.984113052778412 ], [ 11457693.699254216626287, -362918.156351082259789 ], [ 11457677.75863709487021, -362922.510862252791412 ], [ 11457661.764475299045444, -362926.879980057943612 ], [ 11457662.297695659101009, -362929.911881431413349 ], [ 11457664.996302753686905, -362945.257817147765309 ], [ 11457667.196087215095758, -362951.275683058542199 ], [ 11457697.497920524328947, -363094.635166034684516 ], [ 11457703.289205715060234, -363122.034268093877472 ], [ 11457720.538828730583191, -363242.977435723936651 ], [ 11457717.322808641940355, -363242.818994128378108 ], [ 11457692.91244805790484, -363241.616800391930155 ], [ 11457686.303409891203046, -363241.290105194901116 ], [ 11457686.286711966618896, -363241.290105194901116 ], [ 11457635.788851359859109, -363264.885751928784885 ], [ 11457598.806290127336979, -363258.037416559993289 ], [ 11457579.989956598728895, -363249.379881370405201 ], [ 11457506.403320403769612, -363215.522442594345193 ], [ 11457469.913904519751668, -363177.551109822990838 ], [ 11457465.685990259051323, -363173.15131974912947 ], [ 11457463.01432248018682, -363170.370509793923702 ], [ 11457449.349854985252023, -363156.150916103855707 ], [ 11457436.654980251565576, -363146.336688056297135 ], [ 11457420.806424349546432, -363134.083956704940647 ], [ 11457400.33031721226871, -363132.078072428994346 ], [ 11457385.499221451580524, -363130.624112976598553 ], [ 11457370.313016518950462, -363136.511310875241179 ], [ 11457365.296514986082911, -363138.455647247785237 ], [ 11457359.20555773191154, -363140.816324533661827 ], [ 11457330.61025220900774, -363151.900090843613725 ], [ 11457198.689531175419688, -363203.033323617244605 ], [ 11457179.922178225591779, -363224.857226477062795 ], [ 11457156.547311544418335, -363252.039827198372222 ], [ 11457129.519384458661079, -363285.510371619195212 ], [ 11457107.845702242106199, -363312.350235628313385 ], [ 11457102.20670211315155, -363319.333489489683416 ], [ 11457094.270401660352945, -363329.161447194288485 ], [ 11457070.565250044688582, -363358.516877281304915 ] ] ] ] } },
{ "type": "Feature", "properties": { "fid": 40533, "kdkab": "74", "kdkec": "042", "nmkab": "LUBUKLINGGAU", "nmkec": "LUBUK LINGGAU UTARA II", "kddesa": "004", "kdprov": "16", "nmdesa": "SENALANG", "nmprov": "SUMATERA SELATAN", "iddesa": "1674042004" }, "geometry": { "type": "MultiPolygon", "coordinates": [ [ [ [ 11452113.78105777874589, -365991.014805257786065 ], [ 11452113.77771819755435, -365991.015920286765322 ], [ 11452088.549381993710995, -366000.533800751436502 ], [ 11452065.149468434974551, -366009.362594538950361 ], [ 11452027.906976193189621, -366023.414182159991469 ], [ 11452027.359284294769168, -366023.444287926715333 ], [ 11452013.163822829723358, -366024.242648298270069 ], [ 11451980.963769562542439, -366026.052897009300068 ], [ 11451967.088685590773821, -366026.832859433954582 ], [ 11451967.084232812747359, -366026.832859433954582 ], [ 11451926.324601260945201, -366029.124242987600155 ], [ 11451925.72236281260848, -366029.157693843997549 ], [ 11451925.924964288249612, -366029.46990182652371 ], [ 11451926.99251820333302, -366031.112338829378132 ], [ 11451925.531227249652147, -366030.873945729515981 ], [ 11451849.253998959437013, -366018.430116611125413 ], [ 11451846.897031381726265, -366018.045654816902243 ], [ 11451838.959951687604189, -366016.750772353319917 ], [ 11451820.706894779577851, -366018.21926474000793 ], [ 11451778.339809784665704, -366021.627906596811954 ], [ 11451776.47854789532721, -366021.777320411114488 ], [ 11451775.986515747383237, -366021.816346405365039 ], [ 11451735.689973266795278, -366041.467609226529021 ], [ 11451717.028707798570395, -366081.881829230347648 ], [ 11451713.735098021104932, -366080.067565504403319 ], [ 11451483.353400571271777, -365953.166743082168978 ], [ 11451483.277480678632855, -365953.124929540324956 ], [ 11451454.590559223666787, -365967.891131430980749 ], [ 11451454.580429149791598, -365967.875855545746163 ], [ 11451393.099230978637934, -365874.508922703389544 ], [ 11451392.833845315501094, -365874.105840456613805 ], [ 11451435.067458249628544, -365848.165298951615114 ], [ 11451434.844373987987638, -365847.769241470086854 ], [ 11451426.301938902586699, -365832.600976945192087 ], [ 11451417.53207809664309, -365814.56497817102354 ], [ 11451416.675140656530857, -365813.503919092123397 ], [ 11451382.894573261961341, -365758.148672954470385 ], [ 11451380.396229926496744, -365754.054632833693177 ], [ 11451360.814686216413975, -365719.236509704845957 ], [ 11451337.134692819789052, -365668.301603516098112 ], [ 11451336.642771990969777, -365633.844552149123047 ], [ 11451336.641324833035469, -365633.749552054796368 ], [ 11451350.327944906428456, -365631.584954930469394 ], [ 11451350.998644838109612, -365625.874579983472358 ], [ 11451348.608058776706457, -365610.709356249892153 ], [ 11451333.467717470601201, -365519.71794572158251 ], [ 11451329.023286804556847, -365474.857775657146703 ], [ 11451328.837494572624564, -365474.933151203964371 ], [ 11451325.713424382731318, -365408.700472809025086 ], [ 11451330.222309034317732, -365408.786887041875161 ], [ 11451334.396455986425281, -365400.438603933667764 ], [ 11451340.994250882416964, -365394.329508913797326 ], [ 11451345.881510488688946, -365392.374652097176295 ], [ 11451355.411572093144059, -365389.442255441797897 ], [ 11451366.652280319482088, -365386.754271696670912 ], [ 11451381.31394780986011, -365384.799415012763347 ], [ 11451393.043348595499992, -365382.600145532458555 ], [ 11451410.393159152939916, -365376.735464307945222 ], [ 11451428.475897235795856, -365365.494816862104926 ], [ 11451448.024935655295849, -365352.299202928785235 ], [ 11451462.930949432775378, -365338.1262741429382 ], [ 11451474.66035021841526, -365318.577271378366277 ], [ 11451484.679215708747506, -365304.892949191038497 ], [ 11451489.077782746404409, -365299.028272048337385 ], [ 11451516.690693760290742, -365314.178735080582555 ], [ 11451500.074033368378878, -365346.434523298405111 ], [ 11451484.526930641382933, -365377.108550663862843 ], [ 11451490.750914692878723, -365375.350830031966325 ], [ 11451495.026696333661675, -365377.516648702265229 ], [ 11451566.344641311094165, -365409.104556893638801 ], [ 11451589.024985678493977, -365424.364307085459586 ], [ 11451591.93153758533299, -365426.319944976945408 ], [ 11451598.115446619689465, -365430.021596630220301 ], [ 11451597.70078151486814, -365430.145364131603856 ], [ 11451571.965162398293614, -365446.117282178078312 ], [ 11451571.840261926874518, -365446.332704561238643 ], [ 11451566.951777808368206, -365449.54820698115509 ], [ 11451569.12974364683032, -365453.118063717614859 ], [ 11451577.590024949982762, -365466.984821849910077 ], [ 11451610.365154707804322, -365520.704852942668367 ], [ 11451660.153798840939999, -365586.691958110895939 ], [ 11451691.336503278464079, -365626.145419427310117 ], [ 11451706.72764739766717, -365646.594301050994545 ], [ 11451711.065322672948241, -365653.835606024018489 ], [ 11451714.484278192743659, -365656.694641016772948 ], [ 11451714.60828810557723, -365656.798338320746552 ], [ 11451717.97904228977859, -365653.738264366344083 ], [ 11451718.087578792124987, -365653.97175055090338 ], [ 11451737.684929870069027, -365696.128279682539869 ], [ 11451739.226259540766478, -365695.170027055079117 ], [ 11451743.512505210936069, -365692.504224933567457 ], [ 11451746.426070241257548, -365690.708365464408416 ], [ 11451751.636712970212102, -365690.736464098154102 ], [ 11451757.435790525749326, -365691.606295198551379 ], [ 11451762.08627357147634, -365692.812975392444059 ], [ 11451765.644044497981668, -365695.141928420169279 ], [ 11451768.837800685316324, -365697.611374667030759 ], [ 11451769.818302761763334, -365700.726086061680689 ], [ 11451770.77075232565403, -365703.027052119316068 ], [ 11451771.947399340569973, -365705.019379238772672 ], [ 11451774.020502218976617, -365706.057579260494094 ], [ 11451778.670873947441578, -365706.225948076695204 ], [ 11451784.806136364117265, -365705.805026039713994 ], [ 11451796.01200158521533, -365704.710740247450303 ], [ 11451806.825688237324357, -365701.427548430801835 ], [ 11451816.546774094924331, -365699.323049841332249 ], [ 11451827.304355721920729, -365696.320510017278139 ], [ 11451840.135151552036405, -365691.886947020946536 ], [ 11451860.081600552424788, -365683.97383697994519 ], [ 11451861.115090703591704, -365683.97383697994519 ], [ 11451904.429949851706624, -365663.503763017070014 ], [ 11451912.779356937855482, -365659.243364672758617 ], [ 11451913.757632624357939, -365658.550822774705011 ], [ 11451929.445888459682465, -365651.367275773372967 ], [ 11451945.190138002857566, -365644.744921140605584 ], [ 11451964.07203871384263, -365637.505289296852425 ], [ 11451982.393557105213404, -365630.153374951507431 ], [ 11452003.964936707168818, -365622.576895174453966 ], [ 11452024.919828973710537, -365616.010739483230282 ], [ 11452046.659301014617085, -365609.388386952632573 ], [ 11452052.725211389362812, -365608.164090274949558 ], [ 11452068.902939025312662, -365604.898741694050841 ], [ 11452086.216014152392745, -365604.842544470040593 ], [ 11452101.904158670455217, -365603.832444003608543 ], [ 11452122.242897551506758, -365603.215055081236642 ], [ 11452137.594857206568122, -365606.077210834890138 ], [ 11452148.968814859166741, -365609.556755622732453 ], [ 11452165.2733353972435, -365615.898456525348593 ], [ 11452182.138238254934549, -365621.903531918185763 ], [ 11452194.576744196936488, -365629.479900147998706 ], [ 11452209.144346717745066, -365633.801177696674131 ], [ 11452217.825263254344463, -365637.591369197063614 ], [ 11452217.884930497035384, -365637.61746076901909 ], [ 11452228.586518423631787, -365641.321460994717199 ], [ 11452240.913036959245801, -365646.372411142569035 ], [ 11452253.40753660723567, -365649.45913398207631 ], [ 11452265.846042549237609, -365652.882482876884751 ], [ 11452269.151786150410771, -365652.826397136261221 ], [ 11452272.590890495106578, -365651.698438118968625 ], [ 11452275.483082188293338, -365650.749886587494984 ], [ 11452279.797380371019244, -365645.867304966144729 ], [ 11452282.766939107328653, -365640.255162955669221 ], [ 11452289.714611170813441, -365626.505460824351758 ], [ 11452291.356573659926653, -365621.51996351586422 ], [ 11452291.397205272689462, -365621.500450592197012 ], [ 11452291.450972588732839, -365621.233179237984587 ], [ 11452291.519656708464026, -365620.892204770469107 ], [ 11452292.662128647789359, -365615.215950117621105 ], [ 11452297.317175794392824, -365597.376119303749874 ], [ 11452298.531560117378831, -365579.333579978672788 ], [ 11452297.924423618242145, -365566.561872802907601 ], [ 11452297.45877418294549, -365565.51932549016783 ], [ 11452297.502634067088366, -365564.828010694414843 ], [ 11452291.675615318119526, -365544.848792039381806 ], [ 11452291.451417861506343, -365536.879606761795003 ], [ 11452291.481808084994555, -365536.843368492205627 ], [ 11452291.732388259842992, -365530.204295321018435 ], [ 11452298.380722207948565, -365528.61516382440459 ], [ 11452300.637724883854389, -365528.075715460232459 ], [ 11452316.12081890180707, -365528.683849274064414 ], [ 11452332.514617670327425, -365540.441995641042013 ], [ 11452337.979180155321956, -365545.915535176289268 ], [ 11452356.396989908069372, -365550.172807121183723 ], [ 11452369.151865843683481, -365553.395560191420373 ], [ 11452369.55317260324955, -365553.6947210606304 ], [ 11452382.427049078047276, -365555.297121696756221 ], [ 11452387.934024283662438, -365553.772103707655333 ], [ 11452399.92424663901329, -365550.685383519739844 ], [ 11452417.237321764230728, -365545.129443498444743 ], [ 11452421.297254910692573, -365544.07775318750646 ], [ 11452436.735598495230079, -365540.078497941140085 ], [ 11452449.510289302095771, -365535.701026845315937 ], [ 11452455.673492906615138, -365531.660293026070576 ], [ 11452460.323864635080099, -365524.981859833525959 ], [ 11452465.030341386795044, -365509.436203888442833 ], [ 11452467.291462885215878, -365499.902978073689155 ], [ 11452472.973098371177912, -365496.812579802644905 ], [ 11452490.112403774634004, -365487.49020593368914 ], [ 11452490.963886559009552, -365487.027136852964759 ], [ 11452493.436737731099129, -365485.468892113945913 ], [ 11452531.872686229646206, -365461.249478832702152 ], [ 11452584.690556347370148, -365432.081489227595739 ], [ 11452634.156707914546132, -365404.76455568743404 ], [ 11452709.422932587563992, -365363.199878892861307 ], [ 11452810.744819913059473, -365307.246313071751501 ], [ 11452811.761278178542852, -365308.910147840739228 ], [ 11452811.714190037921071, -365309.014179323916323 ], [ 11452871.372642863541842, -365419.0488836914883 ], [ 11452871.589938508346677, -365419.103296785790008 ], [ 11452871.933693092316389, -365419.755250384565443 ], [ 11452878.245174266397953, -365431.72468202165328 ], [ 11452879.021961672231555, -365433.197738288145047 ], [ 11452879.001924160867929, -365433.201640863728244 ], [ 11452879.179478751495481, -365433.515408209466841 ], [ 11452876.646292416378856, -365434.002784562006127 ], [ 11452844.426535602658987, -365440.201195067318622 ], [ 11452816.757742207497358, -365445.523644114786293 ], [ 11452812.464928681030869, -365447.528566378750838 ], [ 11452812.447451520711184, -365447.536706046841573 ], [ 11452807.84784148260951, -365448.94230364653049 ], [ 11452790.381256781518459, -365465.657944634614978 ], [ 11452790.04807754419744, -365465.456014000170399 ], [ 11452771.418426802381873, -365480.940114536788315 ], [ 11452760.319984886795282, -365578.608591373777017 ], [ 11452760.863891918212175, -365580.471350472013 ], [ 11452782.968491887673736, -365656.171582894399762 ], [ 11452798.86747551895678, -365710.619928245432675 ], [ 11452800.258078597486019, -365714.744183960254304 ], [ 11452805.28504416719079, -365729.652296971995384 ], [ 11452814.02885620854795, -365755.583221647830214 ], [ 11452811.353292243555188, -365795.583774628583342 ], [ 11452802.053439348936081, -365814.213967872667126 ], [ 11452801.988874042406678, -365813.946250050212257 ], [ 11452772.364197190850973, -365879.341338133963291 ], [ 11452687.338704083114862, -365971.342811825219542 ], [ 11452665.75719440728426, -365983.802246070059482 ], [ 11452657.949467960745096, -365988.309747059422079 ], [ 11452657.881785709410906, -365988.193672638910357 ], [ 11452656.539272649213672, -365988.942302503972314 ], [ 11452647.766406217589974, -365993.834265404555481 ], [ 11452622.62912936322391, -366009.978647681127768 ], [ 11452618.476355761289597, -366010.678104944061488 ], [ 11452589.036357948556542, -366015.636301488615572 ], [ 11452557.425407426431775, -366010.07788520376198 ], [ 11452540.820546897128224, -366000.117895226285327 ], [ 11452541.013018298894167, -365999.891656004881952 ], [ 11452541.173095729202032, -365999.984203343803529 ], [ 11452541.211166990920901, -365999.941274761571549 ], [ 11452538.040231300517917, -365997.956190052733291 ], [ 11452514.654010031372309, -365981.280944674450438 ], [ 11452385.832089664414525, -365898.302150954725221 ], [ 11452308.538959700614214, -365899.096273325441871 ], [ 11452210.337023746222258, -365954.481583800574299 ], [ 11452207.265051078051329, -365955.672656461887527 ], [ 11452207.278966013342142, -365955.740338647912722 ], [ 11452206.891128908842802, -365955.886741792433895 ], [ 11452181.534886615350842, -365965.458363597688731 ], [ 11452167.823330974206328, -365970.634323083853815 ], [ 11452163.992827294394374, -365972.074939160549548 ], [ 11452158.694019537419081, -365974.069724156113807 ], [ 11452122.566837267950177, -365987.700049699924421 ], [ 11452113.78105777874589, -365991.014805257786065 ] ] ] ] } },
{ "type": "Feature", "properties": { "fid": 40666, "kdkab": "74", "kdkec": "021", "nmkab": "LUBUKLINGGAU", "nmkec": "LUBUK LINGGAU SELATAN I", "kddesa": "005", "kdprov": "16", "nmdesa": "LUBUK BINJAI", "nmprov": "SUMATERA SELATAN", "iddesa": "1674021005" }, "geometry": { "type": "MultiPolygon", "coordinates": [ [ [ [ 11455699.557741027325392, -376104.762420334562194 ], [ 11455634.676289014518261, -376115.594913665438071 ], [ 11455533.708397664129734, -376132.452350042760372 ], [ 11455388.160389844328165, -376147.534499975037761 ], [ 11455386.605256559327245, -376149.367775869031902 ], [ 11455386.078715361654758, -376151.453071476484183 ], [ 11455372.248381832614541, -376169.095454516413156 ], [ 11455369.909559329971671, -376172.078542923321947 ], [ 11455368.02469771169126, -376173.189883044979069 ], [ 11455336.402392603456974, -376191.824179324205033 ], [ 11455312.947375889867544, -376191.772994778526481 ], [ 11455300.969398682937026, -376191.747235234593973 ], [ 11455230.528651300817728, -376163.870059789333027 ], [ 11454997.217470129951835, -376188.047228095587343 ], [ 11454950.96867448464036, -376175.692684378474951 ], [ 11454893.503549583256245, -376137.625443595286924 ], [ 11454785.259148405864835, -376065.920077295100782 ], [ 11454759.805278919637203, -376049.058413779828697 ], [ 11454759.356661370024085, -376049.033880912873428 ], [ 11454599.003161273896694, -376056.022402713424526 ], [ 11454383.508664602413774, -376055.552932824473828 ], [ 11454332.296132868155837, -376043.53851895040134 ], [ 11454303.144229894503951, -376045.507169891963713 ], [ 11454240.858525767922401, -376049.713329807738774 ], [ 11454212.105257894843817, -376051.654994707903825 ], [ 11454204.815278397873044, -376052.147324751014821 ], [ 11453956.18909564614296, -376024.777792434499133 ], [ 11453955.508933555334806, -376024.702967207471374 ], [ 11453944.707937324419618, -376023.513904050400015 ], [ 11453929.360764406621456, -376021.8244820588734 ], [ 11453924.236728245392442, -376021.260449298017193 ], [ 11453899.908298810943961, -375944.217816929100081 ], [ 11453890.580393396317959, -375914.678605538734701 ], [ 11453887.162885032594204, -375912.949040604347829 ], [ 11453860.095550844445825, -375899.250686596904416 ], [ 11453835.942338289692998, -375887.027091927127913 ], [ 11453819.495106162503362, -375878.70343761856202 ], [ 11453798.818067343905568, -375852.567950065014884 ], [ 11453791.014014445245266, -375842.703748822503258 ], [ 11453697.534696564078331, -375724.544720493257046 ], [ 11453696.689670313149691, -375723.476540386793204 ], [ 11453691.131265494972467, -375715.043393179774284 ], [ 11453628.487557886168361, -375620.000949565262999 ], [ 11453583.067313207313418, -375604.74547101353528 ], [ 11453370.663602201268077, -375489.387114247132558 ], [ 11453188.277637168765068, -375390.331761792127509 ], [ 11453349.864891180768609, -375204.608544392744079 ], [ 11453328.313660401850939, -375185.402249003702309 ], [ 11453324.806094566360116, -375177.023450038628653 ], [ 11453320.009337713941932, -375165.851830600062385 ], [ 11453309.216690437868237, -375140.745548442413565 ], [ 11453293.027719531208277, -375107.710875717108138 ], [ 11453272.635324651375413, -375066.019423164543696 ], [ 11453249.545435873791575, -375018.813050470373128 ], [ 11453247.344426898285747, -375014.312873485556338 ], [ 11453186.035996584221721, -374888.961118437640835 ], [ 11453202.579186111688614, -374874.222599930479191 ], [ 11453240.688300587236881, -374856.615999782457948 ], [ 11453258.260082207620144, -374856.653913800430018 ], [ 11453278.805207433179021, -374836.061030916462187 ], [ 11453270.075532961636782, -374809.507848437817302 ], [ 11453267.216848436743021, -374777.070198701403569 ], [ 11453281.904342053458095, -374756.463949497498106 ], [ 11453319.98228707909584, -374753.599213936366141 ], [ 11453352.165865059942007, -374768.410198696132284 ], [ 11453399.061426946893334, -374750.823687801661436 ], [ 11453451.883638523519039, -374700.817394646117464 ], [ 11453472.458820002153516, -374665.48382086068159 ], [ 11453490.126336386427283, -374621.297355256625451 ], [ 11453513.460014851763844, -374592.713265676167794 ], [ 11453522.520085569471121, -374581.614523349038791 ], [ 11453542.979717418551445, -374556.550416024401784 ], [ 11453572.908964395523071, -374528.425882222771179 ], [ 11453589.932052247226238, -374512.428671333240345 ], [ 11453618.831705251708627, -374488.730148880451452 ], [ 11453622.203572625294328, -374485.964777047687676 ], [ 11453666.283864591270685, -374415.302241047029383 ], [ 11453671.291015291586518, -374409.029616211191751 ], [ 11453713.268482072278857, -374356.43876000266755 ], [ 11453760.207458563148975, -374318.213811315596104 ], [ 11453766.609442476183176, -374316.295594782626722 ], [ 11453774.434089483693242, -374313.950736242812127 ], [ 11453818.817170463502407, -374300.651905701844953 ], [ 11453918.395794561132789, -374297.919880510831717 ], [ 11454000.377033559605479, -374306.942254578927532 ], [ 11454067.747589386999607, -374301.191620071651414 ], [ 11454080.548217631876469, -374293.176192846964113 ], [ 11454091.207058876752853, -374286.501131064316723 ], [ 11454128.556974424049258, -374269.887075781298336 ], [ 11454143.972497511655092, -374263.030252174125053 ], [ 11454150.000447936356068, -374259.649232788826339 ], [ 11454228.082165166735649, -374215.852105951576959 ], [ 11454231.725652106106281, -374213.808106650889385 ], [ 11454290.579153688624501, -374180.796352377859876 ], [ 11454319.946348557248712, -374142.532436505018268 ], [ 11454387.411525951698422, -374092.557646087778267 ], [ 11454443.118025531992316, -374063.195683232916053 ], [ 11454465.158171515911818, -374049.393968825985212 ], [ 11454466.577495021745563, -374048.505226347188 ], [ 11454469.790286850184202, -374041.536682698060758 ], [ 11454472.336052287369967, -374036.014882709132507 ], [ 11454476.652020264416933, -374026.654541398456786 ], [ 11454477.711447853595018, -374024.35674672893947 ], [ 11454484.231653068214655, -374010.215709460200742 ], [ 11454484.022595066577196, -374006.5028413895634 ], [ 11454482.951812883839011, -373987.4886679276824 ], [ 11454482.858527150005102, -373985.831615772156511 ], [ 11454481.425622668117285, -373960.372562615026254 ], [ 11454481.40970397926867, -373960.089324964385014 ], [ 11454446.355196328833699, -373918.737751384673174 ], [ 11454446.436459552496672, -373880.41036645002896 ], [ 11454481.418832175433636, -373819.08590953372186 ], [ 11454536.78469411469996, -373797.986629833874758 ], [ 11454568.574201103299856, -373748.451349544047844 ], [ 11454569.814968150109053, -373747.449426192324609 ], [ 11454573.032212754711509, -373742.84347817854723 ], [ 11454575.596011942252517, -373739.173104789166246 ], [ 11454589.898340119048953, -373733.358939194469713 ], [ 11454590.238532485440373, -373733.220665989385452 ], [ 11454669.392701687291265, -373701.047617239062674 ], [ 11454732.743176748976111, -373683.601782186073251 ], [ 11454733.385490207001567, -373685.392419442126993 ], [ 11454804.241125337779522, -373660.643758866877761 ], [ 11454831.929065683856606, -373650.972892875492107 ], [ 11454892.530060637742281, -373630.737852467398625 ], [ 11454965.343360332772136, -373625.031969402101822 ], [ 11455009.826628850772977, -373623.528807306312956 ], [ 11455047.350202810019255, -373622.260932465083897 ], [ 11455129.306951511651278, -373643.075491681171115 ], [ 11455150.70255764387548, -373651.745438097161241 ], [ 11455170.036526804789901, -373659.579055872105528 ], [ 11455173.198000343516469, -373660.860312414821237 ], [ 11455228.807651966810226, -373670.314179678796791 ], [ 11455229.222873669117689, -373670.384431348065846 ], [ 11455236.833787254989147, -373671.677954179700464 ], [ 11455248.225110748782754, -373670.13910804950865 ], [ 11455255.509858226403594, -373669.155584672931582 ], [ 11455299.183834051713347, -373634.597344103560317 ], [ 11455352.246495723724365, -373587.486376391840167 ], [ 11455401.878290694206953, -373543.421894723258447 ], [ 11455436.562104441225529, -373504.121155828936026 ], [ 11455469.399127839133143, -373466.91236580471741 ], [ 11455470.075950343161821, -373465.074674754403532 ], [ 11455470.672622811049223, -373463.454428970406298 ], [ 11455490.017723923549056, -373410.939744817442261 ], [ 11455490.098987152799964, -373372.611423335096333 ], [ 11455469.749784234911203, -373301.809106713917572 ], [ 11455472.740938952192664, -373272.333616508869454 ], [ 11455507.796559797599912, -373251.848083025659434 ], [ 11455543.114894637838006, -373231.208669394720346 ], [ 11455607.474258242174983, -373263.778555736527778 ], [ 11455630.884747156873345, -373272.673722567444202 ], [ 11455639.69791124202311, -373267.053609553026035 ], [ 11455663.142909198999405, -373252.104556395497639 ], [ 11455724.649154249578714, -373249.28892487345729 ], [ 11455801.762391913682222, -373304.33592813560972 ], [ 11455805.559499744325876, -373276.123847639304586 ], [ 11455834.301079073920846, -373261.734574287431315 ], [ 11455835.241728771477938, -373249.76172794442391 ], [ 11455835.954173509031534, -373240.683686339179985 ], [ 11455806.762863440439105, -373196.396324568020646 ], [ 11455806.432021912187338, -373195.278435784624889 ], [ 11455806.192907644435763, -373194.47054509393638 ], [ 11455798.038754949346185, -373166.89521551883081 ], [ 11455827.393704671412706, -373134.527191266708542 ], [ 11455843.021847980096936, -373125.394519332912751 ], [ 11455897.767660357058048, -373093.402296075713821 ], [ 11455955.20963080227375, -373057.431406694289763 ], [ 11455968.147182023152709, -373049.329093175125308 ], [ 11455969.695636140182614, -373046.4855893998174 ], [ 11455985.78686853684485, -373016.936571600555908 ], [ 11455988.834796188399196, -372960.925152963260189 ], [ 11456018.232047319412231, -372907.920067468076013 ], [ 11456043.127538241446018, -372891.288380711397622 ], [ 11456071.021976243704557, -372872.653980947448872 ], [ 11456087.016360681504011, -372879.850821941334289 ], [ 11456097.354601792991161, -372884.503010073502082 ], [ 11456135.494885724037886, -372852.154026197036728 ], [ 11456199.904343102127314, -372861.137252198706847 ], [ 11456211.167649179697037, -372865.700231726281345 ], [ 11456258.426112605258822, -372884.848690409620758 ], [ 11456314.070273270830512, -372884.96800587978214 ], [ 11456375.331615444272757, -372890.348353170556948 ], [ 11456403.483201472088695, -372892.820525263610762 ], [ 11456475.214141752570868, -372856.906571934348904 ], [ 11456482.111497405916452, -372853.453114814299624 ], [ 11456502.446228785440326, -372845.825847947911825 ], [ 11456516.292147055268288, -372814.642152027867269 ], [ 11456538.910041190683842, -372787.436015431128908 ], [ 11456560.332364002242684, -372761.667245119635481 ], [ 11456572.115532098338008, -372729.261427706573159 ], [ 11456557.55382950976491, -372690.902122862869874 ], [ 11456557.633979544043541, -372652.575169247167651 ], [ 11456560.662982886657119, -372605.408870630490128 ], [ 11456564.45452474616468, -372598.688193252892233 ], [ 11456598.876737684011459, -372537.680251320183743 ], [ 11456633.465929865837097, -372528.474033065489493 ], [ 11456642.830125430598855, -372525.981797516520601 ], [ 11456667.266980053856969, -372513.746984715748113 ], [ 11456724.918231131508946, -372484.881663483043667 ], [ 11456763.045156732201576, -372458.428297085745726 ], [ 11456773.414567299187183, -372442.26613303652266 ], [ 11456789.490214966237545, -372417.208873485040385 ], [ 11456815.927480837330222, -372378.937770462303888 ], [ 11456826.857941640540957, -372370.363823078863788 ], [ 11456883.397111007943749, -372326.013253851328045 ], [ 11456965.607668155804276, -372225.947159924311563 ], [ 11456986.170604495331645, -372196.508757949632127 ], [ 11456984.351644014939666, -372181.603339786117431 ], [ 11456983.290769264101982, -372172.915668632718734 ], [ 11457009.69241289794445, -372152.334443480707705 ], [ 11457021.592466469854116, -372135.768661999318283 ], [ 11457062.561378665268421, -372078.740733090031426 ], [ 11457087.157420152798295, -372062.720241488073952 ], [ 11457121.213391974568367, -372040.537768894282635 ], [ 11457193.142480947077274, -372012.862372430507094 ], [ 11457197.418262587860227, -372011.217616223671939 ], [ 11457232.579636950045824, -372002.447442010394298 ], [ 11457285.293868623673916, -372002.560065985715482 ], [ 11457323.367360865697265, -371989.60161913651973 ], [ 11457423.037266943603754, -371955.680625347828027 ], [ 11457441.175664778798819, -371940.294636958336923 ], [ 11457461.176437685266137, -371923.330801124393474 ], [ 11457498.353808023035526, -371879.076310583623126 ], [ 11457508.151036409661174, -371867.41360999486642 ], [ 11457514.861375315114856, -371859.910186587716453 ], [ 11457584.473905688151717, -371782.075998270767741 ], [ 11457672.454152040183544, -371723.297568501904607 ], [ 11457727.359151290729642, -371668.244670707907062 ], [ 11457730.37479629740119, -371712.736589368782006 ], [ 11457736.278068894520402, -371799.823718239436857 ], [ 11457737.77531604282558, -371845.5177543926402 ], [ 11457738.770512290298939, -371875.901656235742848 ], [ 11457751.220484144985676, -372255.986604099278338 ], [ 11457841.292423728853464, -373464.733452999033034 ], [ 11457855.590299118310213, -373656.621795401966665 ], [ 11457893.768431687727571, -374400.930659052857663 ], [ 11457937.586009655147791, -375229.538875093334354 ], [ 11457910.914972858503461, -375227.48370551422704 ], [ 11457846.852832295000553, -375276.099683576961979 ], [ 11457809.16673187725246, -375304.699230176687706 ], [ 11457772.167472725734115, -375313.964784597803373 ], [ 11457719.751577291637659, -375295.433676553133409 ], [ 11457617.594793785363436, -375208.260121684637852 ], [ 11457553.254354497417808, -375153.357121137320064 ], [ 11457516.255095338448882, -375153.357121137320064 ], [ 11457476.917013684287667, -375160.463788052729797 ], [ 11457413.282339964061975, -375171.958457570348401 ], [ 11457328.175249671563506, -375187.331520582607482 ], [ 11457309.676176691427827, -375208.95261223561829 ], [ 11457318.925713177770376, -375236.749253336631227 ], [ 11457408.340867770835757, -375310.877009783114772 ], [ 11457423.757504049688578, -375378.825917915150058 ], [ 11457398.864239519461989, -375390.968497328693047 ], [ 11457362.033072793856263, -375408.935369085811544 ], [ 11457259.092600071802735, -375459.149401459959336 ], [ 11457154.629276717081666, -375510.1061301609152 ], [ 11457069.180435586720705, -375551.789501400198787 ], [ 11456962.478477267548442, -375501.158369520795532 ], [ 11456952.015558330342174, -375496.193834645906463 ], [ 11456915.016299178823829, -375499.282729854108766 ], [ 11456822.83708163164556, -375567.23064087855164 ], [ 11456751.602626277133822, -375619.738560450263321 ], [ 11456690.773203728720546, -375615.487700681434944 ], [ 11456619.021112741902471, -375610.472979910613503 ], [ 11456581.316644612699747, -375634.754177502647508 ], [ 11456575.855866989120841, -375638.270839019271079 ], [ 11456520.356421660631895, -375764.904629488592036 ], [ 11456464.858089527115226, -375882.271849014330655 ], [ 11456410.776520550251007, -375948.297963300370611 ], [ 11456366.192285252735019, -376002.729220358538441 ], [ 11456276.778243854641914, -376058.324031819880474 ], [ 11456242.838044306263328, -376068.645679224457126 ], [ 11456200.976572437211871, -376081.375563695852179 ], [ 11456104.113921269774437, -376110.831074218614958 ], [ 11456096.605421619489789, -376118.352632620779332 ], [ 11456067.114662116393447, -376147.894687389722094 ], [ 11455957.751054774969816, -376237.530094726651441 ], [ 11455897.535002620890737, -376286.883628583746031 ], [ 11455849.355147771537304, -376273.094455484184437 ], [ 11455832.786020806059241, -376268.352354183676653 ], [ 11455700.516981080174446, -376105.040199432056397 ], [ 11455700.204507270827889, -376104.654364155023359 ], [ 11455699.557741027325392, -376104.762420334562194 ] ] ] ] } },
{ "type": "Feature", "properties": { "fid": 40065, "kdkab": "74", "kdkec": "031", "nmkab": "LUBUKLINGGAU", "nmkec": "LUBUK LINGGAU TIMUR I", "kddesa": "007", "kdprov": "16", "nmdesa": "NIKAN JAYA", "nmprov": "SUMATERA SELATAN", "iddesa": "1674031007" }, "geometry": { "type": "MultiPolygon", "coordinates": [ [ [ [ 11456009.683267025277019, -366025.093861023487989 ], [ 11456007.414687119424343, -366037.213217576732859 ], [ 11456004.641829924657941, -366043.272952092986088 ], [ 11456002.121111374348402, -366047.312812460644636 ], [ 11455996.323480976745486, -366050.595122459635604 ], [ 11455992.038237176835537, -366052.867551011731848 ], [ 11455989.517518626525998, -366090.23573857313022 ], [ 11455922.970281751826406, -366098.31535135791637 ], [ 11455923.432368962094188, -366238.537943700794131 ], [ 11455761.982705835253, -366250.341992816363927 ], [ 11455697.944387644529343, -366236.087775478023104 ], [ 11455594.072059465572238, -366193.819984804373235 ], [ 11455567.69757778942585, -366183.087708564591594 ], [ 11455567.452452274039388, -366184.049979497212917 ], [ 11455555.610173521563411, -366179.267058167140931 ], [ 11455554.653382498770952, -366178.880588765139692 ], [ 11455502.965071255341172, -366158.004218418500386 ], [ 11455502.902398379519582, -366158.259225736663211 ], [ 11455493.582507971674204, -366154.66381220537005 ], [ 11455491.877093374729156, -366154.005944644624833 ], [ 11455448.030572341755033, -366137.091279026295524 ], [ 11455371.35237124748528, -366107.511109042505268 ], [ 11455323.14179222099483, -366088.912979538668878 ], [ 11455276.510725442320108, -366092.330655297031626 ], [ 11455276.78724305704236, -366093.605579620227218 ], [ 11455274.775588540360332, -366093.317679096071515 ], [ 11455208.33065427839756, -366122.338546538434457 ], [ 11455179.645625252276659, -366137.511756680964027 ], [ 11455036.423526866361499, -366213.270572547975462 ], [ 11454974.612155091017485, -366247.448822638601996 ], [ 11454906.394457936286926, -366285.169536897330545 ], [ 11454900.089321980252862, -366288.655793097044807 ], [ 11454867.247400527819991, -366225.752780518028885 ], [ 11454836.296017985790968, -366166.470639995182864 ], [ 11454919.452011568471789, -366121.379732726200018 ], [ 11455022.832975516095757, -366065.322088266024366 ], [ 11455097.210091413930058, -366032.773731344204862 ], [ 11455142.730078352615237, -366012.777703296567779 ], [ 11455202.311275452375412, -365984.055803455063142 ], [ 11455204.015688171610236, -365983.177384355687536 ], [ 11455239.525603862479329, -365964.875204024661798 ], [ 11455270.36889517493546, -365949.725209998025093 ], [ 11455312.457792770117521, -365929.05148315418046 ], [ 11455437.825580663979053, -365932.244029946625233 ], [ 11455438.21620075777173, -365932.140666890831199 ], [ 11455445.408553056418896, -365932.34962305316003 ], [ 11455445.023498935624957, -365930.338670912547968 ], [ 11455450.904284998774529, -365928.781981005042326 ], [ 11455450.940686473622918, -365928.458511525939684 ], [ 11455466.547567760571837, -365928.219338128634263 ], [ 11455466.547567760571837, -365928.193804002832621 ], [ 11455466.547567760571837, -365925.470014871738385 ], [ 11455466.547567760571837, -365918.524732005549595 ], [ 11455474.199112962931395, -365908.465512796246912 ], [ 11455484.719918036833405, -365897.927390317141544 ], [ 11455491.722359286621213, -365894.253152775461785 ], [ 11455491.711672615259886, -365894.088686273084022 ], [ 11455491.690967185422778, -365893.828550438920502 ], [ 11455489.94670208543539, -365870.097541640512645 ], [ 11455485.96458126232028, -365821.959498700976837 ], [ 11455485.93285520747304, -365821.575818108336534 ], [ 11455484.862518303096294, -365808.635379669140093 ], [ 11455483.460004037246108, -365784.928585101501085 ], [ 11455483.468130363151431, -365784.902047483075876 ], [ 11455498.152395712211728, -365736.810426442476455 ], [ 11455499.06376838311553, -365733.827287049847655 ], [ 11455499.075011651962996, -365733.792052247619722 ], [ 11455504.415452901273966, -365730.183829632471316 ], [ 11455511.476559521630406, -365725.377066263055895 ], [ 11455511.280859857797623, -365721.904208008374553 ], [ 11455515.848298560827971, -365715.03788163914578 ], [ 11455516.990436535328627, -365713.321857626142446 ], [ 11455531.179218834266067, -365707.166917906492017 ], [ 11455545.472641456872225, -365700.96737752109766 ], [ 11455549.483482709154487, -365697.839731824991759 ], [ 11455554.024204740300775, -365694.300641938345507 ], [ 11455560.322661526501179, -365687.35403546487214 ], [ 11455563.530889254063368, -365683.816060937358998 ], [ 11455568.30315581895411, -365680.947101529163774 ], [ 11455587.274223441258073, -365669.542626228882 ], [ 11455660.063366804271936, -365611.470025845046621 ], [ 11455660.688314428552985, -365610.971386969147716 ], [ 11455666.274326471611857, -365606.514746364729945 ], [ 11455666.281005641445518, -365606.509171238983981 ], [ 11455681.58966201543808, -365594.295196028833743 ], [ 11455722.940400065854192, -365561.303866353584453 ], [ 11455730.812914453446865, -365532.502804805000778 ], [ 11455737.667412100359797, -365507.422137315094005 ], [ 11455750.264993596822023, -365539.683891089691315 ], [ 11455782.061736350879073, -365621.114094628079329 ], [ 11455740.721796290948987, -365667.319155090255663 ], [ 11455753.060782605782151, -365796.712961631885264 ], [ 11455753.073361705988646, -365796.845092237403151 ], [ 11455757.588368935510516, -365798.393529098131694 ], [ 11455799.454738868400455, -365812.751833830319811 ], [ 11455811.554165640845895, -365817.801565219124313 ], [ 11455817.855962013825774, -365819.06399810698349 ], [ 11455858.943874748423696, -365816.791574322502129 ], [ 11455859.814615802839398, -365816.713856981892604 ], [ 11455909.862523034214973, -365812.246838400606066 ], [ 11455993.802762424573302, -365802.652260225731879 ], [ 11456007.666714452207088, -365823.608734307053965 ], [ 11456007.743524897843599, -365830.241023309703451 ], [ 11456008.67504639737308, -365910.716975932067726 ], [ 11456009.179101049900055, -365980.655971466214396 ], [ 11456009.536102658137679, -366012.11771801795112 ], [ 11456009.683267025277019, -366025.093861023487989 ] ] ] ] } },
{ "type": "Feature", "properties": { "fid": 40162, "kdkab": "74", "kdkec": "012", "nmkab": "LUBUKLINGGAU", "nmkec": "LUBUK LINGGAU BARAT II", "kddesa": "007", "kdprov": "16", "nmdesa": "LUBUK LINGGAU ILIR", "nmprov": "SUMATERA SELATAN", "iddesa": "1674012007" }, "geometry": { "type": "MultiPolygon", "coordinates": [ [ [ [ 11450819.421248303726315, -366724.847563465009443 ], [ 11450819.338649243116379, -366726.844815039832611 ], [ 11450818.80732131190598, -366739.687683221942279 ], [ 11450815.970121454447508, -366808.271762144810054 ], [ 11450815.65475333109498, -366808.25637464778265 ], [ 11450815.377456484362483, -366828.259124527277891 ], [ 11450815.222054472193122, -366828.25722896627849 ], [ 11450794.227977748960257, -366828.021064231346827 ], [ 11450794.203153498470783, -366828.201588642783463 ], [ 11450780.362912526354194, -366826.861872271401808 ], [ 11450772.58991776779294, -366826.109445640642662 ], [ 11450672.350167207419872, -366816.406398428604007 ], [ 11450672.144114831462502, -366816.38643927895464 ], [ 11450672.798116840422153, -366811.239096844568849 ], [ 11450674.214991319924593, -366800.08817637024913 ], [ 11450678.131544966250658, -366769.264341839880217 ], [ 11450678.162157826125622, -366769.023494084714912 ], [ 11450678.501236997544765, -366766.355101632827427 ], [ 11450678.94551308080554, -366758.344684010953642 ], [ 11450678.986923929303885, -366757.598167528863996 ], [ 11450680.95917134732008, -366746.85658204840729 ], [ 11450681.518774431198835, -366743.808743495494127 ], [ 11450692.389567986130714, -366684.600810965755954 ], [ 11450692.41172056645155, -366684.324505273369141 ], [ 11450694.34300240688026, -366660.216780493501574 ], [ 11450693.944812590256333, -366659.296542243973818 ], [ 11450693.876239782199264, -366659.42019961058395 ], [ 11450687.454997599124908, -366648.143629966420121 ], [ 11450661.715370977297425, -366602.941023876192048 ], [ 11450661.724499173462391, -366602.852490154153202 ], [ 11450662.14584344625473, -366598.773025884409435 ], [ 11450665.214031251147389, -366569.064950163359754 ], [ 11450665.240859251469374, -366568.805704780679662 ], [ 11450665.371214374899864, -366567.543820899561979 ], [ 11450684.619022248312831, -366516.787377628381364 ], [ 11450686.911981120705605, -366511.011727793025784 ], [ 11450686.931239390745759, -366511.010278246074449 ], [ 11450691.732226390391588, -366498.926328111847397 ], [ 11450698.379781104624271, -366482.15678731695516 ], [ 11450714.136832386255264, -366470.75111485394882 ], [ 11450732.909862633794546, -366457.249181872000918 ], [ 11450757.591842770576477, -366439.431516697746702 ], [ 11450768.984168142080307, -366431.114154192968272 ], [ 11450771.493866059929132, -366429.30088829388842 ], [ 11450772.960834311321378, -366428.756640923733357 ], [ 11450781.667465643957257, -366426.885727890708949 ], [ 11450784.627784859389067, -366423.293762268440332 ], [ 11450785.403570394963026, -366422.352451875340194 ], [ 11450788.22307045571506, -366418.93108636100078 ], [ 11450794.432026376947761, -366411.39815063891001 ], [ 11450794.900013513863087, -366410.830376169353258 ], [ 11450801.079358445480466, -366403.331783987989184 ], [ 11450807.928846713155508, -366395.021448882762343 ], [ 11450808.516613626852632, -366394.310058357717935 ], [ 11450809.625355757772923, -366392.972019762499258 ], [ 11450828.847448827698827, -366386.56649473879952 ], [ 11450901.849991654977202, -366362.239284787676297 ], [ 11450917.923635568469763, -366356.882894939626567 ], [ 11450964.731255056336522, -366341.284716300317086 ], [ 11450976.966380290687084, -366327.267654503404628 ], [ 11451049.706988355144858, -366367.480157593847252 ], [ 11451050.212378846481442, -366368.889557917835191 ], [ 11451050.518507434055209, -366369.743672371434513 ], [ 11451045.912774831056595, -366393.580046800663695 ], [ 11451042.418567333370447, -366398.307894758472685 ], [ 11451041.23846941255033, -366399.904843899887055 ], [ 11451018.68836884573102, -366430.000571204873268 ], [ 11450990.191135795786977, -366468.033445113862399 ], [ 11450990.189911281690001, -366468.061320939741563 ], [ 11450990.138815637677908, -366469.178583916916978 ], [ 11450990.125234657898545, -366469.482987904630136 ], [ 11450990.119668684899807, -366469.632179310021456 ], [ 11450987.605629302561283, -366537.209885169111658 ], [ 11450987.382879003882408, -366543.197392758505885 ], [ 11450987.3814318459481, -366543.237645472632721 ], [ 11450987.368184827268124, -366543.245562210329808 ], [ 11450987.350485032424331, -366543.245896723179612 ], [ 11450945.418325280770659, -366543.912575349153485 ], [ 11450943.584225352853537, -366553.652060359949246 ], [ 11450929.320302397012711, -366553.753751435258891 ], [ 11450930.182583171874285, -366561.454732411599252 ], [ 11450934.765383969992399, -366561.225258452293929 ], [ 11450935.597608484327793, -366571.046365457645152 ], [ 11450940.40171242877841, -366570.257478949264623 ], [ 11450939.307330513373017, -366574.835808370437007 ], [ 11450936.733623884618282, -366585.826029816933442 ], [ 11450936.688539491966367, -366585.853459656995256 ], [ 11450932.592984104529023, -366603.046952126314864 ], [ 11450932.335279487073421, -366603.557860829459969 ], [ 11450932.335279487073421, -366603.74161847284995 ], [ 11450923.623416136950254, -366621.269958562334068 ], [ 11450923.058024441823363, -366622.407516708190087 ], [ 11450922.322759203612804, -366623.887055933650117 ], [ 11450921.932918353006244, -366624.680179959745146 ], [ 11450921.948948353528976, -366624.681629501923453 ], [ 11450917.37338332273066, -366634.062860983307473 ], [ 11450916.656931083649397, -366634.076241396251135 ], [ 11450910.269752657040954, -366634.195996110560372 ], [ 11450910.252164179459214, -366634.214282674307469 ], [ 11450896.673524010926485, -366634.652491268294398 ], [ 11450890.605275932699442, -366634.848291336151306 ], [ 11450837.362499319016933, -366636.566559638769832 ], [ 11450823.296391101554036, -366636.12634398357477 ], [ 11450823.049707105383277, -366636.118650243850425 ], [ 11450822.72175988741219, -366644.987858759472147 ], [ 11450822.724542874842882, -366644.994102957425639 ], [ 11450822.227278709411621, -366657.015738533867989 ], [ 11450821.741925731301308, -366668.747020320559386 ], [ 11450821.575503094121814, -366672.770958416862413 ], [ 11450821.292640266939998, -366679.609133531979751 ], [ 11450820.75752747617662, -366692.54454416729277 ], [ 11450819.421248303726315, -366724.847563465009443 ] ] ] ] } },
{ "type": "Feature", "properties": { "fid": 40406, "kdkab": "74", "kdkec": "022", "nmkab": "LUBUKLINGGAU", "nmkec": "LUBUK LINGGAU SELATAN II", "kddesa": "008", "kdprov": "16", "nmdesa": "EKA MARGA", "nmprov": "SUMATERA SELATAN", "iddesa": "1674022008" }, "geometry": { "type": "MultiPolygon", "coordinates": [ [ [ [ 11458198.17124530300498, -362103.636265715234913 ], [ 11458217.664512652903795, -362058.633519481692929 ], [ 11458333.680795401334763, -361783.987997302610893 ], [ 11458334.309527887031436, -361778.572620912978891 ], [ 11458335.28424134850502, -361770.176106484257616 ], [ 11458335.032770620658994, -361770.061485911195632 ], [ 11458334.91855682246387, -361770.009527564689051 ], [ 11458325.5667177233845, -361765.749165867280681 ], [ 11458186.362807678058743, -361702.339928273635451 ], [ 11457852.791727125644684, -361565.612696564465296 ], [ 11457527.080915819853544, -361484.925789926957805 ], [ 11457406.564208699390292, -361480.182651291077491 ], [ 11457312.498125780373812, -361476.480907121556811 ], [ 11457245.838901501148939, -361461.956022372178268 ], [ 11457201.274369752034545, -361452.245635659201071 ], [ 11457109.96333291567862, -361439.518329291895498 ], [ 11457108.554028157144785, -361439.321869321691338 ], [ 11457026.464920580387115, -361427.879916440113448 ], [ 11456799.075936317443848, -361362.989057917438913 ], [ 11456793.105092793703079, -361361.288264323433395 ], [ 11456775.437242450192571, -361356.255681570677552 ], [ 11456773.596129393205047, -361355.73074805754004 ], [ 11456773.575980562716722, -361355.724950149189681 ], [ 11456773.491377752274275, -361355.70042054541409 ], [ 11456773.38807326182723, -361355.669981536339037 ], [ 11456772.465234685689211, -361355.396922456391621 ], [ 11456772.273542523384094, -361355.340281369397417 ], [ 11456854.760172005742788, -361300.22562129155267 ], [ 11456915.535048006102443, -361259.618005260301288 ], [ 11456979.250984949991107, -361195.738530820002779 ], [ 11456987.44409947283566, -361075.733255594794173 ], [ 11456995.437952101230621, -361059.718810475431383 ], [ 11457011.385582353919744, -361027.773550452839117 ], [ 11457113.569082539528608, -360998.610170648025814 ], [ 11457122.72399746067822, -360995.997776197327767 ], [ 11457218.10031078197062, -360996.195127380953636 ], [ 11457353.2176823168993, -360996.473871984169818 ], [ 11457480.451407518237829, -360964.730440910265315 ], [ 11457655.423383142799139, -360909.080782507138792 ], [ 11457734.985649604350328, -360869.237066663918085 ], [ 11457878.115798085927963, -360837.526005713792983 ], [ 11457949.7298529073596, -360797.665590485674329 ], [ 11457952.394841510802507, -360796.149222521285992 ], [ 11458022.905720178037882, -360755.772588000399992 ], [ 11458059.229826621711254, -360734.97204292123206 ], [ 11458059.302740888670087, -360735.002816258405801 ], [ 11458073.193632224574685, -360740.868927266914397 ], [ 11458082.22587307356298, -360744.889641902351286 ], [ 11458206.461430421099067, -360797.147460932726972 ], [ 11458272.269283240661025, -360824.937806323752739 ], [ 11458274.253998443484306, -360829.455580592853948 ], [ 11458274.689035011455417, -360830.445791462203488 ], [ 11458278.454973381012678, -360831.509702312410809 ], [ 11458290.549613419920206, -360834.926548726391047 ], [ 11458319.72467084415257, -360843.813694822427351 ], [ 11458340.752032097429037, -360850.113426032301504 ], [ 11458358.583188133314252, -360855.519614996155724 ], [ 11458387.56477228552103, -360864.236951702099759 ], [ 11458413.406033601611853, -360872.05561746150488 ], [ 11458419.507454890757799, -360873.853072198748123 ], [ 11458419.786755489185452, -360873.901350714615546 ], [ 11458420.396897619590163, -360874.006939054932445 ], [ 11458429.377374902367592, -360875.560548310051672 ], [ 11458451.719196705147624, -360879.155346428393386 ], [ 11458466.412701573222876, -360881.270458304788917 ], [ 11458467.103772971779108, -360881.379614579549525 ], [ 11458477.919352054595947, -360883.199592009419575 ], [ 11458486.341562090441585, -360884.429746471112594 ], [ 11458486.574331145733595, -360884.467432704987004 ], [ 11458496.133781101554632, -360886.704523197724484 ], [ 11458510.908771831542253, -360890.243349809548818 ], [ 11458525.025641737505794, -360893.624518728349358 ], [ 11458528.996630614623427, -360894.625656937947497 ], [ 11458538.215442923828959, -360896.949715877417475 ], [ 11458546.714240770787001, -360898.932034276251215 ], [ 11458551.315520603209734, -360900.005311578686815 ], [ 11458573.029277835041285, -360905.307587030751165 ], [ 11458576.020432552322745, -360906.056628929683939 ], [ 11458580.925280641764402, -360907.284776676911861 ], [ 11458581.572380838915706, -360907.397835401352495 ], [ 11458586.263050219044089, -360908.217232394847088 ], [ 11458588.641725102439523, -360908.632784530404024 ], [ 11458607.484218712896109, -360911.418778962513898 ], [ 11458618.978067455813289, -360913.078646095411386 ], [ 11458626.775441184639931, -360914.204773469769862 ], [ 11458637.098654164001346, -360915.766411114600487 ], [ 11458665.985839385539293, -360920.136119986767881 ], [ 11458697.659240143373609, -360924.899304664111696 ], [ 11458720.808684851974249, -360928.224502734781709 ], [ 11458751.439355939626694, -360932.728678414423484 ], [ 11458826.199410885572433, -360943.820700982410926 ], [ 11458837.722202694043517, -360945.569432329910342 ], [ 11458847.65735593251884, -360947.071419086772949 ], [ 11458851.988686, -360947.726245628728066 ], [ 11458862.717101925984025, -360948.728499297052622 ], [ 11458869.305879943072796, -360949.343967124936171 ], [ 11458874.30000626295805, -360949.899783632252365 ], [ 11458887.071802759543061, -360951.321046046097763 ], [ 11458919.193821061402559, -360954.466510440804996 ], [ 11458945.752870451658964, -360957.072771552077029 ], [ 11458982.736433563753963, -360960.538346313871443 ], [ 11459019.636284410953522, -360964.140728992642835 ], [ 11459056.295796481892467, -360967.857174047734588 ], [ 11459088.866432333365083, -360971.002638909674715 ], [ 11459088.879011433571577, -360971.003976882027928 ], [ 11459128.288560204207897, -360975.042650866089389 ], [ 11459174.622515259310603, -360980.343145879101939 ], [ 11459199.768252393230796, -360983.314897470991127 ], [ 11459219.687539441511035, -360985.741313241247553 ], [ 11459233.146511152386665, -360987.269168035418261 ], [ 11459258.359596582129598, -360990.324766176519915 ], [ 11459266.043424434959888, -360991.179843082849402 ], [ 11459233.610602112486959, -361022.587784514180385 ], [ 11459182.831659790128469, -361071.431554421200417 ], [ 11459153.559197809547186, -361099.427123592118733 ], [ 11459132.024887591600418, -361120.277017951244488 ], [ 11459131.986593686044216, -361120.327415036794264 ], [ 11459126.979888271540403, -361126.926645232015289 ], [ 11459120.665735432878137, -361135.248965571750887 ], [ 11459101.069274911656976, -361161.078144330764189 ], [ 11459088.1486442591995, -361192.712474091153126 ], [ 11459087.789750220254064, -361201.699550618883222 ], [ 11459088.417814783751965, -361201.538993434107397 ], [ 11459258.268648557364941, -361158.118429838621523 ], [ 11459311.137725638225675, -361138.743758274591528 ], [ 11459338.305915288627148, -361128.724884520517662 ], [ 11459387.309311728924513, -361107.624229696055409 ], [ 11459459.871697288006544, -361076.379163049103227 ], [ 11459483.866947490721941, -361066.046874208434019 ], [ 11459483.871956864371896, -361066.044644248497207 ], [ 11459483.899007499217987, -361066.03293696482433 ], [ 11459483.985391428694129, -361065.995250670413952 ], [ 11459486.355828661471605, -361064.964786989439745 ], [ 11459487.919978832826018, -361064.280635816510767 ], [ 11459491.614672727882862, -361062.664585142047144 ], [ 11459510.642290653660893, -361054.374047059565783 ], [ 11459622.491884859278798, -361005.602646645624191 ], [ 11459743.93643993884325, -360952.713876535650343 ], [ 11459795.439515545964241, -360930.156647682015318 ], [ 11459815.134493818506598, -360921.529173084534705 ], [ 11459815.854396965354681, -360920.829524597385898 ], [ 11459830.61747651360929, -360906.481212374928873 ], [ 11459831.016000291332603, -360906.093980674748309 ], [ 11459839.6521663852036, -360898.140400286589283 ], [ 11459841.368156336247921, -360897.392584915214684 ], [ 11459841.717365581542253, -360897.23046719894046 ], [ 11459968.123319046571851, -360838.571073518192861 ], [ 11459971.567766726016998, -360846.616412315284833 ], [ 11460030.038440583273768, -360983.188235933601391 ], [ 11460102.760013015940785, -361153.046720361046027 ], [ 11460102.7616828083992, -361153.050734284624923 ], [ 11460102.997680133208632, -361153.601757388270926 ], [ 11460121.615419689565897, -361197.087991586420685 ], [ 11460183.560820132493973, -361341.776526571949944 ], [ 11460250.711519969627261, -361498.623471463972237 ], [ 11460268.110199777409434, -361539.262281666393392 ], [ 11460294.197143213823438, -361600.194935570703819 ], [ 11460295.433234833180904, -361603.082076188817155 ], [ 11460038.841140640899539, -361591.573653608444147 ], [ 11459966.059789642691612, -361588.309314108104445 ], [ 11459844.71263911947608, -361582.867076009046286 ], [ 11459659.661240197718143, -361574.567691291915253 ], [ 11459645.600363994017243, -361573.937056268448941 ], [ 11459642.931701840832829, -361573.817418468941469 ], [ 11459631.978086587041616, -361564.841016105841845 ], [ 11459551.175609678030014, -361498.623471463972237 ], [ 11459542.049081228673458, -361491.144274670106824 ], [ 11459508.311928430572152, -361486.830515824782196 ], [ 11459476.72813986428082, -361487.549457040149719 ], [ 11459447.297938164323568, -361487.549457040149719 ], [ 11459422.174464926123619, -361489.706392204505391 ], [ 11459387.719524055719376, -361498.334021777787711 ], [ 11459386.780321508646011, -361498.623471463972237 ], [ 11459350.393319554626942, -361509.837417401955463 ], [ 11459324.552169561386108, -361514.151177128253039 ], [ 11459277.176598025485873, -361524.216691461508162 ], [ 11459119.975888546556234, -361563.040762889722828 ], [ 11459049.716146659106016, -361550.474224681209307 ], [ 11459049.630430646240711, -361550.458949398424011 ], [ 11459046.766736745834351, -361552.653349230182357 ], [ 11458940.640300201252103, -361633.979079132259358 ], [ 11458941.189550569280982, -361648.954997441091109 ], [ 11458946.496595969423652, -361793.657715619774535 ], [ 11458931.08931053057313, -361800.702756807440892 ], [ 11458907.280965758487582, -361811.589261300629005 ], [ 11458869.062424216419458, -361829.06500328949187 ], [ 11458861.395516930148005, -361834.876425389316864 ], [ 11458851.950280772522092, -361836.88975691946689 ], [ 11458847.659693643450737, -361837.80426904221531 ], [ 11458751.20981514826417, -361858.363288463151548 ], [ 11458528.178543677553535, -361905.904000409413129 ], [ 11458395.022064972668886, -361934.287235179624986 ], [ 11458370.082714173942804, -361942.028818036545999 ], [ 11458370.078817987814546, -361942.030044522893149 ], [ 11458327.128752812743187, -361955.362511631508823 ], [ 11458323.468901919201016, -361956.498572811949998 ], [ 11458323.317618729546666, -361956.676078893942758 ], [ 11458199.401770956814289, -362102.190904993272852 ], [ 11458199.440621459856629, -362102.126793104864191 ], [ 11458198.17124530300498, -362103.636265715234913 ] ] ] ] } },
{ "type": "Feature", "properties": { "fid": 40792, "kdkab": "74", "kdkec": "032", "nmkab": "LUBUKLINGGAU", "nmkec": "LUBUK LINGGAU TIMUR II", "kddesa": "009", "kdprov": "16", "nmdesa": "CEREME TABA", "nmprov": "SUMATERA SELATAN", "iddesa": "1674032009" }, "geometry": { "type": "MultiPolygon", "coordinates": [ [ [ [ 11452444.294191917404532, -367132.590920074027963 ], [ 11452427.69534264691174, -367154.771289629337844 ], [ 11452425.44557573646307, -367236.329791005933657 ], [ 11452421.248830933123827, -367246.826783931290265 ], [ 11452417.0921611469239, -367257.225654261244927 ], [ 11452413.389674887061119, -367257.217848975560628 ], [ 11452396.317717777565122, -367257.181052630592603 ], [ 11452375.571104278787971, -367244.587782174698077 ], [ 11452373.935820959508419, -367208.408062269620132 ], [ 11452373.586277760565281, -367200.665222399053164 ], [ 11452370.103090887889266, -367192.436225549492519 ], [ 11452361.184173284098506, -367171.35973802866647 ], [ 11452343.367488786578178, -367151.961389361938927 ], [ 11452334.239290539175272, -367142.023040284286253 ], [ 11452331.150174673646688, -367140.848903512582183 ], [ 11452328.848087599501014, -367139.974712423456367 ], [ 11452302.053486166521907, -367129.793285800609738 ], [ 11452284.421592023223639, -367123.094128375058062 ], [ 11452281.741018684580922, -367122.880040789081249 ], [ 11452278.104433557018638, -367122.590576539456379 ], [ 11452257.419936334714293, -367120.944332268205471 ], [ 11452249.444340094923973, -367117.355354799889028 ], [ 11452238.741638971492648, -367112.539165110560134 ], [ 11452238.175022764131427, -367107.899486346868798 ], [ 11452236.700039511546493, -367095.803540328808594 ], [ 11452230.520694578066468, -367070.693975183472503 ], [ 11452229.489876091480255, -367069.999305914912838 ], [ 11452218.129722056910396, -367062.340103617461864 ], [ 11452206.270856702700257, -367054.344160137930885 ], [ 11452205.627430049702525, -367053.910410046053585 ], [ 11452198.987222420051694, -367055.804972475743853 ], [ 11452197.79977741651237, -367056.14372126525268 ], [ 11452191.249404614791274, -367058.012637832260225 ], [ 11452191.076859407126904, -367058.061699541751295 ], [ 11452183.790998732671142, -367062.706951407308225 ], [ 11452168.194024881348014, -367072.651983612158801 ], [ 11452161.589439492672682, -367078.169196610280778 ], [ 11452159.073618998751044, -367080.27104520908324 ], [ 11452146.77392846159637, -367090.545015534211416 ], [ 11452143.221723508089781, -367093.512134775519371 ], [ 11452142.936745611950755, -367093.690541047835723 ], [ 11452134.934989295899868, -367098.701527273864485 ], [ 11452126.926887765526772, -367103.716416373150423 ], [ 11452126.580572828650475, -367103.933291516208556 ], [ 11452136.925493113696575, -367124.872616365551949 ], [ 11452138.991582863032818, -367129.056244657374918 ], [ 11452138.964866181835532, -367141.675147909030784 ], [ 11452138.951507845893502, -367147.878113779588602 ], [ 11452138.85799946822226, -367147.940556003479287 ], [ 11452120.22868268750608, -367160.385515180358198 ], [ 11452117.723882826045156, -367160.574068423244171 ], [ 11452117.66499481163919, -367160.57852857990656 ], [ 11452111.355294754728675, -367173.218844187213108 ], [ 11452104.371555179357529, -367177.670529924682342 ], [ 11452087.2692078538239, -367185.284135045076255 ], [ 11452087.229578115046024, -367185.301752676256001 ], [ 11452085.93059097789228, -367185.301752676256001 ], [ 11452078.341162053868175, -367185.301752676256001 ], [ 11452069.45274599082768, -367184.665845303155947 ], [ 11452057.389943331480026, -367182.758011702971999 ], [ 11452054.652819687500596, -367180.01646267529577 ], [ 11452049.462548431009054, -367174.62736270960886 ], [ 11452042.78749780356884, -367167.495455571857747 ], [ 11452040.247966261580586, -367151.596994363993872 ], [ 11452041.454224264249206, -367145.555486032913905 ], [ 11452041.517676373943686, -367145.23758821451338 ], [ 11452044.692174289375544, -367137.606256716419011 ], [ 11452045.087024522945285, -367136.984733627992682 ], [ 11452051.92248653806746, -367126.22560530382907 ], [ 11452055.458216203376651, -367120.660220213409048 ], [ 11452055.390645271167159, -367120.503780177328736 ], [ 11452051.776101404801011, -367112.137750933237839 ], [ 11452051.813170796260238, -367094.71704612596659 ], [ 11452047.495866980403662, -367094.435052715882193 ], [ 11452046.655516153201461, -367094.412863435980398 ], [ 11452046.625014612451196, -367094.390897161618341 ], [ 11452037.112875439226627, -367093.756774372479413 ], [ 11452028.252957168966532, -367093.177957528736442 ], [ 11452028.226351806893945, -367093.176173465908505 ], [ 11452026.915342163294554, -367093.090538462158293 ], [ 11452021.082868767902255, -367089.944789960049093 ], [ 11452018.661781165748835, -367088.638967615377624 ], [ 11452015.525577146559954, -367086.068690929503646 ], [ 11452009.313392963260412, -367080.977533957688138 ], [ 11452004.694302011281252, -367077.192087911418639 ], [ 11451993.901209464296699, -367068.924854384618811 ], [ 11451985.733364462852478, -367056.967511939641554 ], [ 11451983.74341724999249, -367052.391392716148403 ], [ 11451977.221987521275878, -367037.14948273927439 ], [ 11451971.182571183890104, -367019.449472576146945 ], [ 11451971.877204807475209, -367009.320798333617859 ], [ 11451972.253909965977073, -367003.829234634526074 ], [ 11451980.467841228470206, -366982.008606533810962 ], [ 11451980.499901246279478, -366981.986417276435532 ], [ 11451988.919773571193218, -366976.165918722224887 ], [ 11451989.707804247736931, -366975.599925426533446 ], [ 11451993.195666531100869, -366973.094992584432475 ], [ 11451989.767248852178454, -366969.411910696362611 ], [ 11451985.365119591355324, -366964.682811886188574 ], [ 11451980.609550941735506, -366959.573708374344278 ], [ 11451976.500971179455519, -366955.160500190570019 ], [ 11451967.940724972635508, -366945.965675882936921 ], [ 11451967.911670589819551, -366945.934566330222879 ], [ 11451976.797637617215514, -366937.842961014248431 ], [ 11451991.77834677323699, -366924.201591563934926 ], [ 11451992.460289973765612, -366923.58062719006557 ], [ 11451990.792612684890628, -366921.353339847002644 ], [ 11451987.460597682744265, -366916.903336944582406 ], [ 11452073.087216045707464, -366857.802467148983851 ], [ 11452072.873816579580307, -366856.976447871187702 ], [ 11452059.411727922037244, -366804.854398883297108 ], [ 11452059.137102738022804, -366803.79098877630895 ], [ 11452062.298910234123468, -366803.457592931808904 ], [ 11452069.006688788533211, -366802.750436928588897 ], [ 11452065.370548941195011, -366795.98640413308749 ], [ 11452056.631412317976356, -366769.393239993136376 ], [ 11452059.296734884381294, -366768.355030043690931 ], [ 11452137.430104361847043, -366741.900025442067999 ], [ 11452153.099101927131414, -366736.647315601294395 ], [ 11452178.671860631555319, -366727.936100294522475 ], [ 11452192.3033775575459, -366723.292646489280742 ], [ 11452203.903313772752881, -366719.393144518660847 ], [ 11452215.476755956187844, -366715.502451460284647 ], [ 11452204.937917120754719, -366687.505254380113911 ], [ 11452193.208182377740741, -366654.216332190902904 ], [ 11452193.185807162895799, -366654.152663706801832 ], [ 11452106.891271851956844, -366651.074164237186778 ], [ 11452033.715070627629757, -366648.923150733928196 ], [ 11452001.519804095849395, -366647.854724472796079 ], [ 11452001.241060089319944, -366638.50014115072554 ], [ 11452000.378111397847533, -366609.542695915326476 ], [ 11452000.250093983486295, -366605.247026250406634 ], [ 11452028.096108008176088, -366605.86676230689045 ], [ 11452028.820018656551838, -366579.400311558682006 ], [ 11452028.820018656551838, -366536.129306111542974 ], [ 11452028.820018656551838, -366535.294034450373147 ], [ 11451999.564699875190854, -366524.071333523199428 ], [ 11451998.980272553861141, -366523.847211795859039 ], [ 11452007.939710447564721, -366501.112462260469329 ], [ 11452008.478942058980465, -366499.634039697877597 ], [ 11451997.438720241189003, -366478.224734842719045 ], [ 11451936.851306268945336, -366362.87842104700394 ], [ 11451940.12933131121099, -366360.915518993395381 ], [ 11451948.118731163442135, -366356.131363514286932 ], [ 11451952.165194654837251, -366353.708399472467136 ], [ 11451972.508831599727273, -366344.609740686893929 ], [ 11451975.935134205967188, -366343.077352674270514 ], [ 11451976.725391272455454, -366342.723887645814102 ], [ 11451999.68414569273591, -366332.455896164174192 ], [ 11452005.634729072451591, -366329.319200968777295 ], [ 11452055.57443374954164, -366313.312144200026523 ], [ 11452056.772788070142269, -366312.928015898680314 ], [ 11452066.94004244171083, -366309.669113814597949 ], [ 11452084.098940070718527, -366303.367179995635524 ], [ 11452083.896561238914728, -366302.751459734223317 ], [ 11452115.339975925162435, -366293.676555285172071 ], [ 11452134.00279987975955, -366366.876813833485357 ], [ 11452135.50405453145504, -366372.765297410078347 ], [ 11452164.833512088283896, -366487.802980308886617 ], [ 11452166.3892019726336, -366493.904664635367226 ], [ 11452196.569140443578362, -366612.277986656874418 ], [ 11452197.031005010008812, -366614.089471480459906 ], [ 11452197.889834880828857, -366614.157823087181896 ], [ 11452197.940262608230114, -366614.229631302005146 ], [ 11452197.957851091399789, -366614.229631302005146 ], [ 11452197.974437696859241, -366614.278246800007764 ], [ 11452203.374212233349681, -366630.147863164835144 ], [ 11452203.454250950366259, -366630.118426247616298 ], [ 11452203.500448537990451, -366630.253791440918576 ], [ 11452203.663642913103104, -366630.196924678923097 ], [ 11452207.37737244181335, -366628.901254563184921 ], [ 11452208.076347528025508, -366628.657396512979176 ], [ 11452207.996420131996274, -366628.543551488313824 ], [ 11452241.147698450833559, -366615.893708610616159 ], [ 11452230.649825189262629, -366593.577635571127757 ], [ 11452227.6041239220649, -366587.102632352267392 ], [ 11452246.565172789618373, -366582.564443651819602 ], [ 11452264.466460099443793, -366578.279367861687206 ], [ 11452264.183708596974611, -366575.669073263707105 ], [ 11452262.831176780164242, -366563.167312909499742 ], [ 11452384.57239830121398, -366560.070863916364033 ], [ 11452382.872549677267671, -366575.176228244672529 ], [ 11452390.816753817722201, -366575.077324730635155 ], [ 11452407.295823318883777, -366593.417516665882431 ], [ 11452408.591804832220078, -366593.321400716900826 ], [ 11452427.611964350566268, -366591.910101989458781 ], [ 11452443.413543423637748, -366582.865725856157951 ], [ 11452448.408782938495278, -366574.359911869629286 ], [ 11452476.126556912437081, -366574.01469735201681 ], [ 11452494.052891107276082, -366573.791356045694556 ], [ 11452497.940167728811502, -366573.743409585091285 ], [ 11452508.061335830017924, -366569.014550630759913 ], [ 11452518.101240701973438, -366564.323603027849458 ], [ 11452522.978147596120834, -366562.045588848006446 ], [ 11452558.677417738363147, -366552.065144314488862 ], [ 11452578.855188636109233, -366556.486364724929444 ], [ 11452600.395732745528221, -366539.020030729821883 ], [ 11452616.906528299674392, -366537.22571864357451 ], [ 11452647.328475339338183, -366548.195754263724666 ], [ 11452670.654584085568786, -366545.180926152155735 ], [ 11452689.465908231213689, -366540.658684147580061 ], [ 11452697.944557247683406, -366528.419183610996697 ], [ 11452756.663139617070556, -366522.038404521008488 ], [ 11452769.871419835835695, -366520.603133473836351 ], [ 11452772.259000279009342, -366519.753366496006493 ], [ 11452809.713110867887735, -366506.422473677142989 ], [ 11452809.846137663349509, -366506.375084762694314 ], [ 11452822.890889551490545, -366501.732197735924274 ], [ 11452825.318545006215572, -366500.868158475786913 ], [ 11452825.49888257868588, -366500.804601581592578 ], [ 11452825.52559925802052, -366500.79456628090702 ], [ 11452842.577518856152892, -366494.725440548965707 ], [ 11452868.333509447053075, -366485.558753198187333 ], [ 11452898.6702970713377, -366485.87988272763323 ], [ 11453036.215546704828739, -366487.337230982608162 ], [ 11453046.683586340397596, -366498.505180071108043 ], [ 11453047.044595448300242, -366498.890312539529987 ], [ 11453047.4865338280797, -366498.831215782905929 ], [ 11453073.017436403781176, -366499.574608427996282 ], [ 11453075.089092126116157, -366499.658681931323372 ], [ 11453075.156217776238918, -366499.636492770223413 ], [ 11453114.4925183262676, -366486.502517205197364 ], [ 11453134.451435104012489, -366478.505723162437789 ], [ 11453145.334473805502057, -366474.145275155315176 ], [ 11453145.397146673873067, -366474.120186912652571 ], [ 11453151.018892282620072, -366468.645598185248673 ], [ 11453166.718391388654709, -366453.357048454403412 ], [ 11453173.211323324590921, -366447.034032365772873 ], [ 11453185.456244677305222, -366420.903913230635226 ], [ 11453190.339942056685686, -366410.482374583021738 ], [ 11453190.981476282700896, -366409.113337892806157 ], [ 11453200.252942711114883, -366393.635463896032888 ], [ 11453211.842192260548472, -366390.539911655709147 ], [ 11453228.310686407610774, -366388.040567167452537 ], [ 11453237.240958599373698, -366386.685245655535255 ], [ 11453237.338474472984672, -366386.670415727072395 ], [ 11453266.697876973077655, -366386.670415727072395 ], [ 11453272.106223113834858, -366385.89658345998032 ], [ 11453429.092531256377697, -366433.003911350970156 ], [ 11453455.161774884909391, -366440.826534019375686 ], [ 11453455.216210113838315, -366440.842813494848087 ], [ 11453466.251422557979822, -366431.708355030394159 ], [ 11453561.762766424566507, -366352.648673294053879 ], [ 11453583.428322320804, -366354.735343731299508 ], [ 11453703.689439890906215, -366360.0783530959161 ], [ 11453704.006811756640673, -366360.092402494163252 ], [ 11453704.339879674836993, -366360.107232418959029 ], [ 11453966.645892012864351, -366371.760988134541549 ], [ 11453966.647339163348079, -366372.014880910166539 ], [ 11453966.886119477450848, -366412.426656471972819 ], [ 11453967.302565693855286, -366502.496999040653463 ], [ 11453967.418560596182942, -366502.54260390001582 ], [ 11453969.789999712258577, -366503.47466019919375 ], [ 11453982.062416972592473, -366508.29795968811959 ], [ 11453997.093887817114592, -366514.136162752110977 ], [ 11454002.975675752386451, -366516.432797006738838 ], [ 11454013.002890205010772, -366520.348125330870971 ], [ 11454070.949026620015502, -366557.495024300180376 ], [ 11454152.846442041918635, -366641.075425133865792 ], [ 11454199.203328907489777, -366726.977615771116689 ], [ 11454214.692768136039376, -366777.491634760983288 ], [ 11454204.091924345120788, -366781.280415690212976 ], [ 11454203.881307868286967, -366781.355680626351386 ], [ 11454130.482801616191864, -366847.910641449911054 ], [ 11454084.942999808117747, -366894.43823444028385 ], [ 11454068.202440824359655, -366911.541791174968239 ], [ 11454053.221175072714686, -366926.847910059790593 ], [ 11454003.001056592911482, -366985.663924386841245 ], [ 11453999.018824450671673, -366988.513069787994027 ], [ 11453954.428466577082872, -367020.416099408059381 ], [ 11453943.509694322943687, -367028.228170593618415 ], [ 11453887.881341027095914, -367060.731771559745539 ], [ 11453862.779686406254768, -367070.230341982794926 ], [ 11453852.762935983017087, -367073.926807683077641 ], [ 11453794.206100840121508, -367083.594976681109983 ], [ 11453755.334113892167807, -367084.446086019801442 ], [ 11453734.903313791379333, -367084.722615720005706 ], [ 11453721.96442673355341, -367103.019516817410477 ], [ 11453695.11527874879539, -367140.987056930141989 ], [ 11453672.266507986932993, -367172.864818989357445 ], [ 11453554.938881635665894, -367332.985122506332118 ], [ 11453546.384980648756027, -367343.978095134603791 ], [ 11453442.907280061393976, -367400.649658317735884 ], [ 11453361.91912224330008, -367435.545915377151687 ], [ 11453337.005931526422501, -367446.132688105979469 ], [ 11453332.277413513511419, -367448.317948876472656 ], [ 11453328.325794231146574, -367450.020619177899789 ], [ 11453181.612160015851259, -367516.409282212262042 ], [ 11453005.291994038969278, -367599.327177114493679 ], [ 11453004.976514598354697, -367599.475589509878773 ], [ 11453001.308092098683119, -367599.958180672547314 ], [ 11452999.712661158293486, -367600.168143509014044 ], [ 11452970.286800924688578, -367604.039577332849149 ], [ 11452959.428920427337289, -367605.468172124354169 ], [ 11452959.04809645190835, -367605.518237617972773 ], [ 11452950.508333031088114, -367605.5652924857568 ], [ 11452941.301988504827023, -367605.61591550213052 ], [ 11452930.571012232452631, -367605.61591550213052 ], [ 11452925.419591479003429, -367605.703334979305509 ], [ 11452903.096916623413563, -367605.826212865358684 ], [ 11452899.963718239217997, -367605.784956223738845 ], [ 11452839.360608212649822, -367599.395083308801986 ], [ 11452818.201444685459137, -367597.616587705851998 ], [ 11452810.07924067415297, -367596.914444335678127 ], [ 11452794.1530950833112, -367595.46421779692173 ], [ 11452788.377728581428528, -367594.018005431978963 ], [ 11452782.985523767769337, -367592.381232030573301 ], [ 11452787.268429856747389, -367585.229896250646561 ], [ 11452790.343074195086956, -367580.095118131837808 ], [ 11452791.067764079198241, -367577.561738013231661 ], [ 11452793.42217130959034, -367569.331598140415736 ], [ 11452795.634089589118958, -367561.600998540001456 ], [ 11452798.714299900457263, -367550.834135211189277 ], [ 11452798.788883959874511, -367515.280969757644925 ], [ 11452802.051658235490322, -367508.747930499899667 ], [ 11452804.924146378412843, -367502.99553343950538 ], [ 11452805.048378925770521, -367502.746767278760672 ], [ 11452807.703348780050874, -367500.350539246515837 ], [ 11452809.567950256168842, -367498.669053997902665 ], [ 11452810.107849784195423, -367498.181780093407724 ], [ 11452810.432902695611119, -367497.888523712696042 ], [ 11452812.196314748376608, -367496.297468508651946 ], [ 11452825.606194570660591, -367484.02062012499664 ], [ 11452846.358485361561179, -367477.736237304692622 ], [ 11452846.495853615924716, -367477.784630174632184 ], [ 11452856.936731291934848, -367481.462265229376499 ], [ 11452875.636847274377942, -367488.049047960841563 ], [ 11452886.970729909837246, -367483.428755238186568 ], [ 11452889.471744909882545, -367482.409271328418981 ], [ 11452889.487886236980557, -367482.348724488401785 ], [ 11452894.136922132223845, -367464.845336841710377 ], [ 11452879.819454506039619, -367433.745790571265388 ], [ 11452883.841205066069961, -367404.418835782154929 ], [ 11452898.158672692254186, -367396.361986336181872 ], [ 11452903.628244552761316, -367388.788508240249939 ], [ 11452901.697853265330195, -367387.177160834544338 ], [ 11452901.648872688412666, -367386.93006749189226 ], [ 11452900.069026477634907, -367385.695715855166782 ], [ 11452885.932007741183043, -367374.650666627334431 ], [ 11452884.349823821336031, -367373.414419556909706 ], [ 11452857.301747908815742, -367352.279580946953502 ], [ 11452815.810747297480702, -367325.003432047495153 ], [ 11452792.379107683897018, -367317.57614076603204 ], [ 11452782.594124438241124, -367314.475210562639404 ], [ 11452769.0342972651124, -367308.59002215671353 ], [ 11452739.009204206988215, -367295.559649705479387 ], [ 11452729.141844542697072, -367290.566495239152573 ], [ 11452722.407015355303884, -367287.158929482626263 ], [ 11452713.159705251455307, -367287.138858738937415 ], [ 11452703.710906870663166, -367287.11878800165141 ], [ 11452695.387548547238111, -367293.375283982604742 ], [ 11452690.198947079479694, -367297.998244879825506 ], [ 11452676.655817829072475, -367310.065221876720898 ], [ 11452670.588905584067106, -367330.842904615565203 ], [ 11452662.008399229496717, -367360.227599106205162 ], [ 11452656.30661491304636, -367366.894434646936134 ], [ 11452649.512786390259862, -367374.840223774546757 ], [ 11452626.647762978449464, -367381.065503521764185 ], [ 11452604.735634416341782, -367377.00563539180439 ], [ 11452603.806116666644812, -367376.832803871948272 ], [ 11452568.546781150624156, -367349.57002943061525 ], [ 11452556.140223905444145, -367322.355208484048489 ], [ 11452554.518298923969269, -367317.422265045635868 ], [ 11452552.012497184798121, -367309.798726988607086 ], [ 11452549.933049097657204, -367293.844716326100752 ], [ 11452547.923732290044427, -367278.419237408495974 ], [ 11452547.963807305321097, -367259.597346138732973 ], [ 11452564.62276910059154, -367240.811139361583628 ], [ 11452579.127698753029108, -367239.51434707606677 ], [ 11452587.477773757651448, -367238.768384877708741 ], [ 11452598.949247283861041, -367246.020609487604816 ], [ 11452604.075509833171964, -367249.260917873645667 ], [ 11452614.891311552375555, -367248.294177544536069 ], [ 11452626.931627685204148, -367247.218163227720652 ], [ 11452627.076343024149537, -367247.017455901543144 ], [ 11452643.59949503839016, -367224.249441549007315 ], [ 11452642.652166172862053, -367217.476685748260934 ], [ 11452641.552329605445266, -367209.605615603446495 ], [ 11452631.209635717794299, -367188.66961987526156 ], [ 11452630.054139398038387, -367186.459610333782621 ], [ 11452619.646880205720663, -367166.567296340828761 ], [ 11452612.588111294433475, -367153.07642914011376 ], [ 11452610.673972651362419, -367147.644401451165322 ], [ 11452609.455358183011413, -367144.185882765625138 ], [ 11452602.263228520750999, -367123.775417498021852 ], [ 11452598.915740115568042, -367119.036053746414836 ], [ 11452591.907176297158003, -367109.113764186389744 ], [ 11452578.429725542664528, -367100.02619390381733 ], [ 11452573.236671296879649, -367096.524970702477731 ], [ 11452571.504540026187897, -367095.997557153401431 ], [ 11452552.476699462160468, -367090.207158674427774 ], [ 11452537.499775173142552, -367089.015181823284365 ], [ 11452525.475043775513768, -367088.057363204716239 ], [ 11452519.95804981328547, -367089.214773829909973 ], [ 11452498.287484535947442, -367093.75855843530735 ], [ 11452485.986680801957846, -367096.338759151287377 ], [ 11452464.152809837833047, -367112.751022589742206 ], [ 11452452.695473888888955, -367121.3635871039005 ], [ 11452444.294191917404532, -367132.590920074027963 ] ] ] ] } },
{ "type": "Feature", "properties": { "fid": 40137, "kdkab": "74", "kdkec": "011", "nmkab": "LUBUKLINGGAU", "nmkec": "LUBUK LINGGAU BARAT I", "kddesa": "002", "kdprov": "16", "nmdesa": "WATAS LUBUK DURIAN", "nmprov": "SUMATERA SELATAN", "iddesa": "1674011002" }, "geometry": { "type": "MultiPolygon", "coordinates": [ [ [ [ 11447074.814026916399598, -371161.696417709463276 ], [ 11447074.843081299215555, -371161.836806318198796 ], [ 11447085.211712632328272, -371174.113952667743433 ], [ 11447107.37163838557899, -371201.323702645837329 ], [ 11447120.953506819903851, -371227.817465872853063 ], [ 11447138.109510142356157, -371254.311123991035856 ], [ 11447148.117243684828281, -371280.088906180928461 ], [ 11447164.558464562520385, -371304.434483411721885 ], [ 11447173.851304328069091, -371320.903573106508702 ], [ 11447184.573820320889354, -371335.940565352968406 ], [ 11447203.874393636360765, -371350.977559661143459 ], [ 11447221.745290730148554, -371367.446656344865914 ], [ 11447179.570009212940931, -371357.422066072060261 ], [ 11447154.55073101632297, -371350.977559661143459 ], [ 11447101.458903631195426, -371344.723509663541336 ], [ 11447101.461018703877926, -371344.45912367728306 ], [ 11447093.386570755392313, -371343.016987928829622 ], [ 11446514.885671146214008, -371470.187385585391894 ], [ 11446412.85133907571435, -371492.617291263537481 ], [ 11446331.406326070427895, -371481.271315534017049 ], [ 11446183.264908075332642, -371471.558269172848668 ], [ 11446181.316928302869201, -371473.246840063773561 ], [ 11446181.216072840616107, -371473.334374115976971 ], [ 11446161.034851036965847, -371495.167153113987297 ], [ 11446085.15325222350657, -371480.61196663219016 ], [ 11446008.464364456012845, -371453.927463092491962 ], [ 11445959.914706258103251, -371432.126918208552524 ], [ 11445938.233454314991832, -371422.391240015567746 ], [ 11445872.03887758590281, -371381.960235228179954 ], [ 11445861.544677874073386, -371369.830925546819344 ], [ 11445842.170633690431714, -371354.467209544673096 ], [ 11445813.916856374591589, -371342.337902904022485 ], [ 11445756.602012790739536, -371323.739672496449202 ], [ 11445704.432467384263873, -371308.933280840341467 ], [ 11445704.419776963070035, -371308.981675392133184 ], [ 11445620.544102877378464, -371300.710890971357003 ], [ 11445406.176159454509616, -371363.866907389368862 ], [ 11445103.538539003580809, -371641.755818948266096 ], [ 11444914.390026224777102, -371528.074058404541574 ], [ 11444788.291759831830859, -371313.342537377553526 ], [ 11444682.355011697858572, -371043.229681204480585 ], [ 11444649.582108326256275, -370959.667023400834296 ], [ 11444346.945601077750325, -370631.25578317878535 ], [ 11444033.76936442963779, -370400.105456369637977 ], [ 11443867.76973975636065, -370277.583580612321384 ], [ 11443514.692144835367799, -369911.281028599478304 ], [ 11443490.741199795156717, -369852.802214984665625 ], [ 11443433.52910409681499, -369713.112728025764227 ], [ 11443312.93447332829237, -369418.668673214502633 ], [ 11443199.445365663617849, -368825.010925728129223 ], [ 11443200.103709129616618, -368794.018934549007099 ], [ 11443200.525387363508344, -368774.166473628021777 ], [ 11443201.86099861189723, -368711.289703572983854 ], [ 11443212.054524382576346, -368231.356369925022591 ], [ 11443158.691077444702387, -368033.384434858046006 ], [ 11442871.588314574211836, -366968.273233962710947 ], [ 11442613.16646190546453, -366413.5967714227736 ], [ 11442606.780396683141589, -366399.889679457293823 ], [ 11442445.657122304663062, -366266.98104002897162 ], [ 11442392.412453260272741, -366223.060204953420907 ], [ 11442368.466628914698958, -366221.238579725613818 ], [ 11441560.235807470977306, -366159.753254176641349 ], [ 11441396.231028070673347, -366147.276071245316416 ], [ 11441279.918301520869136, -366074.460976745467633 ], [ 11441211.104599814862013, -366031.381618223094847 ], [ 11441194.473356572911143, -366020.970039829146117 ], [ 11440983.566336117684841, -365598.4620413533994 ], [ 11441090.519876483827829, -365571.798471045738552 ], [ 11441169.906258150935173, -365552.006798131915275 ], [ 11441216.898556670174003, -365517.309829702251591 ], [ 11441245.992016909644008, -365495.828571854333859 ], [ 11441365.162871386855841, -365407.838783589075319 ], [ 11441437.255600014701486, -365284.053538397070952 ], [ 11441452.662217542529106, -365289.846072882413864 ], [ 11441452.685594635084271, -365289.853878030029591 ], [ 11441452.930497514083982, -365289.938619631459005 ], [ 11441461.665737956762314, -365198.316258056031074 ], [ 11441466.22872388549149, -365150.457371780124959 ], [ 11441484.408755205571651, -365112.040043285524007 ], [ 11441574.30770430341363, -364922.069233327871189 ], [ 11441592.795645331963897, -364908.173887007578742 ], [ 11441622.198462435975671, -364886.076476559217554 ], [ 11441791.144714027643204, -364775.688837886380497 ], [ 11441940.193719832226634, -364843.713306626537815 ], [ 11442187.212560459971428, -364952.062091146362945 ], [ 11442493.1607112493366, -365073.348098859074526 ], [ 11442844.314928011968732, -365230.211526619910728 ], [ 11443089.719302063807845, -365356.349296429893002 ], [ 11443405.354474937543273, -365575.473589963454287 ], [ 11443640.264537952840328, -365761.44647328578867 ], [ 11443878.403534114360809, -366030.70356937305769 ], [ 11444064.87859801016748, -366331.496077016112395 ], [ 11444146.410885497927666, -366571.645473197859246 ], [ 11444217.448973266407847, -366816.646911779302172 ], [ 11444304.632172068580985, -367055.180104726459831 ], [ 11444386.164459558203816, -367300.991238627582788 ], [ 11444467.696858365088701, -367564.591880819411017 ], [ 11444543.578457178547978, -367836.279133722768165 ], [ 11444618.652767047286034, -368124.947472876228858 ], [ 11444680.811121676117182, -368358.632003086386248 ], [ 11445002.904383493587375, -369053.219655417546164 ], [ 11445228.127424417063594, -369469.650909605319612 ], [ 11445387.155888618901372, -369721.127596912323497 ], [ 11445611.571640595793724, -369966.136013155686669 ], [ 11445805.311859736219049, -370167.47993157239398 ], [ 11446014.389900956302881, -370385.80509760172572 ], [ 11446095.922299761325121, -370458.580323602480348 ], [ 11446119.332566037774086, -370460.197514223633334 ], [ 11446141.935654681175947, -370462.623355953197461 ], [ 11446172.61118752323091, -370482.838742974738125 ], [ 11446282.397252332419157, -370534.589981186843943 ], [ 11446329.609406849369407, -370557.90283442963846 ], [ 11446329.959061367437243, -370558.075447911629453 ], [ 11446454.341783089563251, -370619.494419620838016 ], [ 11446629.515246994793415, -370725.422896658536047 ], [ 11446656.961846688762307, -370743.212484040705021 ], [ 11446677.950357438996434, -370770.705356604303233 ], [ 11446698.938868196681142, -370801.432850331242662 ], [ 11446726.3853565659374, -370847.523884030350018 ], [ 11446741.723178649321198, -370884.720186585618649 ], [ 11446807.91775537095964, -371023.802328825287987 ], [ 11446875.726798675954342, -371056.146981269179378 ], [ 11446956.45190853625536, -371077.979677239141893 ], [ 11447004.079730033874512, -371093.343466022226494 ], [ 11447042.827818386256695, -371126.496794938750099 ], [ 11447060.366204164922237, -371145.797157867695205 ], [ 11447074.814026916399598, -371161.696417709463276 ] ] ] ] } },
{ "type": "Feature", "properties": { "fid": 40478, "kdkab": "74", "kdkec": "041", "nmkab": "LUBUKLINGGAU", "nmkec": "LUBUK LINGGAU UTARA I", "kddesa": "004", "kdprov": "16", "nmdesa": "BELALAU I", "nmprov": "SUMATERA SELATAN", "iddesa": "1674041004" }, "geometry": { "type": "MultiPolygon", "coordinates": [ [ [ [ 11449671.716741627082229, -362549.546600634173956 ], [ 11449672.003166677430272, -362549.846645462093875 ], [ 11449671.701713496819139, -362549.958813837787602 ], [ 11449669.916371507570148, -362550.622904155461583 ], [ 11449661.331412376835942, -362553.81624647375429 ], [ 11449518.994637902826071, -362603.941251856391318 ], [ 11449508.337689092382789, -362607.736915651767049 ], [ 11449459.602461298927665, -362624.856540635053534 ], [ 11448684.082760907709599, -362897.958062392717693 ], [ 11448617.352292153984308, -362921.50736450596014 ], [ 11448616.10540253482759, -362921.896498630347196 ], [ 11448563.795037975534797, -362940.317708311253227 ], [ 11448546.414057960733771, -362946.802312013984192 ], [ 11448411.91495487652719, -362993.981667551386636 ], [ 11448404.025965208187699, -362996.580951419076882 ], [ 11448396.6796580478549, -362999.167970362643246 ], [ 11448391.588015861809254, -363000.679016027715988 ], [ 11448390.349697843194008, -363001.086993894772604 ], [ 11448133.269245039671659, -363077.540222370880656 ], [ 11448042.184409407898784, -363104.540485001693014 ], [ 11447880.445092970505357, -363152.572547215386294 ], [ 11447854.816451884806156, -363159.974362076958641 ], [ 11447820.019871490076184, -363170.300822297576815 ], [ 11447538.30508329346776, -363253.904108520597219 ], [ 11447299.186364289373159, -363324.844941789400764 ], [ 11447262.022352293133736, -363338.124610494065564 ], [ 11447122.37873025983572, -363387.985264763643499 ], [ 11447030.123815461993217, -363420.926892609219067 ], [ 11447030.052570983767509, -363420.95253766712267 ], [ 11447029.904516063630581, -363421.004942780069541 ], [ 11447028.035795772448182, -363421.672383257304318 ], [ 11447025.544576885178685, -363363.447750021121465 ], [ 11447023.881018416956067, -363341.487455479626078 ], [ 11447060.649957546964288, -363205.035083660448436 ], [ 11447112.348844137042761, -363013.176809455850162 ], [ 11447174.551949203014374, -362609.30950373376254 ], [ 11447181.325740220025182, -362565.330788479128387 ], [ 11447186.6183140873909, -362530.96634547796566 ], [ 11447246.98976825363934, -362138.977978046226781 ], [ 11447247.047654390335083, -362112.049864370608702 ], [ 11447315.900985835120082, -362009.34042715060059 ], [ 11447423.137277703732252, -361849.37314907455584 ], [ 11447580.386077206581831, -361728.582227724837139 ], [ 11447587.418797355145216, -361723.180010830925312 ], [ 11447731.945337533950806, -361612.161060173297301 ], [ 11447979.75699557363987, -361529.594257672026288 ], [ 11448158.892320152372122, -361469.909196537337266 ], [ 11448199.866798330098391, -361456.257344294863287 ], [ 11448231.885623460635543, -361445.589187793957535 ], [ 11448268.083382287994027, -361436.359360070666298 ], [ 11448323.529616897925735, -361422.220933466334827 ], [ 11448325.259299147874117, -361421.779957843129523 ], [ 11448325.422716159373522, -361421.738257490331307 ], [ 11448325.614964917302132, -361421.689198254083749 ], [ 11448337.599843936040998, -361431.800530119682662 ], [ 11448388.195220416411757, -361474.48664824833395 ], [ 11448410.571551263332367, -361493.365098450798541 ], [ 11448449.169692264869809, -361525.929417840612587 ], [ 11448456.061815895140171, -361531.744169242330827 ], [ 11448475.856425108388066, -361548.444508011627477 ], [ 11448574.109901992604136, -361631.338683837268036 ], [ 11448618.576361268758774, -361668.854022716521285 ], [ 11448675.703408876433969, -361717.050935115199536 ], [ 11448714.697401985526085, -361749.949368957604747 ], [ 11448730.792307924479246, -361763.611068676458672 ], [ 11448743.919992834329605, -361774.761821292515378 ], [ 11448743.961069721728563, -361774.796720362675842 ], [ 11448796.571774268522859, -361781.327082745381631 ], [ 11448818.966361507773399, -361784.059690918365959 ], [ 11448864.125339340418577, -361789.742106778663583 ], [ 11448895.725157916545868, -361793.870455007185228 ], [ 11448934.219771787524223, -361798.596770562347956 ], [ 11449061.909127660095692, -361955.079973692714702 ], [ 11449336.763406964018941, -362232.633809172548354 ], [ 11449458.6190649215132, -362339.074770055769477 ], [ 11449458.847715154290199, -362339.274465070222504 ], [ 11449458.833577575162053, -362339.355190465983469 ], [ 11449487.488216385245323, -362364.291982929513324 ], [ 11449502.106023997068405, -362377.01326144504128 ], [ 11449504.404103567823768, -362377.284093024267349 ], [ 11449504.517872085794806, -362377.297472927195486 ], [ 11449517.82945679500699, -362390.214991542685311 ], [ 11449519.408857733011246, -362391.755910799140111 ], [ 11449529.002037484198809, -362401.114933005010244 ], [ 11449529.051685977727175, -362401.114933005010244 ], [ 11449537.664586303755641, -362409.54494431061903 ], [ 11449543.997886089608073, -362415.743744789331686 ], [ 11449671.716741627082229, -362549.546600634173956 ] ] ] ] } },
{ "type": "Feature", "properties": { "fid": 40731, "kdkab": "74", "kdkec": "032", "nmkab": "LUBUKLINGGAU", "nmkec": "LUBUK LINGGAU TIMUR II", "kddesa": "005", "kdprov": "16", "nmdesa": "JAWA KIRI", "nmprov": "SUMATERA SELATAN", "iddesa": "1674032005" }, "geometry": { "type": "MultiPolygon", "coordinates": [ [ [ [ 11451332.694492289796472, -366978.744555647950619 ], [ 11451332.824736086651683, -366978.914041430747602 ], [ 11451332.979470182210207, -366979.116978349687997 ], [ 11451326.970444075763226, -366983.131115362397395 ], [ 11451309.158657632768154, -366993.208606964384671 ], [ 11451233.584077965468168, -366926.414606482780073 ], [ 11451242.262768110260367, -366915.091735672031064 ], [ 11451280.398933220654726, -366865.336325177515391 ], [ 11451304.919054822996259, -366826.606082895305008 ], [ 11451311.951552331447601, -366815.49797827238217 ], [ 11451350.054544238373637, -366755.313013155537192 ], [ 11451349.012037208303809, -366754.669637509505264 ], [ 11451378.639051767066121, -366706.051634904637467 ], [ 11451380.510332405567169, -366703.357152143958956 ], [ 11451383.6903962995857, -366698.77825990767451 ], [ 11451391.895644646137953, -366686.963793328788597 ], [ 11451412.563666587695479, -366657.204290915455204 ], [ 11451454.94099297747016, -366629.097277631692123 ], [ 11451455.643975561484694, -366628.63108169764746 ], [ 11451460.622628469020128, -366634.106347328226548 ], [ 11451484.783633388578892, -366616.990010433888528 ], [ 11451487.880541622638702, -366614.795622749254107 ], [ 11451538.311610538512468, -366591.273975004907697 ], [ 11451540.439482603222132, -366590.123036770208273 ], [ 11451555.647394843399525, -366581.897653291816823 ], [ 11451566.96858705021441, -366575.773886459181085 ], [ 11451572.601353287696838, -366572.667401813843753 ], [ 11451573.285968152806163, -366572.289405301213264 ], [ 11451573.808056568726897, -366572.001726541784592 ], [ 11451580.17686727643013, -366568.488589135580696 ], [ 11451584.216651594266295, -366566.260193873720709 ], [ 11451606.518175741657615, -366553.958248633192852 ], [ 11451624.238680204376578, -366544.586055688501801 ], [ 11451624.935985492542386, -366544.217314054432791 ], [ 11451634.725421514362097, -366539.039543821010739 ], [ 11451647.737556794658303, -366532.157110519474372 ], [ 11451657.528106005862355, -366526.978894832893275 ], [ 11451667.533501841127872, -366521.349090846139006 ], [ 11451750.384146051481366, -366474.730667466646992 ], [ 11451767.223445428535342, -366465.156994764343835 ], [ 11451767.226785017177463, -366465.154764696839266 ], [ 11451775.648772409185767, -366460.366479114978574 ], [ 11451778.877816881984472, -366458.530689079547301 ], [ 11451799.047461461275816, -366447.063357726146933 ], [ 11451808.02203880995512, -366441.960968227940612 ], [ 11451808.101075647398829, -366442.071356458589435 ], [ 11451811.118835721164942, -366440.151493267039768 ], [ 11451840.165653090924025, -366421.671947570634075 ], [ 11451844.502660451456904, -366418.912688330456149 ], [ 11451860.585989166051149, -366408.680593852244783 ], [ 11451860.666139198467135, -366408.6304174028337 ], [ 11451863.115167997777462, -366407.072717269766144 ], [ 11451864.177155939862132, -366406.39700770372292 ], [ 11451892.206290524452925, -366389.612427937798202 ], [ 11451892.20963010750711, -366389.610197871807031 ], [ 11451936.851306268945336, -366362.87842104700394 ], [ 11451997.438720241189003, -366478.224734842719045 ], [ 11452008.478942058980465, -366499.634039697877597 ], [ 11452007.939710447564721, -366501.112462260469329 ], [ 11451998.980272553861141, -366523.847211795859039 ], [ 11451999.564699875190854, -366524.071333523199428 ], [ 11452028.820018656551838, -366535.294034450373147 ], [ 11452028.820018656551838, -366536.129306111542974 ], [ 11452028.820018656551838, -366579.400311558682006 ], [ 11452028.096108008176088, -366605.86676230689045 ], [ 11452000.250093983486295, -366605.247026250406634 ], [ 11452000.378111397847533, -366609.542695915326476 ], [ 11452001.241060089319944, -366638.50014115072554 ], [ 11452001.519804095849395, -366647.854724472796079 ], [ 11452033.715070627629757, -366648.923150733928196 ], [ 11452106.891271851956844, -366651.074164237186778 ], [ 11452193.185807162895799, -366654.152663706801832 ], [ 11452193.208182377740741, -366654.216332190902904 ], [ 11452204.937917120754719, -366687.505254380113911 ], [ 11452215.476755956187844, -366715.502451460284647 ], [ 11452203.903313772752881, -366719.393144518660847 ], [ 11452192.3033775575459, -366723.292646489280742 ], [ 11452178.671860631555319, -366727.936100294522475 ], [ 11452153.099101927131414, -366736.647315601294395 ], [ 11452137.430104361847043, -366741.900025442067999 ], [ 11452059.296734884381294, -366768.355030043690931 ], [ 11452056.631412317976356, -366769.393239993136376 ], [ 11452048.556519096717238, -366744.821418895677198 ], [ 11452030.407100634649396, -366689.592934633023106 ], [ 11451849.96221356280148, -366691.614716347598005 ], [ 11451836.686028450727463, -366691.763462041853927 ], [ 11451831.148329062387347, -366691.825457993603777 ], [ 11451830.430763626471162, -366691.833486244198866 ], [ 11451830.414510974660516, -366693.412933553860057 ], [ 11451826.076947016641498, -366694.174391069856938 ], [ 11451738.117962684482336, -366709.615399269096088 ], [ 11451639.422770064324141, -366739.793165593000595 ], [ 11451490.404043162241578, -366789.225159342284314 ], [ 11451489.919024139642715, -366788.347068393370137 ], [ 11451458.925896789878607, -366798.254945302032866 ], [ 11451460.212193507701159, -366800.187637603317853 ], [ 11451461.756974082440138, -366802.508585566014517 ], [ 11451502.126319501549006, -366873.753181502688676 ], [ 11451502.000751117244363, -366873.826662435836624 ], [ 11451498.286353664472699, -366875.999981034605298 ], [ 11451466.628537634387612, -366894.523534783103969 ], [ 11451442.783568749204278, -366908.474880961468443 ], [ 11451441.464766742661595, -366909.246486792690121 ], [ 11451424.574371727183461, -366920.038599185994826 ], [ 11451414.719257203862071, -366926.33555032289587 ], [ 11451332.81583053432405, -366978.667618025967386 ], [ 11451332.694492289796472, -366978.744555647950619 ] ] ] ] } },
{ "type": "Feature", "properties": { "fid": 40366, "kdkab": "74", "kdkec": "022", "nmkab": "LUBUKLINGGAU", "nmkec": "LUBUK LINGGAU SELATAN II", "kddesa": "004", "kdprov": "16", "nmdesa": "MARGA RAHAYU", "nmprov": "SUMATERA SELATAN", "iddesa": "1674022004" }, "geometry": { "type": "MultiPolygon", "coordinates": [ [ [ [ 11457482.311444886028767, -364592.9349716505385 ], [ 11457461.897231390699744, -364593.281518044590484 ], [ 11457446.085188278928399, -364593.550013450905681 ], [ 11457421.607590723782778, -364593.965579228184652 ], [ 11457358.845995776355267, -364589.84326048794901 ], [ 11457330.813410283997655, -364575.804118711675983 ], [ 11457330.408207338303328, -364578.375340954400599 ], [ 11457323.012251688167453, -364573.321205630374607 ], [ 11457321.047462673857808, -364571.978505848150235 ], [ 11457248.221695199608803, -364522.21254612802295 ], [ 11457244.640435861423612, -364519.765203169779852 ], [ 11457244.578430904075503, -364519.709006492514163 ], [ 11457183.824594294652343, -364464.651441899128258 ], [ 11457179.821100126951933, -364461.0233016096754 ], [ 11457150.612312892451882, -364428.663961616461165 ], [ 11457112.567429762333632, -364386.515270506206434 ], [ 11457112.684203905984759, -364386.327502467611339 ], [ 11457110.209015026688576, -364383.805456675530877 ], [ 11457110.023779397830367, -364383.616685134824365 ], [ 11457101.155957438051701, -364374.581296838412527 ], [ 11457088.51618585921824, -364361.70257492311066 ], [ 11457066.64435494504869, -364339.417504637676757 ], [ 11456971.596545441076159, -364281.067289747123141 ], [ 11456970.732706191018224, -364282.242399878567085 ], [ 11456965.233189387246966, -364278.569999572529923 ], [ 11456962.045889725908637, -364276.441666589700617 ], [ 11456932.890201898291707, -364256.972907521470916 ], [ 11456881.446236934512854, -364179.681055373745039 ], [ 11456846.650992378592491, -364146.136095519643277 ], [ 11456825.610829379409552, -364125.851952699187677 ], [ 11456822.57959964685142, -364122.929735888144933 ], [ 11456818.345006216317415, -364118.847240353759844 ], [ 11456799.870089570060372, -364101.036081433005165 ], [ 11456799.688193520531058, -364098.757894591370132 ], [ 11456776.762055709958076, -364088.247260753531009 ], [ 11456770.857002, -364085.54001867712941 ], [ 11456851.094309853389859, -363996.242210685100872 ], [ 11456863.044123228639364, -363968.883815592096653 ], [ 11456863.208430800586939, -363968.507500420149881 ], [ 11456872.700755098834634, -363946.775552303704899 ], [ 11456879.902903515845537, -363915.858957671618555 ], [ 11456879.780786035582423, -363913.177810941764619 ], [ 11456867.556347468867898, -363644.823624367942102 ], [ 11456818.655587596818805, -363586.846852073969785 ], [ 11456842.651839669793844, -363582.542044281377457 ], [ 11456842.626124866306782, -363582.501792635419406 ], [ 11456842.54185601696372, -363582.369776155625004 ], [ 11456842.235616097226739, -363581.967928687459789 ], [ 11456840.939857222139835, -363580.267547505383845 ], [ 11456841.355078922584653, -363580.104756912391167 ], [ 11456841.594972426071763, -363580.010762070363853 ], [ 11456842.000731967389584, -363579.851650996599346 ], [ 11456865.613822357729077, -363570.825693642487749 ], [ 11456882.997474040836096, -363564.181385284930002 ], [ 11456939.06130918674171, -363514.666303663456347 ], [ 11456950.237786063924432, -363499.029497168550733 ], [ 11456992.811925318092108, -363439.46492504933849 ], [ 11456992.903207298368216, -363439.956641213735566 ], [ 11456994.12326891720295, -363446.506166973907966 ], [ 11457027.014838865026832, -363408.646256183914375 ], [ 11457030.22061756066978, -363404.956156007596292 ], [ 11457070.565250044688582, -363358.516877281304915 ], [ 11457094.270401660352945, -363329.161447194288485 ], [ 11457102.20670211315155, -363319.333489489683416 ], [ 11457107.845702242106199, -363312.350235628313385 ], [ 11457129.519384458661079, -363285.510371619195212 ], [ 11457156.547311544418335, -363252.039827198372222 ], [ 11457179.922178225591779, -363224.857226477062795 ], [ 11457198.689531175419688, -363203.033323617244605 ], [ 11457330.61025220900774, -363151.900090843613725 ], [ 11457359.20555773191154, -363140.816324533661827 ], [ 11457365.296514986082911, -363138.455647247785237 ], [ 11457370.313016518950462, -363136.511310875241179 ], [ 11457385.499221451580524, -363130.624112976598553 ], [ 11457400.33031721226871, -363132.078072428994346 ], [ 11457420.806424349546432, -363134.083956704940647 ], [ 11457436.654980251565576, -363146.336688056297135 ], [ 11457449.349854985252023, -363156.150916103855707 ], [ 11457463.01432248018682, -363170.370509793923702 ], [ 11457465.685990259051323, -363173.15131974912947 ], [ 11457469.913904519751668, -363177.551109822990838 ], [ 11457506.403320403769612, -363215.522442594345193 ], [ 11457579.989956598728895, -363249.379881370405201 ], [ 11457598.806290127336979, -363258.037416559993289 ], [ 11457635.788851359859109, -363264.885751928784885 ], [ 11457686.286711966618896, -363241.290105194901116 ], [ 11457686.303409891203046, -363241.290105194901116 ], [ 11457692.91244805790484, -363241.616800391930155 ], [ 11457717.322808641940355, -363242.818994128378108 ], [ 11457720.538828730583191, -363242.977435723936651 ], [ 11457728.318725302815437, -363243.3606614653836 ], [ 11457774.805410696193576, -363245.650984410720412 ], [ 11457792.114812279120088, -363246.503848461841699 ], [ 11457793.900376910343766, -363246.591933519404847 ], [ 11457812.372733211144805, -363248.523114798066672 ], [ 11457885.311489969491959, -363256.151281156053301 ], [ 11457889.282590167596936, -363256.553350453614257 ], [ 11457889.288378782570362, -363256.570521462184843 ], [ 11457893.639968993142247, -363256.879153691115789 ], [ 11457960.598308751359582, -363258.743992594827432 ], [ 11457979.104394856840372, -363259.193337932054419 ], [ 11457978.763423254713416, -363260.845211710431613 ], [ 11457976.91162352450192, -363269.817847050551791 ], [ 11457972.241993525996804, -363292.444006254721899 ], [ 11457937.307933563366532, -363457.260145670094062 ], [ 11457937.240362633019686, -363457.805939554586075 ], [ 11457937.091528479009867, -363459.008916109974962 ], [ 11457932.293769741430879, -363497.789502075058408 ], [ 11457930.831588232889771, -363509.936459369608201 ], [ 11457929.908304370939732, -363517.070585501613095 ], [ 11457919.525980746373534, -363597.292322579945903 ], [ 11457922.397244367748499, -363630.185509271628689 ], [ 11457926.912140280008316, -363688.974473732872866 ], [ 11457929.323543086647987, -363720.372465046821162 ], [ 11457932.401860967278481, -363767.334162561106496 ], [ 11457932.150278916582465, -363771.901115354674403 ], [ 11457931.182133303955197, -363789.471269061556086 ], [ 11457926.406193196773529, -363868.560800260223914 ], [ 11457923.661054553464055, -363912.005269202985801 ], [ 11457923.887033116072416, -363917.249594899069052 ], [ 11457924.025069285184145, -363920.451338698447216 ], [ 11457924.165999762713909, -363921.030473559221718 ], [ 11457923.035550329834223, -363934.807060331280809 ], [ 11457922.97432461194694, -363935.552888905629516 ], [ 11457919.219963463023305, -363981.306007980136201 ], [ 11457917.914853753522038, -363982.030540207691956 ], [ 11457920.218944575637579, -364042.034825884387828 ], [ 11457928.104928625747561, -364064.941454347164836 ], [ 11457946.526968518272042, -364118.452304020756856 ], [ 11457949.622318277135491, -364133.224395630240906 ], [ 11457950.536919210106134, -364137.589546618284658 ], [ 11457963.093646453693509, -364197.516199538833462 ], [ 11457966.434678334742785, -364213.461292477964889 ], [ 11457964.748633325099945, -364214.136765752453357 ], [ 11457979.411970609799027, -364276.557627735252026 ], [ 11457983.358135236427188, -364313.448887233447749 ], [ 11457975.465694662183523, -364400.406872376217507 ], [ 11457975.527922257781029, -364407.267319770588074 ], [ 11457976.184707254171371, -364479.630748675321229 ], [ 11457976.738187761977315, -364540.601126205758192 ], [ 11457874.86738402210176, -364532.13516262487974 ], [ 11457846.77034455165267, -364532.13516262487974 ], [ 11457782.489683829247952, -364532.13516262487974 ], [ 11457782.509832652285695, -364532.43153322575381 ], [ 11457776.274271378293633, -364533.095189282670617 ], [ 11457771.258771721273661, -364533.628946269804146 ], [ 11457731.865030322223902, -364537.821285790181719 ], [ 11457721.469014393165708, -364538.927602280571591 ], [ 11457717.901781309396029, -364539.307264409551863 ], [ 11457698.959322797134519, -364541.323209028458223 ], [ 11457632.049518341198564, -364553.213714965910185 ], [ 11457567.507145499810576, -364568.707835525856353 ], [ 11457566.758521923795342, -364568.887575767061207 ], [ 11457509.598969027400017, -364583.470843527873512 ], [ 11457509.633478071540594, -364584.464321049745195 ], [ 11457495.014000665396452, -364588.996741775423288 ], [ 11457486.969831621274352, -364591.490693842293695 ], [ 11457482.311444886028767, -364592.9349716505385 ] ] ] ] } },
{ "type": "Feature", "properties": { "fid": 40119, "kdkab": "74", "kdkec": "012", "nmkab": "LUBUKLINGGAU", "nmkec": "LUBUK LINGGAU BARAT II", "kddesa": "002", "kdprov": "16", "nmdesa": "TAPAK LEBAR", "nmprov": "SUMATERA SELATAN", "iddesa": "1674012002" }, "geometry": { "type": "MultiPolygon", "coordinates": [ [ [ [ 11449647.84583530202508, -366920.816114797082264 ], [ 11449646.455454859882593, -366922.175679974781815 ], [ 11449628.100540621206164, -366940.123101471399423 ], [ 11449628.044324278831482, -366940.178072829148732 ], [ 11449628.113119723275304, -366940.267610349692404 ], [ 11449629.10441979020834, -366941.556593880348373 ], [ 11449628.265516107901931, -366942.023348647402599 ], [ 11449627.343679402023554, -366942.53637747868197 ], [ 11449622.205728303641081, -366931.508432450355031 ], [ 11449578.474645584821701, -366837.643829821492545 ], [ 11449577.214174993336201, -366830.826050136471167 ], [ 11449576.781476126983762, -366828.485365441301838 ], [ 11449575.461115652695298, -366821.343333717726637 ], [ 11449574.279570575803518, -366822.119733606406953 ], [ 11449574.163798306137323, -366822.213396667561028 ], [ 11449572.393818398937583, -366823.660714005702175 ], [ 11449519.19868652895093, -366706.186108159017749 ], [ 11449468.074987744912505, -366593.285050607286394 ], [ 11449458.890350516885519, -366573.001800498284865 ], [ 11449455.988140074536204, -366566.592696982203051 ], [ 11449454.446365125477314, -366563.18849855044391 ], [ 11449454.140236523002386, -366562.513903069950175 ], [ 11449453.840787095949054, -366561.850457928143442 ], [ 11449452.410331638529897, -366558.692682113964111 ], [ 11447262.693274863064289, -363339.111052446707617 ], [ 11447262.022352293133736, -363338.124610494065564 ], [ 11447299.186364289373159, -363324.844941789400764 ], [ 11447538.30508329346776, -363253.904108520597219 ], [ 11447538.957081554457545, -363254.563296995474957 ], [ 11447720.178867356851697, -363437.773466051614378 ], [ 11447896.709315853193402, -363622.866285185911693 ], [ 11447986.982743717730045, -363717.51793965313118 ], [ 11448148.404910927638412, -363886.770314203051385 ], [ 11448299.807210767641664, -364093.914294681861065 ], [ 11448417.847059221938252, -364255.412338431808166 ], [ 11448442.93179327994585, -364303.008813435269985 ], [ 11448481.173377947881818, -364375.569308945036028 ], [ 11448482.13740474358201, -364376.238316128321458 ], [ 11448488.58502964489162, -364380.710629261040594 ], [ 11448492.958772441372275, -364439.605579830531497 ], [ 11448571.959988666698337, -364663.813655533303972 ], [ 11448861.239270219579339, -365048.505591157998424 ], [ 11448876.635868992656469, -365065.646774810913485 ], [ 11449467.455160818994045, -365723.416182500310242 ], [ 11449566.938050154596567, -365834.172829866758548 ], [ 11449573.48363621532917, -365842.546679589198902 ], [ 11449592.432439936324954, -365866.790706379862968 ], [ 11449638.098032772541046, -365925.212332024064381 ], [ 11449761.615802047774196, -366083.23324442881858 ], [ 11449920.65127937309444, -366286.696125948044937 ], [ 11449923.998656459152699, -366290.976730374095496 ], [ 11449926.158254584297538, -366289.248432133230381 ], [ 11449926.508465699851513, -366289.689872954739258 ], [ 11449965.05851667933166, -366257.850498455401976 ], [ 11450031.886389994993806, -366237.025404694024473 ], [ 11450046.531693521887064, -366237.321779828169383 ], [ 11450072.6610496789217, -366237.850415833177976 ], [ 11450080.145393, -366238.167753546440508 ], [ 11450106.243023103103042, -366239.27553645032458 ], [ 11450136.961970549076796, -366266.968217169924174 ], [ 11450142.52360362932086, -366271.981953682086896 ], [ 11450134.355647310614586, -366332.969925710523967 ], [ 11450116.534955307841301, -366390.982913920539431 ], [ 11450119.505070641636848, -366434.120839469542261 ], [ 11450139.973942011594772, -366445.757542948180344 ], [ 11450139.929525531828403, -366446.311602686881088 ], [ 11450163.822027841582894, -366459.64984751585871 ], [ 11450174.460831575095654, -366465.588512488873675 ], [ 11450189.349813472479582, -366473.901082932017744 ], [ 11450189.874128270894289, -366474.193221572961193 ], [ 11450196.414037035778165, -366477.844062575197313 ], [ 11450201.417291551828384, -366480.688400305400137 ], [ 11450202.68277152441442, -366481.34403973154258 ], [ 11450203.371616531163454, -366481.728837633971125 ], [ 11450154.672010976821184, -366490.940460504672956 ], [ 11450073.821332730352879, -366506.416117984917946 ], [ 11450073.70500386506319, -366506.438418649428058 ], [ 11450073.709345323964953, -366506.486253578739706 ], [ 11450080.889007201418281, -366586.095087543304544 ], [ 11450084.14443439245224, -366622.19142302806722 ], [ 11450084.152004111558199, -366622.275496624060906 ], [ 11450084.291710076853633, -366623.825171522097662 ], [ 11450083.616446044296026, -366623.778228573035449 ], [ 11450072.861647399142385, -366623.030151950952131 ], [ 11450070.477851822972298, -366622.864346324291546 ], [ 11450070.801346264779568, -366623.628702447516844 ], [ 11450070.78064083866775, -366623.633162588870618 ], [ 11450049.262360626831651, -366628.340280696866103 ], [ 11450049.065770410001278, -366628.383321024070028 ], [ 11450049.321248641237617, -366628.842269233369734 ], [ 11450057.05828720703721, -366642.742847951245494 ], [ 11450084.049701500684023, -366691.235827405122109 ], [ 11450110.738994697108865, -366727.039500240120105 ], [ 11450111.088649220764637, -366727.698263218218926 ], [ 11450126.00223271921277, -366755.796381174703129 ], [ 11450123.81847826577723, -366756.409427857492119 ], [ 11450122.358077870681882, -366756.819315019238275 ], [ 11450096.857899473980069, -366763.977733617648482 ], [ 11450093.598464785143733, -366765.337296868267003 ], [ 11450090.342147041112185, -366766.695522093912587 ], [ 11450076.826513702049851, -366772.333032265421934 ], [ 11450076.798795148730278, -366772.327568589826114 ], [ 11450060.297016471624374, -366779.227634339826182 ], [ 11450033.810102114453912, -366790.275634887686465 ], [ 11450030.019562134519219, -366786.478713885473553 ], [ 11450025.390007145702839, -366783.090007716440596 ], [ 11450023.689379287883639, -366782.12315994000528 ], [ 11450018.801897045224905, -366779.344601618417073 ], [ 11450017.711299991235137, -366778.781842934549786 ], [ 11450011.616557871922851, -366776.068625806074124 ], [ 11450010.352970330044627, -366775.506090149865486 ], [ 11450010.106175020337105, -366775.406517436669674 ], [ 11450009.5390022136271, -366775.681373805215117 ], [ 11450004.076332166790962, -366778.329026808671188 ], [ 11449978.321788731962442, -366790.811521257739514 ], [ 11449946.967206995934248, -366778.633543145959266 ], [ 11449911.773216027766466, -366776.710663540812675 ], [ 11449864.421466862782836, -366781.838268229330424 ], [ 11449862.281906247138977, -366783.02890373946866 ], [ 11449833.622814662754536, -366798.976931259967387 ], [ 11449834.460159875452518, -366799.63703270687256 ], [ 11449831.059349430724978, -366801.883719242701773 ], [ 11449831.022057402879, -366801.908361543202773 ], [ 11449825.536678172647953, -366805.532340947247576 ], [ 11449766.796054547652602, -366844.340293930377811 ], [ 11449750.540291951969266, -366853.195804123475682 ], [ 11449709.153486382216215, -366875.741738464392256 ], [ 11449707.306362072005868, -366876.747947858239058 ], [ 11449672.189070230349898, -366895.878416481311433 ], [ 11449647.84583530202508, -366920.816114797082264 ] ] ] ] } },
{ "type": "Feature", "properties": { "fid": 40066, "kdkab": "74", "kdkec": "031", "nmkab": "LUBUKLINGGAU", "nmkec": "LUBUK LINGGAU TIMUR I", "kddesa": "001", "kdprov": "16", "nmdesa": "TABA JEMEKEH", "nmprov": "SUMATERA SELATAN", "iddesa": "1674031001" }, "geometry": { "type": "MultiPolygon", "coordinates": [ [ [ [ 11452262.831176780164242, -366563.167312909499742 ], [ 11452264.183708596974611, -366575.669073263707105 ], [ 11452264.466460099443793, -366578.279367861687206 ], [ 11452246.565172789618373, -366582.564443651819602 ], [ 11452227.6041239220649, -366587.102632352267392 ], [ 11452230.649825189262629, -366593.577635571127757 ], [ 11452241.147698450833559, -366615.893708610616159 ], [ 11452207.996420131996274, -366628.543551488313824 ], [ 11452208.076347528025508, -366628.657396512979176 ], [ 11452207.37737244181335, -366628.901254563184921 ], [ 11452203.663642913103104, -366630.196924678923097 ], [ 11452203.500448537990451, -366630.253791440918576 ], [ 11452203.454250950366259, -366630.118426247616298 ], [ 11452203.374212233349681, -366630.147863164835144 ], [ 11452197.974437696859241, -366614.278246800007764 ], [ 11452197.957851091399789, -366614.229631302005146 ], [ 11452197.940262608230114, -366614.229631302005146 ], [ 11452197.889834880828857, -366614.157823087181896 ], [ 11452197.031005010008812, -366614.089471480459906 ], [ 11452196.569140443578362, -366612.277986656874418 ], [ 11452166.3892019726336, -366493.904664635367226 ], [ 11452205.053132796660066, -366482.370762159000151 ], [ 11452204.750455098226666, -366480.988344195357058 ], [ 11452196.940724903717637, -366445.320673143374734 ], [ 11452219.732834048569202, -366440.29042633366771 ], [ 11452276.713273881003261, -366406.722820141294505 ], [ 11452323.939454657956958, -366379.443223963084165 ], [ 11452323.867987541481853, -366379.248873884265777 ], [ 11452297.767129177227616, -366308.245218835654669 ], [ 11452273.526196863502264, -366242.077608411898836 ], [ 11452263.965077111497521, -366244.786240873509087 ], [ 11452263.935243494808674, -366244.638610815280117 ], [ 11452258.363702977076173, -366217.02287275105482 ], [ 11452249.478626502677798, -366170.976475839619525 ], [ 11452241.269481969997287, -366128.412558070325758 ], [ 11452232.577544813975692, -366084.01064268295886 ], [ 11452224.754901554435492, -366045.026000145939179 ], [ 11452216.892739877104759, -366004.619375724345446 ], [ 11452216.642382344231009, -366003.332744621206075 ], [ 11452209.608103722333908, -365967.087419329502154 ], [ 11452207.389172308146954, -365956.277113013842609 ], [ 11452207.278966013342142, -365955.740338647912722 ], [ 11452207.265051078051329, -365955.672656461887527 ], [ 11452210.337023746222258, -365954.481583800574299 ], [ 11452308.538959700614214, -365899.096273325441871 ], [ 11452385.832089664414525, -365898.302150954725221 ], [ 11452514.654010031372309, -365981.280944674450438 ], [ 11452538.040231300517917, -365997.956190052733291 ], [ 11452541.211166990920901, -365999.941274761571549 ], [ 11452541.173095729202032, -365999.984203343803529 ], [ 11452541.013018298894167, -365999.891656004881952 ], [ 11452540.820546897128224, -366000.117895226285327 ], [ 11452557.425407426431775, -366010.07788520376198 ], [ 11452589.036357948556542, -366015.636301488615572 ], [ 11452618.476355761289597, -366010.678104944061488 ], [ 11452622.62912936322391, -366009.978647681127768 ], [ 11452647.766406217589974, -365993.834265404555481 ], [ 11452656.539272649213672, -365988.942302503972314 ], [ 11452657.881785709410906, -365988.193672638910357 ], [ 11452657.949467960745096, -365988.309747059422079 ], [ 11452665.75719440728426, -365983.802246070059482 ], [ 11452687.338704083114862, -365971.342811825219542 ], [ 11452772.364197190850973, -365879.341338133963291 ], [ 11452801.988874042406678, -365813.946250050212257 ], [ 11452802.053439348936081, -365814.213967872667126 ], [ 11452811.353292243555188, -365795.583774628583342 ], [ 11452814.02885620854795, -365755.583221647830214 ], [ 11452805.28504416719079, -365729.652296971995384 ], [ 11452800.258078597486019, -365714.744183960254304 ], [ 11452798.86747551895678, -365710.619928245432675 ], [ 11452782.968491887673736, -365656.171582894399762 ], [ 11452760.863891918212175, -365580.471350472013 ], [ 11452760.319984886795282, -365578.608591373777017 ], [ 11452771.418426802381873, -365480.940114536788315 ], [ 11452790.04807754419744, -365465.456014000170399 ], [ 11452790.381256781518459, -365465.657944634614978 ], [ 11452807.84784148260951, -365448.94230364653049 ], [ 11452812.447451520711184, -365447.536706046841573 ], [ 11452812.464928681030869, -365447.528566378750838 ], [ 11452816.757742207497358, -365445.523644114786293 ], [ 11452844.426535602658987, -365440.201195067318622 ], [ 11452876.646292416378856, -365434.002784562006127 ], [ 11452879.179478751495481, -365433.515408209466841 ], [ 11452912.39053563773632, -365427.12632922665216 ], [ 11452934.907017720863223, -365422.794578492583241 ], [ 11452947.594100084155798, -365420.354909431363922 ], [ 11453012.257365891709924, -365419.330203840101603 ], [ 11453095.860641190782189, -365367.110037541191559 ], [ 11453098.500805553048849, -365365.460920194687787 ], [ 11453142.855611383914948, -365337.756198475603014 ], [ 11453185.161693304777145, -365275.507571412774269 ], [ 11453238.261758329346776, -365197.376965048082639 ], [ 11453282.65574861690402, -365152.513133638247382 ], [ 11453378.578640641644597, -365109.634389114449732 ], [ 11453465.781097710132599, -365096.036283544031903 ], [ 11453465.781876944005489, -365096.060144955408759 ], [ 11453465.716087125241756, -365096.070403131016064 ], [ 11453465.738796301186085, -365096.672959494229872 ], [ 11453466.122180629521608, -365106.821752959920559 ], [ 11453467.168472526594996, -365139.907501786423381 ], [ 11453466.987912310287356, -365139.914637912472244 ], [ 11453468.360147669911385, -365199.704681199917104 ], [ 11453468.362040100619197, -365199.706799741194118 ], [ 11453469.364806074649096, -365253.578456336806994 ], [ 11453466.467493688687682, -365254.545848335430492 ], [ 11453395.773049186915159, -365271.958236748119816 ], [ 11453452.560349708423018, -365431.76526884327177 ], [ 11453458.580730404704809, -365447.249699208128732 ], [ 11453497.927828943356872, -365548.450876021641307 ], [ 11453498.144790627062321, -365549.008833878440782 ], [ 11453540.252278575673699, -365524.244494826067239 ], [ 11453540.25806719250977, -365524.277834023232572 ], [ 11453567.039532925933599, -365679.743989537877496 ], [ 11453582.746156480163336, -365770.920736611238681 ], [ 11453560.919855237007141, -365782.529049046395812 ], [ 11453585.247616754844785, -365818.073185646382626 ], [ 11453586.60927676782012, -365820.062615754664876 ], [ 11453588.154502617195249, -365819.288675921328831 ], [ 11453610.856109017506242, -365798.022002376732416 ], [ 11453615.002982685342431, -365794.137362698151264 ], [ 11453693.037166494876146, -365769.953340122825466 ], [ 11453677.00537871196866, -365724.680955871939659 ], [ 11453682.839076628908515, -365722.724978232115973 ], [ 11453784.065117867663503, -365688.785839181917254 ], [ 11453784.06322543695569, -365688.783497628523037 ], [ 11453816.360349301248789, -365677.513047531014308 ], [ 11453863.078467916697264, -365792.448209596914239 ], [ 11453863.981380308046937, -365794.669453180045821 ], [ 11453864.718649299815297, -365795.646439101896249 ], [ 11453864.767629871144891, -365795.711110620235559 ], [ 11453866.068954719230533, -365797.434941086161416 ], [ 11453916.460839170962572, -365771.201946147077251 ], [ 11453922.380587056279182, -365768.120237547147553 ], [ 11453870.230522561818361, -365627.205250188068021 ], [ 11453841.567534796893597, -365549.754673229123 ], [ 11453901.23244415409863, -365487.028363378078211 ], [ 11453902.569168599322438, -365485.623099801538046 ], [ 11453973.548145722597837, -365511.721444167429581 ], [ 11454022.051606334745884, -365529.555797650420573 ], [ 11454145.088809367269278, -365471.508246749290265 ], [ 11454182.873872803524137, -365550.764661704015452 ], [ 11454213.977206448093057, -365616.318820716056507 ], [ 11454211.22516599856317, -365617.751515536219813 ], [ 11454215.231109194457531, -365620.373606911045499 ], [ 11454266.144970737397671, -365653.69868098810548 ], [ 11454288.321260459721088, -365663.361820353660733 ], [ 11454299.675069281831384, -365668.239608134957962 ], [ 11454365.697546076029539, -365670.339088520850055 ], [ 11454410.368721902370453, -365671.759518764738459 ], [ 11454447.241856070235372, -365672.931075461849105 ], [ 11454484.202598685398698, -365636.62252433761023 ], [ 11454534.899164581671357, -365583.658423652872443 ], [ 11454535.079724797978997, -365583.469761583488435 ], [ 11454535.033415885642171, -365583.78397536353441 ], [ 11454503.148285461589694, -365800.160845630744006 ], [ 11454482.005597213283181, -365943.637827885104343 ], [ 11454475.649476926773787, -365986.771454312547576 ], [ 11454475.166127696633339, -365990.051866972469725 ], [ 11454557.063431793823838, -366010.17299712105887 ], [ 11454581.787156742066145, -366051.963039700000081 ], [ 11454697.679652215912938, -366007.077455554390326 ], [ 11454702.585502175614238, -366002.807900831161533 ], [ 11454744.017726097255945, -365966.750234895560425 ], [ 11454791.938763128593564, -365925.045300908037461 ], [ 11454790.393537279218435, -365832.178716400056146 ], [ 11454833.409614909440279, -365809.245410558651201 ], [ 11454982.002322126179934, -365730.025607512623537 ], [ 11454988.508167125284672, -365717.354458347661421 ], [ 11455037.630675427615643, -365621.681530557631049 ], [ 11455000.545143665745854, -365460.713375859661028 ], [ 11455000.933871330693364, -365460.597747993364464 ], [ 11455198.334831919521093, -365401.89816802093992 ], [ 11455204.996190249919891, -365375.560454155667685 ], [ 11455306.501198137179017, -365500.955448482010979 ], [ 11455402.305534899234772, -365504.050975977850612 ], [ 11455410.240388207137585, -365493.599640570289921 ], [ 11455609.305241227149963, -365231.402703031431884 ], [ 11455688.859381364658475, -365225.710969430860132 ], [ 11455688.456738764420152, -365225.493317437765654 ], [ 11455736.016432736068964, -365220.380391233367845 ], [ 11455755.173960501328111, -365149.684328616596758 ], [ 11455746.099418248981237, -365106.25677269307198 ], [ 11455743.256095815449953, -365102.302356928063091 ], [ 11455798.381952933967113, -365053.919007032178342 ], [ 11455808.023779310286045, -365043.693393596215174 ], [ 11455859.430229604244232, -365327.16951505409088 ], [ 11455867.937376411631703, -365332.736482925887685 ], [ 11455864.804845936596394, -365336.662473809148651 ], [ 11455742.409065814688802, -365490.025991453963798 ], [ 11455738.079850813373923, -365505.912841814220883 ], [ 11455737.667412100359797, -365507.422137315094005 ], [ 11455730.812914453446865, -365532.502804805000778 ], [ 11455722.940400065854192, -365561.303866353584453 ], [ 11455681.58966201543808, -365594.295196028833743 ], [ 11455666.281005641445518, -365606.509171238983981 ], [ 11455666.274326471611857, -365606.514746364729945 ], [ 11455660.688314428552985, -365610.971386969147716 ], [ 11455660.063366804271936, -365611.470025845046621 ], [ 11455587.274223441258073, -365669.542626228882 ], [ 11455568.30315581895411, -365680.947101529163774 ], [ 11455563.530889254063368, -365683.816060937358998 ], [ 11455560.322661526501179, -365687.35403546487214 ], [ 11455554.024204740300775, -365694.300641938345507 ], [ 11455549.483482709154487, -365697.839731824991759 ], [ 11455545.472641456872225, -365700.96737752109766 ], [ 11455531.179218834266067, -365707.166917906492017 ], [ 11455516.990436535328627, -365713.321857626142446 ], [ 11455515.848298560827971, -365715.03788163914578 ], [ 11455511.280859857797623, -365721.904208008374553 ], [ 11455511.476559521630406, -365725.377066263055895 ], [ 11455504.415452901273966, -365730.183829632471316 ], [ 11455499.075011651962996, -365733.792052247619722 ], [ 11455499.06376838311553, -365733.827287049847655 ], [ 11455498.152395712211728, -365736.810426442476455 ], [ 11455483.468130363151431, -365784.902047483075876 ], [ 11455483.460004037246108, -365784.928585101501085 ], [ 11455484.862518303096294, -365808.635379669140093 ], [ 11455485.93285520747304, -365821.575818108336534 ], [ 11455485.96458126232028, -365821.959498700976837 ], [ 11455489.94670208543539, -365870.097541640512645 ], [ 11455491.690967185422778, -365893.828550438920502 ], [ 11455491.711672615259886, -365894.088686273084022 ], [ 11455491.722359286621213, -365894.253152775461785 ], [ 11455484.719918036833405, -365897.927390317141544 ], [ 11455474.199112962931395, -365908.465512796246912 ], [ 11455466.547567760571837, -365918.524732005549595 ], [ 11455466.547567760571837, -365925.470014871738385 ], [ 11455466.547567760571837, -365928.193804002832621 ], [ 11455466.547567760571837, -365928.219338128634263 ], [ 11455450.940686473622918, -365928.458511525939684 ], [ 11455450.904284998774529, -365928.781981005042326 ], [ 11455445.023498935624957, -365930.338670912547968 ], [ 11455445.408553056418896, -365932.34962305316003 ], [ 11455438.21620075777173, -365932.140666890831199 ], [ 11455437.825580663979053, -365932.244029946625233 ], [ 11455312.457792770117521, -365929.05148315418046 ], [ 11455270.36889517493546, -365949.725209998025093 ], [ 11455239.525603862479329, -365964.875204024661798 ], [ 11455204.015688171610236, -365983.177384355687536 ], [ 11455202.311275452375412, -365984.055803455063142 ], [ 11455142.730078352615237, -366012.777703296567779 ], [ 11455097.210091413930058, -366032.773731344204862 ], [ 11455022.832975516095757, -366065.322088266024366 ], [ 11454919.452011568471789, -366121.379732726200018 ], [ 11454836.296017985790968, -366166.470639995182864 ], [ 11454867.247400527819991, -366225.752780518028885 ], [ 11454900.089321980252862, -366288.655793097044807 ], [ 11454865.675346679985523, -366307.685250111971982 ], [ 11454785.995749475434422, -366364.303320256527513 ], [ 11454783.063037492334843, -366366.387203330406919 ], [ 11454775.279244735836983, -366371.918096140609123 ], [ 11454757.785832038149238, -366393.468543585098814 ], [ 11454708.06164189055562, -366454.724524641118478 ], [ 11454671.74866739474237, -366508.896955581440125 ], [ 11454640.071370456367731, -366553.782742317067459 ], [ 11454616.892982682213187, -366578.547310534981079 ], [ 11454528.042106589302421, -366656.710442001232877 ], [ 11454473.18631055764854, -366691.535660361056216 ], [ 11454284.667977409437299, -366752.673277459805831 ], [ 11454223.432795315980911, -366778.786749098217115 ], [ 11454243.333046730607748, -366798.719915408582892 ], [ 11454268.05677167698741, -366863.727103942073882 ], [ 11454280.418578485026956, -366953.498870879877359 ], [ 11454295.870948322117329, -367077.32221296482021 ], [ 11454329.866028379648924, -367157.807431553315837 ], [ 11454400.946751518175006, -367229.005869920016266 ], [ 11454440.130989637225866, -367254.237567873089574 ], [ 11454444.213186686858535, -367256.866165095823817 ], [ 11454499.841539982706308, -367337.351513980422169 ], [ 11454566.286585569381714, -367461.175284626020584 ], [ 11454632.73151982948184, -367580.355815438670106 ], [ 11454675.998066317290068, -367756.804992036195472 ], [ 11454702.536187643185258, -367840.982289138250053 ], [ 11454759.440596263855696, -368021.479395618196577 ], [ 11454876.878317594528198, -368348.066775094077457 ], [ 11454909.368358131498098, -368417.223537074751221 ], [ 11454726.458412254229188, -368600.584820518037304 ], [ 11454403.151100074872375, -368823.788154633482918 ], [ 11454402.615542005747557, -368824.157907409593463 ], [ 11454402.501996122300625, -368824.071825035905931 ], [ 11453591.172485332936049, -368860.81974870263366 ], [ 11453503.071346014738083, -368638.259168813587166 ], [ 11453498.714746423065662, -368571.345645784866065 ], [ 11453533.083859968930483, -368451.580094519362319 ], [ 11453514.567977745085955, -368410.823024312849157 ], [ 11453493.772606307640672, -368366.006733751390129 ], [ 11453469.389185044914484, -368345.579317526775412 ], [ 11453427.556099642068148, -368311.934753369423561 ], [ 11453397.543585687875748, -368245.021316379541531 ], [ 11453398.081258829683065, -368209.476625385985244 ], [ 11453398.081258829683065, -368158.729242787812836 ], [ 11453399.198906518518925, -368135.593186138372403 ], [ 11453399.964005375280976, -368085.011310735426378 ], [ 11453411.232209509238601, -368068.971887164167129 ], [ 11453417.219528324902058, -368059.284007312438916 ], [ 11453369.058375149965286, -368012.114660965045914 ], [ 11453364.552384799346328, -368007.701410866575316 ], [ 11453363.393214942887425, -368006.566180103342049 ], [ 11453343.058706194162369, -367951.452028711617459 ], [ 11453314.351301955059171, -367865.186499169969466 ], [ 11453194.737173262983561, -367881.960374747461174 ], [ 11453130.742380989715457, -367784.543433855869807 ], [ 11453039.794357012957335, -367646.096604061080143 ], [ 11453013.589526241645217, -367604.849099509592634 ], [ 11453012.519634617492557, -367603.165048068680335 ], [ 11453005.670257668942213, -367599.596906324615702 ], [ 11453005.44439041800797, -367599.361854992224835 ], [ 11453005.395855121314526, -367599.311454991693608 ], [ 11453005.291994038969278, -367599.327177114493679 ], [ 11453181.612160015851259, -367516.409282212262042 ], [ 11453328.325794231146574, -367450.020619177899789 ], [ 11453332.277413513511419, -367448.317948876472656 ], [ 11453337.005931526422501, -367446.132688105979469 ], [ 11453361.91912224330008, -367435.545915377151687 ], [ 11453442.907280061393976, -367400.649658317735884 ], [ 11453546.384980648756027, -367343.978095134603791 ], [ 11453554.938881635665894, -367332.985122506332118 ], [ 11453672.266507986932993, -367172.864818989357445 ], [ 11453695.11527874879539, -367140.987056930141989 ], [ 11453721.96442673355341, -367103.019516817410477 ], [ 11453734.903313791379333, -367084.722615720005706 ], [ 11453755.334113892167807, -367084.446086019801442 ], [ 11453794.206100840121508, -367083.594976681109983 ], [ 11453852.762935983017087, -367073.926807683077641 ], [ 11453862.779686406254768, -367070.230341982794926 ], [ 11453887.881341027095914, -367060.731771559745539 ], [ 11453943.509694322943687, -367028.228170593618415 ], [ 11453954.428466577082872, -367020.416099408059381 ], [ 11453999.018824450671673, -366988.513069787994027 ], [ 11454003.001056592911482, -366985.663924386841245 ], [ 11454053.221175072714686, -366926.847910059790593 ], [ 11454068.202440824359655, -366911.541791174968239 ], [ 11454084.942999808117747, -366894.43823444028385 ], [ 11454130.482801616191864, -366847.910641449911054 ], [ 11454203.881307868286967, -366781.355680626351386 ], [ 11454204.091924345120788, -366781.280415690212976 ], [ 11454214.692768136039376, -366777.491634760983288 ], [ 11454199.203328907489777, -366726.977615771116689 ], [ 11454152.846442041918635, -366641.075425133865792 ], [ 11454070.949026620015502, -366557.495024300180376 ], [ 11454013.002890205010772, -366520.348125330870971 ], [ 11454002.975675752386451, -366516.432797006738838 ], [ 11453997.093887817114592, -366514.136162752110977 ], [ 11453982.062416972592473, -366508.29795968811959 ], [ 11453969.789999712258577, -366503.47466019919375 ], [ 11453967.418560596182942, -366502.54260390001582 ], [ 11453967.302565693855286, -366502.496999040653463 ], [ 11453966.886119477450848, -366412.426656471972819 ], [ 11453966.647339163348079, -366372.014880910166539 ], [ 11453966.645892012864351, -366371.760988134541549 ], [ 11453704.339879674836993, -366360.107232418959029 ], [ 11453704.006811756640673, -366360.092402494163252 ], [ 11453703.689439890906215, -366360.0783530959161 ], [ 11453583.428322320804, -366354.735343731299508 ], [ 11453561.762766424566507, -366352.648673294053879 ], [ 11453466.251422557979822, -366431.708355030394159 ], [ 11453455.216210113838315, -366440.842813494848087 ], [ 11453455.161774884909391, -366440.826534019375686 ], [ 11453429.092531256377697, -366433.003911350970156 ], [ 11453272.106223113834858, -366385.89658345998032 ], [ 11453266.697876973077655, -366386.670415727072395 ], [ 11453237.338474472984672, -366386.670415727072395 ], [ 11453237.240958599373698, -366386.685245655535255 ], [ 11453228.310686407610774, -366388.040567167452537 ], [ 11453211.842192260548472, -366390.539911655709147 ], [ 11453200.252942711114883, -366393.635463896032888 ], [ 11453190.981476282700896, -366409.113337892806157 ], [ 11453190.339942056685686, -366410.482374583021738 ], [ 11453185.456244677305222, -366420.903913230635226 ], [ 11453173.211323324590921, -366447.034032365772873 ], [ 11453166.718391388654709, -366453.357048454403412 ], [ 11453151.018892282620072, -366468.645598185248673 ], [ 11453145.397146673873067, -366474.120186912652571 ], [ 11453145.334473805502057, -366474.145275155315176 ], [ 11453134.451435104012489, -366478.505723162437789 ], [ 11453114.4925183262676, -366486.502517205197364 ], [ 11453075.156217776238918, -366499.636492770223413 ], [ 11453075.089092126116157, -366499.658681931323372 ], [ 11453073.017436403781176, -366499.574608427996282 ], [ 11453047.4865338280797, -366498.831215782905929 ], [ 11453047.044595448300242, -366498.890312539529987 ], [ 11453046.683586340397596, -366498.505180071108043 ], [ 11453036.215546704828739, -366487.337230982608162 ], [ 11452898.6702970713377, -366485.87988272763323 ], [ 11452868.333509447053075, -366485.558753198187333 ], [ 11452842.577518856152892, -366494.725440548965707 ], [ 11452825.52559925802052, -366500.79456628090702 ], [ 11452825.49888257868588, -366500.804601581592578 ], [ 11452825.318545006215572, -366500.868158475786913 ], [ 11452822.890889551490545, -366501.732197735924274 ], [ 11452809.846137663349509, -366506.375084762694314 ], [ 11452809.713110867887735, -366506.422473677142989 ], [ 11452772.259000279009342, -366519.753366496006493 ], [ 11452769.871419835835695, -366520.603133473836351 ], [ 11452756.663139617070556, -366522.038404521008488 ], [ 11452697.944557247683406, -366528.419183610996697 ], [ 11452689.465908231213689, -366540.658684147580061 ], [ 11452670.654584085568786, -366545.180926152155735 ], [ 11452647.328475339338183, -366548.195754263724666 ], [ 11452616.906528299674392, -366537.22571864357451 ], [ 11452600.395732745528221, -366539.020030729821883 ], [ 11452578.855188636109233, -366556.486364724929444 ], [ 11452558.677417738363147, -366552.065144314488862 ], [ 11452522.978147596120834, -366562.045588848006446 ], [ 11452518.101240701973438, -366564.323603027849458 ], [ 11452508.061335830017924, -366569.014550630759913 ], [ 11452497.940167728811502, -366573.743409585091285 ], [ 11452494.052891107276082, -366573.791356045694556 ], [ 11452476.126556912437081, -366574.01469735201681 ], [ 11452448.408782938495278, -366574.359911869629286 ], [ 11452443.413543423637748, -366582.865725856157951 ], [ 11452427.611964350566268, -366591.910101989458781 ], [ 11452408.591804832220078, -366593.321400716900826 ], [ 11452407.295823318883777, -366593.417516665882431 ], [ 11452390.816753817722201, -366575.077324730635155 ], [ 11452382.872549677267671, -366575.176228244672529 ], [ 11452384.57239830121398, -366560.070863916364033 ], [ 11452262.831176780164242, -366563.167312909499742 ] ] ] ] } },
{ "type": "Feature", "properties": { "fid": 40555, "kdkab": "74", "kdkec": "042", "nmkab": "LUBUKLINGGAU", "nmkec": "LUBUK LINGGAU UTARA II", "kddesa": "008", "kdprov": "16", "nmdesa": "JOGOBOYO", "nmprov": "SUMATERA SELATAN", "iddesa": "1674042008" }, "geometry": { "type": "MultiPolygon", "coordinates": [ [ [ [ 11449840.033704141154885, -365128.259561594051775 ], [ 11449787.412424247711897, -365128.838814216607716 ], [ 11449578.169073579832911, -365131.141887007222977 ], [ 11449574.740433264523745, -365131.179797669290565 ], [ 11449573.134872250258923, -365129.751457677746657 ], [ 11449489.915983157232404, -365073.80224607558921 ], [ 11449485.846921812742949, -365071.066435626591556 ], [ 11449425.001803211867809, -365029.473784749745391 ], [ 11449389.760946732014418, -365005.383812635787763 ], [ 11449390.025219205766916, -365005.241424801351968 ], [ 11448910.892215896397829, -364673.29128214775119 ], [ 11448488.58502964489162, -364380.710629261040594 ], [ 11448482.13740474358201, -364376.238316128321458 ], [ 11448481.173377947881818, -364375.569308945036028 ], [ 11448442.93179327994585, -364303.008813435269985 ], [ 11448417.847059221938252, -364255.412338431808166 ], [ 11448299.807210767641664, -364093.914294681861065 ], [ 11448148.404910927638412, -363886.770314203051385 ], [ 11447986.982743717730045, -363717.51793965313118 ], [ 11447896.709315853193402, -363622.866285185911693 ], [ 11447720.178867356851697, -363437.773466051614378 ], [ 11447538.957081554457545, -363254.563296995474957 ], [ 11447538.30508329346776, -363253.904108520597219 ], [ 11447820.019871490076184, -363170.300822297576815 ], [ 11447854.816451884806156, -363159.974362076958641 ], [ 11447880.445092970505357, -363152.572547215386294 ], [ 11448042.184409407898784, -363104.540485001693014 ], [ 11448133.269245039671659, -363077.540222370880656 ], [ 11448390.349697843194008, -363001.086993894772604 ], [ 11448391.588015861809254, -363000.679016027715988 ], [ 11448396.6796580478549, -362999.167970362643246 ], [ 11448404.025965208187699, -362996.580951419076882 ], [ 11448411.91495487652719, -362993.981667551386636 ], [ 11448546.414057960733771, -362946.802312013984192 ], [ 11448563.795037975534797, -362940.317708311253227 ], [ 11448616.10540253482759, -362921.896498630347196 ], [ 11448617.352292153984308, -362921.50736450596014 ], [ 11448684.082760907709599, -362897.958062392717693 ], [ 11449459.602461298927665, -362624.856540635053534 ], [ 11449508.337689092382789, -362607.736915651767049 ], [ 11449518.994637902826071, -362603.941251856391318 ], [ 11449661.331412376835942, -362553.81624647375429 ], [ 11449669.916371507570148, -362550.622904155461583 ], [ 11449671.701713496819139, -362549.958813837787602 ], [ 11449806.26515925116837, -362680.630588767293375 ], [ 11450118.095543248578906, -362983.443262420478277 ], [ 11450179.642308596521616, -363091.32462191930972 ], [ 11450180.778212677687407, -363091.327074916916899 ], [ 11450355.434040958061814, -363501.340787400200497 ], [ 11450537.504971828311682, -363913.649124551971909 ], [ 11450538.756091585382819, -363916.482358303037472 ], [ 11450538.84214155189693, -363916.147744586516637 ], [ 11450539.934408400207758, -363919.150571035919711 ], [ 11450557.896030874922872, -363968.529689077520743 ], [ 11450570.112231796607375, -364002.114066962618381 ], [ 11450581.648159304633737, -364033.828139553021174 ], [ 11450613.943724699318409, -364180.755479033919983 ], [ 11450614.112039767205715, -364180.755256027914584 ], [ 11450641.192843610420823, -364381.984753507305868 ], [ 11450669.403206329792738, -364591.607435822777916 ], [ 11450669.479682819917798, -364592.175424022541847 ], [ 11450667.715825486928225, -364598.285478637495544 ], [ 11450671.70295569114387, -364626.090925559517927 ], [ 11450675.242247581481934, -364654.934458146104589 ], [ 11450681.983310665935278, -364709.871917876822408 ], [ 11450694.798187805339694, -364814.309541061869822 ], [ 11450694.748427994549274, -364814.314112624793779 ], [ 11450697.82941753976047, -364833.542125254578423 ], [ 11450700.464015929028392, -364849.984717921703123 ], [ 11450719.916317708790302, -364971.386130549246445 ], [ 11450719.90106694214046, -364971.39538519521011 ], [ 11450724.227276310324669, -364998.421081323933322 ], [ 11450724.435443758964539, -364999.751521037833299 ], [ 11450724.463607588782907, -364999.77315239032032 ], [ 11450724.550882071256638, -365000.455432035319973 ], [ 11450724.545984014868736, -365000.457439065852668 ], [ 11450724.098145700991154, -365000.637626011157408 ], [ 11450723.814614957198501, -365000.751803872932214 ], [ 11450712.514128169044852, -365005.299851761374157 ], [ 11450683.102182867005467, -365021.362805959070101 ], [ 11450664.042616249993443, -365031.77194940217305 ], [ 11450657.478328520432115, -365035.356957019947004 ], [ 11450656.269398845732212, -365036.017159507609904 ], [ 11450609.473801862448454, -365052.452088384423405 ], [ 11450609.27854747697711, -365059.686664648237638 ], [ 11450600.345269659534097, -365086.530299549049232 ], [ 11450572.269269570708275, -365138.087343798193615 ], [ 11450540.790121324360371, -365177.287759789382108 ], [ 11450520.371232403442264, -365197.313966408604756 ], [ 11450513.99039919115603, -365203.279324528819416 ], [ 11450508.441011259332299, -365204.228318255220074 ], [ 11450505.385291235521436, -365151.314487433992326 ], [ 11450504.720157274976373, -365143.887898840242997 ], [ 11450125.828908270224929, -365143.01651099108858 ], [ 11450113.431145260110497, -365143.18420994549524 ], [ 11450113.418343521654606, -365143.184432947135065 ], [ 11450110.133305348455906, -365143.228922235488426 ], [ 11450097.154899878427386, -365143.456943748868071 ], [ 11450096.775411728769541, -365133.72616777260555 ], [ 11450096.783872010186315, -365133.721819198050071 ], [ 11450096.454477639868855, -365125.438004813389853 ], [ 11449840.033704141154885, -365128.259561594051775 ] ] ] ] } },
{ "type": "Feature", "properties": { "fid": 40364, "kdkab": "74", "kdkec": "022", "nmkab": "LUBUKLINGGAU", "nmkec": "LUBUK LINGGAU SELATAN II", "kddesa": "003", "kdprov": "16", "nmdesa": "MARGA MULYA", "nmprov": "SUMATERA SELATAN", "iddesa": "1674022003" }, "geometry": { "type": "MultiPolygon", "coordinates": [ [ [ [ 11457038.047713598236442, -366775.404175860516261 ], [ 11457030.454611131921411, -366775.694085214170627 ], [ 11457021.98208468593657, -366767.699277421168517 ], [ 11457015.159313093870878, -366761.262175275012851 ], [ 11457011.687258172780275, -366757.986199996026698 ], [ 11457009.922510288655758, -366756.321117024112027 ], [ 11456998.982364689931273, -366745.998450571612921 ], [ 11456998.685809571295977, -366745.710102341487072 ], [ 11456985.694045756012201, -366733.075299104908481 ], [ 11456970.85304256528616, -366718.642168159538414 ], [ 11456961.012399574741721, -366291.135064793750644 ], [ 11456961.012399574741721, -366291.130604671954643 ], [ 11456951.073795437812805, -365859.427069111028686 ], [ 11456950.794383514672518, -365847.305055857519619 ], [ 11456950.626291083171964, -365840.009994017891586 ], [ 11456912.524968972429633, -365304.887485587620176 ], [ 11456911.221417732536793, -365286.580176111427136 ], [ 11456911.220304537564516, -365286.560105735319667 ], [ 11456908.657841181382537, -365250.571245435217861 ], [ 11456908.543293423950672, -365248.961824554484338 ], [ 11456903.963052978739142, -365184.634738167980686 ], [ 11456878.409663865342736, -365125.445586947898846 ], [ 11456867.318457720801234, -365079.49319141235901 ], [ 11456866.104407353326678, -365069.156631246092729 ], [ 11456855.218919625505805, -364976.47908651427133 ], [ 11456849.673316551372409, -364941.131126890773885 ], [ 11456838.582110408693552, -364901.743470982008148 ], [ 11456829.507568158209324, -364882.049592490249779 ], [ 11456827.509160658344626, -364878.752710196946282 ], [ 11456820.93708056025207, -364867.910396964754909 ], [ 11456819.424693962559104, -364707.834896427753847 ], [ 11456818.416362009942532, -364607.345972846669611 ], [ 11456819.089177014306188, -364604.201075097313151 ], [ 11456817.964850157499313, -364604.201075097313151 ], [ 11456817.885813320055604, -364602.85458389116684 ], [ 11456817.096335487440228, -364589.412865036807489 ], [ 11456816.082994166761637, -364589.388780733395834 ], [ 11456812.119908971711993, -364538.879656695644371 ], [ 11456809.302635300904512, -364502.97365997324232 ], [ 11456803.638699607923627, -364430.786945443658624 ], [ 11456802.154142878949642, -364411.866076550155412 ], [ 11456799.191374629735947, -364374.106636247248389 ], [ 11456776.762055709958076, -364088.247260753531009 ], [ 11456799.688193520531058, -364098.757894591370132 ], [ 11456799.870089570060372, -364101.036081433005165 ], [ 11456818.345006216317415, -364118.847240353759844 ], [ 11456822.57959964685142, -364122.929735888144933 ], [ 11456825.610829379409552, -364125.851952699187677 ], [ 11456846.650992378592491, -364146.136095519643277 ], [ 11456881.446236934512854, -364179.681055373745039 ], [ 11456932.890201898291707, -364256.972907521470916 ], [ 11456962.045889725908637, -364276.441666589700617 ], [ 11456965.233189387246966, -364278.569999572529923 ], [ 11456970.732706191018224, -364282.242399878567085 ], [ 11456971.596545441076159, -364281.067289747123141 ], [ 11457066.64435494504869, -364339.417504637676757 ], [ 11457088.51618585921824, -364361.70257492311066 ], [ 11457101.155957438051701, -364374.581296838412527 ], [ 11457110.023779397830367, -364383.616685134824365 ], [ 11457110.209015026688576, -364383.805456675530877 ], [ 11457112.684203905984759, -364386.327502467611339 ], [ 11457112.567429762333632, -364386.515270506206434 ], [ 11457150.612312892451882, -364428.663961616461165 ], [ 11457179.821100126951933, -364461.0233016096754 ], [ 11457183.824594294652343, -364464.651441899128258 ], [ 11457244.578430904075503, -364519.709006492514163 ], [ 11457244.640435861423612, -364519.765203169779852 ], [ 11457248.221695199608803, -364522.21254612802295 ], [ 11457321.047462673857808, -364571.978505848150235 ], [ 11457323.012251688167453, -364573.321205630374607 ], [ 11457330.408207338303328, -364578.375340954400599 ], [ 11457330.813410283997655, -364575.804118711675983 ], [ 11457358.845995776355267, -364589.84326048794901 ], [ 11457421.607590723782778, -364593.965579228184652 ], [ 11457446.085188278928399, -364593.550013450905681 ], [ 11457461.897231390699744, -364593.281518044590484 ], [ 11457482.311444886028767, -364592.9349716505385 ], [ 11457486.969831621274352, -364591.490693842293695 ], [ 11457495.014000665396452, -364588.996741775423288 ], [ 11457509.633478071540594, -364584.464321049745195 ], [ 11457509.598969027400017, -364583.470843527873512 ], [ 11457566.758521923795342, -364568.887575767061207 ], [ 11457567.507145499810576, -364568.707835525856353 ], [ 11457632.049518341198564, -364553.213714965910185 ], [ 11457698.959322797134519, -364541.323209028458223 ], [ 11457717.901781309396029, -364539.307264409551863 ], [ 11457721.469014393165708, -364538.927602280571591 ], [ 11457731.865030322223902, -364537.821285790181719 ], [ 11457771.258771721273661, -364533.628946269804146 ], [ 11457776.274271378293633, -364533.095189282670617 ], [ 11457782.509832652285695, -364532.43153322575381 ], [ 11457782.489683829247952, -364532.13516262487974 ], [ 11457846.77034455165267, -364532.13516262487974 ], [ 11457874.86738402210176, -364532.13516262487974 ], [ 11457976.738187761977315, -364540.601126205758192 ], [ 11457982.387206643819809, -364541.070546938513871 ], [ 11457982.422160960733891, -364541.406277546193451 ], [ 11457989.976301604881883, -364637.174838967621326 ], [ 11458007.593724215403199, -364635.083071631903294 ], [ 11458007.619327699765563, -364636.066514479985926 ], [ 11458007.657398968935013, -364637.544800804869737 ], [ 11458010.20416627638042, -364736.515992358908989 ], [ 11458012.495121398940682, -364736.389995594217908 ], [ 11458013.481412084773183, -364765.04255445196759 ], [ 11458016.766450256109238, -364860.509138115216047 ], [ 11458019.766844496130943, -364947.689214704092592 ], [ 11458026.791660958901048, -365151.806768638489302 ], [ 11458044.672020211815834, -365671.348966587916948 ], [ 11458045.408176003023982, -365692.735815651365556 ], [ 11458047.062049675732851, -365740.780475080013275 ], [ 11458047.379310229793191, -365749.995047161006369 ], [ 11458031.416095249354839, -365749.971631621592678 ], [ 11458017.15161569789052, -365749.951561155437957 ], [ 11457997.842136826366186, -365742.716159569390584 ], [ 11457988.889823375269771, -365742.906828952545766 ], [ 11457967.106825416907668, -365743.37179464584915 ], [ 11457953.462395433336496, -365748.735068112320732 ], [ 11457947.077109437435865, -365751.244990984443575 ], [ 11457945.65110676176846, -365754.100571896822657 ], [ 11457932.723574297502637, -365779.997047959303018 ], [ 11457925.323054544627666, -365808.202749466116074 ], [ 11457924.798739746212959, -365810.200876599992625 ], [ 11457924.967945374548435, -365815.650010320649017 ], [ 11457925.468883080407977, -365831.788903121312615 ], [ 11457928.086004309356213, -365844.210299343976658 ], [ 11457929.715721657499671, -365851.945239503402263 ], [ 11457927.543878389522433, -365865.61212297185557 ], [ 11457923.70446915179491, -365871.768186478409916 ], [ 11457909.615874394774437, -365894.357519316312391 ], [ 11457889.156465182080865, -365905.683965737756807 ], [ 11457882.423862379044294, -365909.410386927891523 ], [ 11457823.079441837966442, -365919.360891052754596 ], [ 11457818.96284706890583, -365917.756366628862452 ], [ 11457810.868806894868612, -365914.603069211880211 ], [ 11457810.875486062839627, -365914.70230664947303 ], [ 11457810.967881238088012, -365916.096090859617107 ], [ 11457718.758607430383563, -365903.312302763864864 ], [ 11457700.891829159110785, -365902.556314290501177 ], [ 11457669.466336909681559, -365890.977872060611844 ], [ 11457639.436791069805622, -365883.892989959567785 ], [ 11457629.460338305681944, -365881.539167883805931 ], [ 11457611.582428082823753, -365885.819756719982252 ], [ 11457579.373246617615223, -365908.057858818559907 ], [ 11457570.875116694718599, -365922.70262823899975 ], [ 11457568.918008726090193, -365926.075140281638596 ], [ 11457566.806389305740595, -365929.713920993614011 ], [ 11457564.356247313320637, -365933.936530254606623 ], [ 11457561.440789844840765, -365938.961959542997647 ], [ 11457560.673798559233546, -365964.143745752749965 ], [ 11457569.166362509131432, -366005.17677835264476 ], [ 11457572.513739595189691, -366010.818821519496851 ], [ 11457594.80769401602447, -366048.403087516024243 ], [ 11457634.037795767188072, -366088.060205281944945 ], [ 11457639.112851355224848, -366091.219082752009854 ], [ 11457661.877687221392989, -366105.387758782773744 ], [ 11457662.587905572727323, -366106.668927423364948 ], [ 11457678.255010707303882, -366134.923773029062431 ], [ 11457678.469857323914766, -366140.619344196282327 ], [ 11457678.932946404442191, -366152.913661503000185 ], [ 11457666.975006705150008, -366184.815782145480625 ], [ 11457664.682938385754824, -366190.928377135656774 ], [ 11457664.396847294643521, -366191.323097797692753 ], [ 11457629.363490348681808, -366239.60614302335307 ], [ 11457616.692549312487245, -366245.163009738782421 ], [ 11457576.496750976890326, -366262.790977030992508 ], [ 11457566.973368540406227, -366263.303891217277851 ], [ 11457535.428764430806041, -366265.002083222731017 ], [ 11457526.862729616463184, -366265.462590970797464 ], [ 11457525.029297603294253, -366265.561828721256461 ], [ 11457517.626440146937966, -366269.799838153121527 ], [ 11457510.287257436662912, -366274.001497734920122 ], [ 11457494.974148284643888, -366282.767871491611004 ], [ 11457490.37331373244524, -366299.746450559236109 ], [ 11457478.408694861456752, -366343.895005393191241 ], [ 11457462.390933331102133, -366384.524536492710467 ], [ 11457447.51197019033134, -366422.261688230501022 ], [ 11457430.553558962419629, -366447.944233561342116 ], [ 11457419.067502584308386, -366465.338187605142593 ], [ 11457415.24712897837162, -366471.123535851889756 ], [ 11457399.663624782115221, -366496.349263370619155 ], [ 11457377.956212759017944, -366531.488090393133461 ], [ 11457331.267705123871565, -366589.830005800351501 ], [ 11457328.045005865395069, -366589.931473904231098 ], [ 11457314.669969048351049, -366602.608297654311173 ], [ 11457311.049859207123518, -366606.039258112781681 ], [ 11457307.155903419479728, -366609.731136713991873 ], [ 11457279.213598035275936, -366660.353706768481061 ], [ 11457278.131572587415576, -366662.31505306676263 ], [ 11457272.56671123765409, -366675.929629502701573 ], [ 11457267.906877351924777, -366682.847306810785085 ], [ 11457255.904409857466817, -366700.667798613605555 ], [ 11457234.414182158187032, -366711.737869040225632 ], [ 11457212.792597465217113, -366722.874842700490262 ], [ 11457191.933551279827952, -366725.301159902126528 ], [ 11457191.870099170133471, -366725.307850114011671 ], [ 11457190.034440765157342, -366725.204151813697536 ], [ 11457158.306159496307373, -366723.411174761014991 ], [ 11457146.349332990124822, -366722.73546327103395 ], [ 11457129.107057062909007, -366730.13149374211207 ], [ 11457103.937720194458961, -366752.615072593674995 ], [ 11457103.657195081934333, -366747.491483378631528 ], [ 11457083.388142198324203, -366773.213130156451371 ], [ 11457083.014108704403043, -366773.688135477248579 ], [ 11457043.237205618992448, -366775.206145464791916 ], [ 11457038.047713598236442, -366775.404175860516261 ] ] ] ] } },
{ "type": "Feature", "properties": { "fid": 40121, "kdkab": "74", "kdkec": "012", "nmkab": "LUBUKLINGGAU", "nmkec": "LUBUK LINGGAU BARAT II", "kddesa": "001", "kdprov": "16", "nmdesa": "SIDOREJO", "nmprov": "SUMATERA SELATAN", "iddesa": "1674012001" }, "geometry": { "type": "MultiPolygon", "coordinates": [ [ [ [ 11449518.87185250595212, -367713.095537444809452 ], [ 11449518.728139042854309, -367713.301820846681949 ], [ 11449527.696816457435489, -367727.817371602286585 ], [ 11449560.246635563671589, -367809.534631289134268 ], [ 11449563.595125852152705, -367817.941300870850682 ], [ 11449563.620729329064488, -367818.005639050155878 ], [ 11449532.340620337054133, -367842.513582793530077 ], [ 11449466.122443877160549, -367894.395380939706229 ], [ 11449466.133019225671887, -367894.418462414469104 ], [ 11449466.031495852395892, -367894.470423618098721 ], [ 11449466.046301348134875, -367894.502759988594335 ], [ 11449465.985298266634345, -367894.531862718227785 ], [ 11449465.604808244854212, -367893.700260487385094 ], [ 11449447.983823405578732, -367875.228946990217082 ], [ 11449436.221138093620539, -367840.162841310724616 ], [ 11449434.884970245882869, -367836.919951045536436 ], [ 11449424.758013529703021, -367814.647565131250303 ], [ 11449410.331898076459765, -367795.380790827563033 ], [ 11449389.736901722848415, -367812.164022221695632 ], [ 11449389.094699583947659, -367812.697348919173237 ], [ 11449384.471712451428175, -367807.756466828519478 ], [ 11449383.558669988065958, -367806.780578241974581 ], [ 11449371.180833164602518, -367794.314806616224814 ], [ 11449318.530164925381541, -367742.519917427096516 ], [ 11449312.161799497902393, -367736.096027736610267 ], [ 11449311.331467414274812, -367736.166944638011046 ], [ 11449311.314324211329222, -367736.168171187979169 ], [ 11449207.701593086123466, -367742.23123208922334 ], [ 11449200.412504149600863, -367727.764072423567995 ], [ 11449188.489073490723968, -367703.965322907955851 ], [ 11449188.394563242793083, -367703.776768740674015 ], [ 11449190.333414811640978, -367692.809740976663306 ], [ 11449190.455087013542652, -367692.121312060160562 ], [ 11449172.364333929494023, -367671.904875234642532 ], [ 11449152.452171334996819, -367649.653039335913491 ], [ 11449109.927569253370166, -367602.131736508337781 ], [ 11449090.586698282510042, -367582.288409865228459 ], [ 11449086.78981308825314, -367578.096178626117762 ], [ 11449083.605853013694286, -367574.580556259199511 ], [ 11449083.383770629763603, -367574.27603773662122 ], [ 11449084.744206130504608, -367573.214627335837577 ], [ 11449093.036394996568561, -367565.606905312393792 ], [ 11449109.357724776491523, -367550.395811495138332 ], [ 11449115.645383579656482, -367544.525552155333571 ], [ 11449146.983601346611977, -367515.097099101287313 ], [ 11449173.380792200565338, -367490.350497057661414 ], [ 11449185.62259660102427, -367478.779248578299303 ], [ 11449224.826204314827919, -367441.687347329221666 ], [ 11449229.270857622846961, -367437.429668407188728 ], [ 11449229.158090975135565, -367437.360312752891332 ], [ 11449229.291117770597339, -367437.29017657059012 ], [ 11449230.849145364016294, -367435.778959287446924 ], [ 11449233.79688547924161, -367432.919767011073418 ], [ 11449236.324394514784217, -367430.468122875434346 ], [ 11449241.419376289471984, -367425.784721141739283 ], [ 11449264.901221, -367403.80444746959256 ], [ 11449312.178052142262459, -367359.551103210600559 ], [ 11449330.251773348078132, -367342.633131837297697 ], [ 11449348.197811093181372, -367325.834918506327085 ], [ 11449352.53248074837029, -367321.824114218645263 ], [ 11449352.551961656659842, -367321.806050547456834 ], [ 11449353.228784166276455, -367321.685514564160258 ], [ 11449356.558350132778287, -367321.092647011042573 ], [ 11449357.492543296888471, -367320.903981992101762 ], [ 11449378.192402610555291, -367316.72302255948307 ], [ 11449394.12867827527225, -367313.601798625662923 ], [ 11449404.90117672085762, -367311.461588188016322 ], [ 11449411.475037926808, -367310.092986404721159 ], [ 11449430.04045732319355, -367306.397962390969042 ], [ 11449432.188589535653591, -367305.977257298363838 ], [ 11449437.530366623774171, -367304.951642294880003 ], [ 11449435.919462276622653, -367302.309774941764772 ], [ 11449420.185454124584794, -367276.504600447195116 ], [ 11449420.506610857322812, -367276.418630780477542 ], [ 11449408.819734117016196, -367254.024037561146542 ], [ 11449406.628855213522911, -367252.608158763032407 ], [ 11449405.570429496467113, -367250.959013448446058 ], [ 11449400.292327160015702, -367242.734919044945855 ], [ 11449376.436782920733094, -367206.480380543856882 ], [ 11449331.1935362406075, -367143.858841620851308 ], [ 11449311.049717782065272, -367155.815747420303524 ], [ 11449310.368887774646282, -367156.219837848213501 ], [ 11449310.368887774646282, -367156.739892422570847 ], [ 11449242.060242597013712, -367199.968210731516592 ], [ 11449221.875458568334579, -367212.688033203245141 ], [ 11449219.453369088470936, -367214.214300496503711 ], [ 11449219.409397892653942, -367214.156541399715934 ], [ 11449219.386466072872281, -367214.172597982804291 ], [ 11449188.718057679012418, -367174.001267747255042 ], [ 11449188.523025931790471, -367173.745812085689977 ], [ 11449197.998874947428703, -367165.583050601067953 ], [ 11449235.98475875146687, -367132.491347040457185 ], [ 11449235.971845688298345, -367132.465143608511426 ], [ 11449236.326843542978168, -367132.137656487175263 ], [ 11449249.460984986275434, -367120.023867193551268 ], [ 11449249.367921890690923, -367119.880138606706169 ], [ 11449246.634583113715053, -367115.659491351107135 ], [ 11449246.670873269438744, -367115.602401334792376 ], [ 11449246.217135027050972, -367115.01477556390455 ], [ 11449141.794331960380077, -366979.779868465091567 ], [ 11449168.109257712960243, -366950.49261755932821 ], [ 11449180.974451264366508, -366911.247644318616949 ], [ 11449170.772910486906767, -366832.727298976562452 ], [ 11449193.117515277117491, -366825.663319533341564 ], [ 11449193.081893043592572, -366824.854583567590453 ], [ 11449192.900219632312655, -366820.731067206477746 ], [ 11449192.567263031378388, -366813.173796441522427 ], [ 11449190.589115679264069, -366807.785940824192949 ], [ 11449190.583549708127975, -366807.770330315921456 ], [ 11449190.580210126936436, -366807.763640099146869 ], [ 11449190.146064110100269, -366806.580586572701577 ], [ 11449188.662175297737122, -366802.537465004017577 ], [ 11449165.015132468193769, -366738.134438592998777 ], [ 11449162.26498444378376, -366730.644410091743339 ], [ 11449148.29772793315351, -366692.604979073978029 ], [ 11449148.161918153986335, -366692.234787399182096 ], [ 11449120.444478143006563, -366599.433795167598873 ], [ 11449020.147843331098557, -366506.475660760421306 ], [ 11448970.812603484839201, -366480.705460314231459 ], [ 11448933.707145536318421, -366461.323511798109394 ], [ 11448910.733029026538134, -366460.012233186047524 ], [ 11448851.867282290011644, -366456.651524294924457 ], [ 11448849.380404867231846, -366456.509915132075548 ], [ 11448796.92777400277555, -366458.215915312350262 ], [ 11448783.134175896644592, -366461.27110525110038 ], [ 11448771.791832979768515, -366463.782159234106075 ], [ 11448718.824906062334776, -366429.943147028621752 ], [ 11448690.302626134827733, -366423.725725845084526 ], [ 11448679.761783549562097, -366421.427643966919277 ], [ 11448650.941167388111353, -366422.401067289407365 ], [ 11448601.592123920097947, -366424.06804081046721 ], [ 11448565.350950501859188, -366401.506476194481365 ], [ 11448560.903736840933561, -366397.572642522049136 ], [ 11448543.06144885905087, -366381.786017760576215 ], [ 11448532.464946525171399, -366376.423828802246135 ], [ 11448526.330129386857152, -366373.319579795235768 ], [ 11448464.89178922958672, -366384.426413668843452 ], [ 11448448.11260237917304, -366397.506855627172627 ], [ 11448439.725791946053505, -366404.044289603829384 ], [ 11448414.554228683933616, -366426.472050831362139 ], [ 11448400.50014297105372, -366471.405639187491033 ], [ 11448372.542252859100699, -366491.016840271709953 ], [ 11448333.424583794549108, -366507.793630119529553 ], [ 11448313.197832319885492, -366503.221993665909395 ], [ 11448308.313133060932159, -366502.118110743293073 ], [ 11448299.352248011156917, -366491.763020449550822 ], [ 11448288.82109022513032, -366479.593326369300485 ], [ 11448266.53047538548708, -366459.872854080051184 ], [ 11448255.455299250781536, -366417.694515422219411 ], [ 11448256.168857183307409, -366409.29163156345021 ], [ 11448258.319549748674035, -366383.977055744850077 ], [ 11448247.413579234853387, -366369.272013869776856 ], [ 11448233.268211537972093, -366350.199394585215487 ], [ 11448232.726085618138313, -366349.102203371643554 ], [ 11448222.36558061093092, -366328.128458818770014 ], [ 11448219.371086305007339, -366322.066032702918164 ], [ 11448220.597827099263668, -366302.97223592561204 ], [ 11448222.258713897317648, -366277.107974038866814 ], [ 11448239.122503558173776, -366223.749293774948455 ], [ 11448239.177050108090043, -366198.45706081186654 ], [ 11448223.374135199934244, -366177.68182001268724 ], [ 11448211.340498240664601, -366161.862890606396832 ], [ 11448206.150783583521843, -366150.039114849583711 ], [ 11448200.228586670011282, -366136.546141059545334 ], [ 11448195.075607441365719, -366133.565667026326992 ], [ 11448180.712053546682, -366125.262042265385389 ], [ 11448150.053552584722638, -366102.712803597969469 ], [ 11448144.489804435521364, -366102.192084941721987 ], [ 11448119.352750219404697, -366099.836028188059572 ], [ 11448094.191205719485879, -366108.237773630942684 ], [ 11448083.014728842303157, -366122.239197413960937 ], [ 11448066.272277427837253, -366119.39252729160944 ], [ 11448063.110803887248039, -366110.848057253460865 ], [ 11448057.945579510182142, -366096.892351098998915 ], [ 11448041.268806597217917, -366063.13261760311434 ], [ 11448035.938829377293587, -366041.467609226529021 ], [ 11448032.967712169513106, -366029.390734802989755 ], [ 11448024.665504548698664, -365995.649977264693007 ], [ 11448005.172348512336612, -365973.125295486068353 ], [ 11447988.477764477953315, -365947.796323582006153 ], [ 11447986.828009624034166, -365941.932393112860154 ], [ 11447982.937393423169851, -365928.112741505552549 ], [ 11447996.919121464714408, -365916.901140624191612 ], [ 11448038.822004191577435, -365902.942113717144821 ], [ 11448052.797053065150976, -365894.541498797247186 ], [ 11448066.729800531640649, -365880.57578453340102 ], [ 11448077.975295489653945, -365869.303976990573574 ], [ 11448097.147851392626762, -365847.684722451551352 ], [ 11448100.361645091325045, -365844.059770747087896 ], [ 11448089.25641268864274, -365815.933227021072526 ], [ 11448066.954665903002024, -365801.832604446215555 ], [ 11448058.780475694686174, -365801.814764025097247 ], [ 11448052.996314954012632, -365801.802498733217362 ], [ 11448039.881765741854906, -365803.973454824765213 ], [ 11448019.486921835690737, -365807.34975435747765 ], [ 11447974.809957401826978, -365812.873594705422875 ], [ 11447921.766220038756728, -365815.568613394745626 ], [ 11447919.322757214307785, -365815.016675350838341 ], [ 11447846.431867837905884, -365798.542162089957856 ], [ 11447822.012824336066842, -365786.185442481772043 ], [ 11447796.239022631198168, -365773.140753236657474 ], [ 11447776.770356887951493, -365739.375542812573258 ], [ 11447771.464869955554605, -365710.540984457766172 ], [ 11447768.492639554664493, -365694.393189029535279 ], [ 11447751.828111780807376, -365655.013852680101991 ], [ 11447724.626081004738808, -365642.961550725041889 ], [ 11447707.206807093694806, -365635.244465477124322 ], [ 11447692.433597469702363, -365635.212129764666315 ], [ 11447656.960528532043099, -365635.135193066031206 ], [ 11447601.063672622665763, -365665.925485502113588 ], [ 11447526.500764491036534, -365721.491648603114299 ], [ 11447521.238692164421082, -365626.403436086548027 ], [ 11447519.802670732140541, -365600.440094291232526 ], [ 11447516.198479576036334, -365583.944650327961426 ], [ 11447515.90749042853713, -365578.843303926871158 ], [ 11447417.145283473655581, -365070.373339873040095 ], [ 11447401.907537616789341, -364984.079829778173007 ], [ 11447346.221075542271137, -364772.01028877380304 ], [ 11447338.840593300759792, -364743.904085796675645 ], [ 11447327.345631362870336, -364576.820565451227594 ], [ 11447316.636918988078833, -364393.88037154765334 ], [ 11447270.60063225030899, -364207.09001199004706 ], [ 11447252.73608037084341, -364127.618796736758668 ], [ 11447060.119186213240027, -363648.172206497343723 ], [ 11446976.707157801836729, -363440.005366833938751 ], [ 11446997.726504053920507, -363432.498388741631061 ], [ 11447028.035795772448182, -363421.672383257304318 ], [ 11447029.904516063630581, -363421.004942780069541 ], [ 11447030.052570983767509, -363420.95253766712267 ], [ 11447030.123815461993217, -363420.926892609219067 ], [ 11447122.37873025983572, -363387.985264763643499 ], [ 11447262.022352293133736, -363338.124610494065564 ], [ 11447262.693274863064289, -363339.111052446707617 ], [ 11449452.410331638529897, -366558.692682113964111 ], [ 11449453.840787095949054, -366561.850457928143442 ], [ 11449454.140236523002386, -366562.513903069950175 ], [ 11449454.446365125477314, -366563.18849855044391 ], [ 11449455.988140074536204, -366566.592696982203051 ], [ 11449458.890350516885519, -366573.001800498284865 ], [ 11449468.074987744912505, -366593.285050607286394 ], [ 11449519.19868652895093, -366706.186108159017749 ], [ 11449572.393818398937583, -366823.660714005702175 ], [ 11449574.163798306137323, -366822.213396667561028 ], [ 11449574.279570575803518, -366822.119733606406953 ], [ 11449575.461115652695298, -366821.343333717726637 ], [ 11449576.781476126983762, -366828.485365441301838 ], [ 11449577.214174993336201, -366830.826050136471167 ], [ 11449578.474645584821701, -366837.643829821492545 ], [ 11449622.205728303641081, -366931.508432450355031 ], [ 11449627.343679402023554, -366942.53637747868197 ], [ 11449628.265516107901931, -366942.023348647402599 ], [ 11449629.10441979020834, -366941.556593880348373 ], [ 11449628.113119723275304, -366940.267610349692404 ], [ 11449628.044324278831482, -366940.178072829148732 ], [ 11449628.100540621206164, -366940.123101471399423 ], [ 11449646.455454859882593, -366922.175679974781815 ], [ 11449647.84583530202508, -366920.816114797082264 ], [ 11449672.189070230349898, -366895.878416481311433 ], [ 11449707.306362072005868, -366876.747947858239058 ], [ 11449709.153486382216215, -366875.741738464392256 ], [ 11449750.540291951969266, -366853.195804123475682 ], [ 11449766.796054547652602, -366844.340293930377811 ], [ 11449825.536678172647953, -366805.532340947247576 ], [ 11449831.022057402879, -366801.908361543202773 ], [ 11449831.059349430724978, -366801.883719242701773 ], [ 11449834.460159875452518, -366799.63703270687256 ], [ 11449833.622814662754536, -366798.976931259967387 ], [ 11449862.281906247138977, -366783.02890373946866 ], [ 11449864.421466862782836, -366781.838268229330424 ], [ 11449911.773216027766466, -366776.710663540812675 ], [ 11449946.967206995934248, -366778.633543145959266 ], [ 11449978.321788731962442, -366790.811521257739514 ], [ 11450004.076332166790962, -366778.329026808671188 ], [ 11450009.5390022136271, -366775.681373805215117 ], [ 11450010.106175020337105, -366775.406517436669674 ], [ 11450010.352970330044627, -366775.506090149865486 ], [ 11450011.616557871922851, -366776.068625806074124 ], [ 11450017.711299991235137, -366778.781842934549786 ], [ 11450018.801897045224905, -366779.344601618417073 ], [ 11450023.689379287883639, -366782.12315994000528 ], [ 11450025.390007145702839, -366783.090007716440596 ], [ 11450030.019562134519219, -366786.478713885473553 ], [ 11450033.810102114453912, -366790.275634887686465 ], [ 11450033.812105864286423, -366790.27764195058262 ], [ 11450035.005116848275065, -366791.472626190748997 ], [ 11450035.979718990623951, -366792.66571488318732 ], [ 11450038.210227623581886, -366795.396326981775928 ], [ 11450039.953713489696383, -366799.180202363641001 ], [ 11450040.34689393080771, -366800.033539595664479 ], [ 11450040.471126483753324, -366801.502488347294275 ], [ 11450041.236781945452094, -366810.556360089452937 ], [ 11450041.236559299752116, -366810.575761725776829 ], [ 11450041.068912148475647, -366815.780640001175925 ], [ 11450041.059116035699844, -366816.08526794356294 ], [ 11450041.142605651170015, -366823.777792833570857 ], [ 11450041.236670618876815, -366832.44474870711565 ], [ 11450041.237227218225598, -366832.493810316896997 ], [ 11450041.142605651170015, -366833.251812178234104 ], [ 11450041.103643830865622, -366833.563910917146131 ], [ 11450040.6139493919909, -366834.589410060434602 ], [ 11450040.568085759878159, -366834.545143107068725 ], [ 11450039.412144167348742, -366833.430106523446739 ], [ 11450035.272283622995019, -366840.608823728805874 ], [ 11450022.585535215213895, -366861.92197075241711 ], [ 11450022.967138431966305, -366862.304205390566494 ], [ 11450023.247774867340922, -366862.507253605115693 ], [ 11450023.158719273284078, -366862.953156849194784 ], [ 11450023.603885916993022, -366863.265255665173754 ], [ 11450023.615240504965186, -366863.370738153578714 ], [ 11450023.653979688882828, -366863.393373403523583 ], [ 11450024.410729590803385, -366869.769488955498673 ], [ 11450024.313992951065302, -366869.889132415177301 ], [ 11450023.720771387219429, -366870.622715221135877 ], [ 11450020.804979963228106, -366874.228410258539952 ], [ 11450001.935769675299525, -366896.743796851485968 ], [ 11449985.009752418845892, -366917.038702487479895 ], [ 11449948.308161582797766, -366961.057154734560754 ], [ 11449947.622990116477013, -366962.200960571120959 ], [ 11449947.587701838463545, -366962.170520035957452 ], [ 11449939.115398036316037, -366954.864903672074433 ], [ 11449938.963224286213517, -366954.580011511861812 ], [ 11449938.584849340841174, -366954.256539053516462 ], [ 11449938.508929448202252, -366954.341950944857672 ], [ 11449913.751697333529592, -366982.184448041021824 ], [ 11449893.006197029724717, -367005.515507044619881 ], [ 11449825.751747431233525, -367069.383358397928532 ], [ 11449827.482542870566249, -367071.330662428576034 ], [ 11449828.035912061110139, -367071.952408161014318 ], [ 11449828.06674756295979, -367071.987308879382908 ], [ 11449828.382672276347876, -367072.342560298042372 ], [ 11449829.881589220836759, -367074.028833749296609 ], [ 11449830.026861157268286, -367074.192521472694352 ], [ 11449830.58991514146328, -367074.830100772262085 ], [ 11449832.820423774421215, -367077.356779176683631 ], [ 11449833.977255925536156, -367078.665723496524151 ], [ 11449834.864583587273955, -367079.978235957154538 ], [ 11449834.979465300217271, -367080.148167905397713 ], [ 11449835.556322902441025, -367081.00061526306672 ], [ 11449835.737884989008307, -367081.270454721350688 ], [ 11449835.79243153706193, -367081.351295054249931 ], [ 11449837.801859671249986, -367084.322874203324318 ], [ 11449837.805533213540912, -367084.328337894112337 ], [ 11449837.855626985430717, -367084.484554867492989 ], [ 11449838.171106422320008, -367085.467684847768396 ], [ 11449838.206172056496143, -367085.57684717560187 ], [ 11449838.699651362374425, -367087.339724017132539 ], [ 11449839.541560670360923, -367090.347765108104795 ], [ 11449839.512394968420267, -367090.855553939298261 ], [ 11449839.489463148638606, -367091.254626456648111 ], [ 11449839.498813988640904, -367091.400808091915678 ], [ 11449839.298884185031056, -367094.686159543460235 ], [ 11449839.221628457307816, -367096.129466291808058 ], [ 11449839.205153170973063, -367096.201832338527311 ], [ 11449839.192462749779224, -367096.423279123730026 ], [ 11449839.185449620708823, -367096.545598925265949 ], [ 11449838.873866364359856, -367099.934314664977137 ], [ 11449838.448180634528399, -367101.257531754963566 ], [ 11449837.226894499734044, -367105.061934293014929 ], [ 11449835.357394969090819, -367108.361447144648992 ], [ 11449829.970978768542409, -367116.565795386501122 ], [ 11449828.145895719528198, -367119.196507918066345 ], [ 11449824.273090636357665, -367123.432319849729538 ], [ 11449820.31134127266705, -367127.445347043161746 ], [ 11449816.705591646954417, -367130.477362565754447 ], [ 11449812.050433181226254, -367133.862511221319437 ], [ 11449809.913655556738377, -367135.088720269326586 ], [ 11449809.914434792473912, -367135.105780372454319 ], [ 11449809.748791394755244, -367135.204015362309292 ], [ 11449809.138203984126449, -367135.561608566960786 ], [ 11449808.030686369165778, -367136.200414756312966 ], [ 11449807.98081523925066, -367136.229182778508402 ], [ 11449807.628934329375625, -367136.466574712714646 ], [ 11449807.202358040958643, -367136.75447794678621 ], [ 11449802.361073387786746, -367139.850608510314487 ], [ 11449801.970008013769984, -367140.100711903069168 ], [ 11449801.748704865574837, -367140.242210434982553 ], [ 11449790.709150962531567, -367147.733047110436019 ], [ 11449782.043707842007279, -367153.684906351729296 ], [ 11449778.245041541755199, -367156.026489941461477 ], [ 11449777.011621579527855, -367157.745323832205031 ], [ 11449774.149708790704608, -367161.733709886553697 ], [ 11449772.132154339924455, -367168.729024253610987 ], [ 11449771.834931304678321, -367169.759655681089498 ], [ 11449772.154640879482031, -367171.452509355556685 ], [ 11449773.081375641748309, -367176.358796840766445 ], [ 11449774.149708790704608, -367180.817618961154949 ], [ 11449775.473631497472525, -367184.951964591746219 ], [ 11449777.287916557863355, -367190.292560818081256 ], [ 11449775.462833506986499, -367195.732395883242134 ], [ 11449758.48048859089613, -367201.551233395177405 ], [ 11449713.737845655530691, -367216.872891351405997 ], [ 11449710.694148136302829, -367217.915119644487277 ], [ 11449690.848888551816344, -367224.68118523620069 ], [ 11449690.684803623706102, -367224.737160267133731 ], [ 11449690.603206438943744, -367224.725675350986421 ], [ 11449690.541535442695022, -367224.716978031850886 ], [ 11449667.241809420287609, -367232.747834567853715 ], [ 11449663.575390670448542, -367234.011510070064105 ], [ 11449663.669010365381837, -367234.135279579902999 ], [ 11449665.168817861005664, -367236.118379302206449 ], [ 11449665.80111257173121, -367236.954325260652695 ], [ 11449666.623763607814908, -367241.995089553529397 ], [ 11449667.314612364396453, -367246.228787594649475 ], [ 11449668.141382224857807, -367253.497626802127343 ], [ 11449668.516528908163309, -367256.796140530728735 ], [ 11449668.546585168689489, -367260.583265269175172 ], [ 11449668.47634257376194, -367268.873371419904288 ], [ 11449668.427473314106464, -367269.191827119968366 ], [ 11449662.451286450028419, -367284.4101301075425 ], [ 11449659.480057924985886, -367291.976464809093159 ], [ 11449652.181729465723038, -367312.04698490886949 ], [ 11449652.973656326532364, -367322.975283053820021 ], [ 11449653.593928525224328, -367324.160237656149548 ], [ 11449657.076336156576872, -367330.813021500536706 ], [ 11449657.476975005120039, -367331.08051997871371 ], [ 11449664.109612908214331, -367335.494746658077929 ], [ 11449666.958501314744353, -367337.367459071974736 ], [ 11449669.495917789638042, -367338.482166205474641 ], [ 11449672.530041832476854, -367340.067866950063035 ], [ 11449655.247802199795842, -367355.352636165509466 ], [ 11449655.353333082050085, -367355.750594591838308 ], [ 11449620.376749074086547, -367386.190571553714108 ], [ 11449598.831418229267001, -367402.222202445904259 ], [ 11449590.827658157795668, -367405.713511425885372 ], [ 11449561.46235572360456, -367418.522783904627431 ], [ 11449561.174038240686059, -367418.648560694651678 ], [ 11449591.951428415253758, -367486.47126191057032 ], [ 11449581.418600836768746, -367492.083162666589487 ], [ 11449578.180650811642408, -367493.754723934340291 ], [ 11449578.095491396263242, -367493.853739770362154 ], [ 11449577.825764276087284, -367494.167066915193573 ], [ 11449568.70235276594758, -367499.184426989173517 ], [ 11449568.448878284543753, -367499.352910032728687 ], [ 11449568.089984249323606, -367499.562203653156757 ], [ 11449568.057367635890841, -367499.580936378391925 ], [ 11449567.433867167681456, -367499.934962619678117 ], [ 11449530.965268025174737, -367518.964627297478728 ], [ 11449458.508524665609002, -367556.773081588733476 ], [ 11449457.792183741927147, -367557.405199943052139 ], [ 11449442.443007070571184, -367570.94963845750317 ], [ 11449409.775523262098432, -367598.835665599501226 ], [ 11449411.654262309893966, -367600.589072724804282 ], [ 11449411.60851, -367600.652072732744273 ], [ 11449416.225819835439324, -367604.933954385924153 ], [ 11449499.468976581469178, -367682.126939295150805 ], [ 11449516.526016879826784, -367709.269705165002961 ], [ 11449518.87185250595212, -367713.095537444809452 ] ] ] ] } },
{ "type": "Feature", "properties": { "fid": 40463, "kdkab": "74", "kdkec": "041", "nmkab": "LUBUKLINGGAU", "nmkec": "LUBUK LINGGAU UTARA I", "kddesa": "002", "kdprov": "16", "nmdesa": "PETANANG ULU", "nmprov": "SUMATERA SELATAN", "iddesa": "1674041002" }, "geometry": { "type": "MultiPolygon", "coordinates": [ [ [ [ 11442124.770341131836176, -364634.498804002418183 ], [ 11442083.52313020825386, -364647.511024622654077 ], [ 11442042.654405549168587, -364660.40394018049119 ], [ 11441897.508261093869805, -364706.192032915831078 ], [ 11441791.144714027643204, -364775.688837886380497 ], [ 11441622.198462435975671, -364886.076476559217554 ], [ 11441592.795645331963897, -364908.173887007578742 ], [ 11441574.30770430341363, -364922.069233327871189 ], [ 11441484.408755205571651, -365112.040043285524007 ], [ 11441466.22872388549149, -365150.457371780124959 ], [ 11441461.665737956762314, -365198.316258056031074 ], [ 11441452.930497514083982, -365289.938619631459005 ], [ 11441452.685594635084271, -365289.853878030029591 ], [ 11441452.662217542529106, -365289.846072882413864 ], [ 11441437.255600014701486, -365284.053538397070952 ], [ 11441365.162871386855841, -365407.838783589075319 ], [ 11441245.992016909644008, -365495.828571854333859 ], [ 11441216.898556670174003, -365517.309829702251591 ], [ 11441169.906258150935173, -365552.006798131915275 ], [ 11441090.519876483827829, -365571.798471045738552 ], [ 11440983.566336117684841, -365598.4620413533994 ], [ 11440907.08906670473516, -365445.257265197811648 ], [ 11440904.444894840940833, -365439.960350183304399 ], [ 11440880.246820531785488, -365433.900983002677094 ], [ 11440652.247248865664005, -365376.807717734598555 ], [ 11440400.8902876842767, -365585.592321372881997 ], [ 11440232.037544462829828, -365725.846714991261251 ], [ 11440179.45889993198216, -365769.520264064369258 ], [ 11440118.226055551320314, -365771.371318580757361 ], [ 11440010.96794505789876, -365774.61370251030894 ], [ 11439948.478748900815845, -365776.502556497754995 ], [ 11439934.33338120393455, -365775.678552304801997 ], [ 11439792.89306259341538, -365767.44854595081415 ], [ 11439454.308152178302407, -365604.158700096071698 ], [ 11439290.379070036113262, -365654.681575305236038 ], [ 11439242.44155771099031, -365737.619377503346186 ], [ 11438435.775999628007412, -365702.352238852879964 ], [ 11438464.508673397824168, -365687.687427963188384 ], [ 11438520.968805935233831, -365658.871838415565435 ], [ 11438556.653381900861859, -365626.940877884859219 ], [ 11438567.781991396099329, -365616.983709747961257 ], [ 11438568.277363130822778, -365615.08593827689765 ], [ 11438577.878669207915664, -365578.371537276310846 ], [ 11438609.641459522768855, -365551.567478784418199 ], [ 11438649.716476202011108, -365538.219530596281402 ], [ 11438684.414761489257216, -365533.124987936753314 ], [ 11438694.781945664435625, -365531.602980814583134 ], [ 11438712.821269145235419, -365518.692124192079064 ], [ 11438729.877641525119543, -365506.484848748310469 ], [ 11438758.30307350307703, -365479.673002390190959 ], [ 11438756.704525612294674, -365447.754358473524917 ], [ 11438795.716441160067916, -365425.068109255982563 ], [ 11438808.497031899169087, -365417.635369811381679 ], [ 11438846.501506058499217, -365417.721226533234585 ], [ 11438890.255631908774376, -365417.8204635217553 ], [ 11438924.638883033767343, -365421.744227361807134 ], [ 11438950.308044416829944, -365424.674506334064063 ], [ 11439007.102135425433517, -365396.247012524225283 ], [ 11439013.551986718550324, -365367.333376419206616 ], [ 11439013.843643788248301, -365366.026570787245873 ], [ 11438993.888511864468455, -365335.74592608230887 ], [ 11438997.292661895975471, -365305.517695599177387 ], [ 11439026.15001349337399, -365261.392967976571526 ], [ 11439029.103319585323334, -365256.876018725743052 ], [ 11439152.777047462761402, -365166.447870588279329 ], [ 11439160.037304654717445, -365164.029392518103123 ], [ 11439177.823932891711593, -365158.105292230495252 ], [ 11439185.022964363917708, -365150.510892724385485 ], [ 11439209.601194731891155, -365124.582227380189579 ], [ 11439208.011552406474948, -365089.303017512022052 ], [ 11439208.099494805559516, -365089.16364012187114 ], [ 11439228.104720495641232, -365057.433546172105707 ], [ 11439240.167300520464778, -365055.184553317842074 ], [ 11439254.812492728233337, -365052.453872414422221 ], [ 11439269.22168761305511, -365055.711957191699184 ], [ 11439269.821699669584632, -365055.847989481000695 ], [ 11439319.912130940705538, -365040.842067955411039 ], [ 11439356.672053191810846, -365017.408839212323073 ], [ 11439422.953904395923018, -365014.276752625533845 ], [ 11439427.226346457377076, -365014.073819283687044 ], [ 11439427.300930518656969, -365014.070474232255947 ], [ 11439458.146448221057653, -365012.613145259791054 ], [ 11439458.463708769530058, -365012.598650022584479 ], [ 11439480.803304178640246, -364991.225980675138999 ], [ 11439492.634339662268758, -364979.908547340543009 ], [ 11439494.927521169185638, -364977.715306948113721 ], [ 11439495.704531216993928, -364976.677225210529286 ], [ 11439520.371817184612155, -364937.04726343753282 ], [ 11439522.132891526445746, -364898.502227459510323 ], [ 11439527.862505719065666, -364890.21095992741175 ], [ 11439537.187739465385675, -364876.714793649618514 ], [ 11439544.307734094560146, -364872.962761595612392 ], [ 11439580.232760161161423, -364854.030890622467268 ], [ 11439596.952947678044438, -364845.218913611373864 ], [ 11439600.555246397852898, -364843.320040257647634 ], [ 11439603.042123828083277, -364842.328790467814542 ], [ 11439614.720651607960463, -364837.740497123333625 ], [ 11439647.426317995414138, -364824.889931721612811 ], [ 11439643.955376278609037, -364816.978890239319298 ], [ 11439620.864374298602343, -364764.359049735125154 ], [ 11439629.33467435836792, -364735.768931923434138 ], [ 11439650.53101859614253, -364718.46054661902599 ], [ 11439654.942610016092658, -364714.857931939768605 ], [ 11439674.334465308114886, -364699.023599964333698 ], [ 11439701.272668890655041, -364688.893687333445996 ], [ 11439701.307177934795618, -364688.880307154380716 ], [ 11439717.113432429730892, -364682.952887048188131 ], [ 11439728.630546946078539, -364678.599868413817603 ], [ 11439738.70162128098309, -364674.375076675263699 ], [ 11439758.065646702423692, -364666.249963002977893 ], [ 11439831.386229312047362, -364635.490051947184838 ], [ 11439854.856830755248666, -364590.113428402168211 ], [ 11439858.995689421892166, -364561.404048725322355 ], [ 11439859.912962026894093, -364555.045125057222322 ], [ 11439844.987244693562388, -364521.29700859793229 ], [ 11439800.604163719341159, -364492.889815165952314 ], [ 11439763.34441695548594, -364469.041916626621969 ], [ 11439723.990750571712852, -364420.121851175790653 ], [ 11439683.718698389828205, -364370.062264951353427 ], [ 11439681.014747958630323, -364363.473659732146189 ], [ 11439668.863112341612577, -364332.42281401832588 ], [ 11439661.290047379210591, -364313.070675383904018 ], [ 11439645.262267099693418, -364271.978054710722063 ], [ 11439640.113740647211671, -364244.873257100989576 ], [ 11439625.556490836665034, -364167.925282371346839 ], [ 11439626.963569203391671, -364162.71261120447889 ], [ 11439637.297357531264424, -364124.409799441113137 ], [ 11439657.259168623015285, -364107.739294148224872 ], [ 11439684.546915400773287, -364084.949621371808462 ], [ 11439687.22860193438828, -364082.710683173267171 ], [ 11439691.334064753726125, -364081.80418082192773 ], [ 11439741.018179882317781, -364072.575251360482071 ], [ 11439791.441456433385611, -364074.526517041609623 ], [ 11439804.448025735095143, -364078.587379777745809 ], [ 11439833.260849537327886, -364087.583272831980139 ], [ 11439863.051058474928141, -364097.12998115667142 ], [ 11439918.803199043497443, -364116.470932321390137 ], [ 11439954.292965903878212, -364136.877835997322109 ], [ 11439972.883320864289999, -364136.920206357317511 ], [ 11439982.268667135387659, -364136.940276533248834 ], [ 11440024.734826482832432, -364116.647103805153165 ], [ 11440035.191066252067685, -364109.104065539373551 ], [ 11440037.596680453047156, -364107.36799604864791 ], [ 11440066.195770828053355, -364086.736980936781038 ], [ 11440126.359502824023366, -364083.621645571896806 ], [ 11440141.210636090487242, -364101.976926229486708 ], [ 11440160.362041285261512, -364125.649689976242371 ], [ 11440166.194069409742951, -364132.858226492942777 ], [ 11440186.17480481043458, -364157.554575765971094 ], [ 11440200.468227429315448, -364162.016845060570631 ], [ 11440207.752974906936288, -364164.291465165326372 ], [ 11440239.660480555146933, -364159.314061241282616 ], [ 11440271.137179771438241, -364146.721141100977547 ], [ 11440286.517080619931221, -364140.567402793851215 ], [ 11440306.365345822647214, -364132.626304506382439 ], [ 11440309.415499873459339, -364130.03948238468729 ], [ 11440324.793174330145121, -364116.999446773319505 ], [ 11440336.495079202577472, -364107.075863616017159 ], [ 11440346.429230563342571, -364098.651968714781106 ], [ 11440356.259854791685939, -364090.72536852088524 ], [ 11440356.262081183493137, -364090.723138500878122 ], [ 11440359.828757669776678, -364087.92669563513482 ], [ 11440382.942023539915681, -364069.798879106121603 ], [ 11440412.487329591065645, -364046.627881088294089 ], [ 11440432.897758232429624, -364030.6208174622152 ], [ 11440449.155969865620136, -364017.869580618164036 ], [ 11440466.672091741114855, -364004.13267791189719 ], [ 11440503.533314721658826, -363975.222747279854957 ], [ 11440535.195917490869761, -363975.240587402542587 ], [ 11440550.594742653891444, -363986.344952431740239 ], [ 11440600.272178616374731, -364022.418815004813951 ], [ 11440622.072987692430615, -364027.45865331182722 ], [ 11440636.961969582363963, -364030.89956959488336 ], [ 11440662.941712344065309, -364068.243441672064364 ], [ 11440668.564459824934602, -364076.323911514773499 ], [ 11440667.040495995432138, -364104.291685440461151 ], [ 11440666.41265406832099, -364115.806386727199424 ], [ 11440665.133593115955591, -364140.314295610703994 ], [ 11440674.919689558446407, -364175.089221210393589 ], [ 11440678.331631949171424, -364187.209380263695493 ], [ 11440708.566005650907755, -364193.219284827529918 ], [ 11440746.173069221898913, -364200.693198134831619 ], [ 11440752.091926548629999, -364200.704348233295605 ], [ 11440830.142474321648479, -364199.307240427704528 ], [ 11440844.091919712722301, -364193.375386246189009 ], [ 11440896.880735440179706, -364170.929119083797559 ], [ 11440918.996578680351377, -364166.512564837175887 ], [ 11440920.522768901661038, -364166.208167138043791 ], [ 11440955.354637566953897, -364159.276150902966037 ], [ 11441002.1310875993222, -364135.838647062715609 ], [ 11441027.509593790397048, -364106.194560270232614 ], [ 11441029.630341406911612, -364103.71745567076141 ], [ 11441032.255255, -364100.65229525777977 ], [ 11441040.681027259677649, -364096.903634288115427 ], [ 11441107.533947456628084, -364067.219863499631174 ], [ 11441136.718578357249498, -364066.305556211620569 ], [ 11441151.406071972101927, -364065.846172547782771 ], [ 11441157.455173099413514, -364065.656621039379388 ], [ 11441159.432207260280848, -364065.857322639029007 ], [ 11441163.774780593812466, -364066.304441201849841 ], [ 11441207.51888769492507, -364070.806847177562304 ], [ 11441260.942224524915218, -364044.064476136933081 ], [ 11441263.934492437168956, -364041.337164977565408 ], [ 11441263.966775089502335, -364041.308174748963211 ], [ 11441299.425372486934066, -364008.860313072276767 ], [ 11441301.422444155439734, -363998.921129393565934 ], [ 11441304.459239862859249, -363983.80830905114999 ], [ 11441382.92055656015873, -363944.99488502764143 ], [ 11441393.488115819171071, -363837.629732150293421 ], [ 11441405.521752778440714, -363715.373784269148018 ], [ 11441406.156273873522878, -363708.924593270581681 ], [ 11441385.555488908663392, -363646.298106576374266 ], [ 11441378.005801040679216, -363623.34908212517621 ], [ 11441330.931014776229858, -363480.251729217590764 ], [ 11441331.081296088173985, -363411.809517861460336 ], [ 11441331.482046255841851, -363228.897988396231085 ], [ 11441331.525460854172707, -363209.120110380230471 ], [ 11441331.832702651619911, -363068.945698563125916 ], [ 11441325.585452828556299, -363062.877874385390896 ], [ 11441204.469846840947866, -362945.223252215946559 ], [ 11441262.189002823084593, -362891.193820219952613 ], [ 11441320.023931067436934, -362862.242921828175895 ], [ 11441378.160535134375095, -362909.276846152322832 ], [ 11441410.21052972972393, -362921.090243943966925 ], [ 11441442.171468729153275, -362932.870193043316249 ], [ 11441446.922473276033998, -362932.349489167158026 ], [ 11441544.659761678427458, -362606.031643265334424 ], [ 11441637.591721622273326, -362466.40834516758332 ], [ 11441744.422031311318278, -362305.904217518400401 ], [ 11441925.488303784281015, -362150.454233397787903 ], [ 11441935.104304037988186, -362142.198625920282211 ], [ 11442425.429925547912717, -361942.114449092186987 ], [ 11442453.563366496935487, -361932.975452158949338 ], [ 11442592.21958464756608, -361887.933415149105713 ], [ 11442761.393818557262421, -361832.977714531996753 ], [ 11443146.405413161963224, -361762.86291307018837 ], [ 11443160.918469132855535, -361760.219950286729727 ], [ 11443202.197183474898338, -361755.913205547432881 ], [ 11443212.519060622900724, -361754.836240641714539 ], [ 11443506.850577265024185, -361724.12741410639137 ], [ 11443596.76355261541903, -361714.746483012684621 ], [ 11443710.590514939278364, -361717.913376438256819 ], [ 11443835.333911811932921, -361721.383992028306238 ], [ 11443917.464986836537719, -361723.669043519243132 ], [ 11443923.647337399423122, -361723.841085798980203 ], [ 11444058.619993597269058, -361784.894592594821006 ], [ 11444071.249746426939964, -361790.607559121446684 ], [ 11444113.672268532216549, -361749.225074134476017 ], [ 11444766.994114853441715, -361111.900956705969293 ], [ 11444819.13505114428699, -361061.035600731032901 ], [ 11444992.426881700754166, -360891.983606499503367 ], [ 11445427.040771612897515, -360468.004328874056228 ], [ 11445885.818449437618256, -360020.446053620777093 ], [ 11445928.77552773617208, -359978.538844688504469 ], [ 11445933.642415873706341, -359974.949761559255421 ], [ 11445974.288501545786858, -359944.978301710158121 ], [ 11445983.706130471080542, -359938.033166008070111 ], [ 11446012.388710467144847, -359879.098204324604012 ], [ 11446015.082642141729593, -359873.561276398249902 ], [ 11446141.204285627231002, -359652.768970069300849 ], [ 11446141.822108805179596, -359651.687453865713906 ], [ 11446163.304989412426949, -359614.077121162496042 ], [ 11446254.454056389629841, -359454.501578784256708 ], [ 11446715.67597627453506, -358647.049881677317899 ], [ 11446724.547360451892018, -358631.519001778389793 ], [ 11447177.939401311799884, -357837.761810416879598 ], [ 11447227.507966810837388, -357750.983485563832801 ], [ 11447243.743691902607679, -357722.559935404802673 ], [ 11447281.179323462769389, -357657.020071448700037 ], [ 11447333.962573217228055, -357564.608960819721688 ], [ 11447344.349906222894788, -357546.423434419324622 ], [ 11447365.572187906131148, -357509.268361625028774 ], [ 11447463.015592854470015, -357338.669663496955764 ], [ 11447473.412610653787851, -357320.467226034146734 ], [ 11447473.810132553800941, -357319.771167580096517 ], [ 11447477.645422970876098, -357320.012106603302527 ], [ 11447681.975799225270748, -357332.847322683956008 ], [ 11447867.171356888487935, -357344.480632187216543 ], [ 11448396.662292208522558, -357376.731017674377654 ], [ 11448708.414418607950211, -357395.559393122501206 ], [ 11448708.768859865143895, -357397.346646771125961 ], [ 11448759.219409689307213, -357651.747493998787832 ], [ 11448760.805378476157784, -357659.744998440146446 ], [ 11448820.549769951030612, -357961.013730238424614 ], [ 11448820.550883138552308, -357961.018190029833931 ], [ 11448859.914568284526467, -358159.514882073912304 ], [ 11448889.754091745242476, -358291.680409276974387 ], [ 11448894.855530051514506, -358314.275689895148389 ], [ 11448894.856643246486783, -358314.280149700352922 ], [ 11448912.341595666483045, -358391.729202230519149 ], [ 11448943.822747660800815, -358531.165280681976583 ], [ 11448943.823860855773091, -358531.170855457079597 ], [ 11448970.15648640319705, -358647.805152379325591 ], [ 11448995.207824608311057, -358777.878139691136312 ], [ 11449046.958029493689537, -359046.582988019508775 ], [ 11449047.841906249523163, -359051.169930250733159 ], [ 11449048.775876777246594, -359056.022232979536057 ], [ 11449049.512811809778214, -359056.077980943839066 ], [ 11449049.992598807439208, -359056.11365963780554 ], [ 11449053.345541873946786, -359100.321804142789915 ], [ 11449062.792113864794374, -359224.834999858343508 ], [ 11449041.589424407109618, -359224.588481994811445 ], [ 11448884.077576950192451, -359238.086757506767754 ], [ 11448771.402103444561362, -359247.187962175696157 ], [ 11448611.764610309153795, -359265.41378789965529 ], [ 11448637.980684349313378, -359649.605590960942209 ], [ 11448637.674778390675783, -359649.61952802335145 ], [ 11448622.314692409709096, -359650.318834156088997 ], [ 11448622.525976803153753, -359653.208600835932884 ], [ 11448264.444793405011296, -359660.381617959646974 ], [ 11447908.301904983818531, -359666.483934355783276 ], [ 11447906.526247790083289, -359667.55140213429695 ], [ 11447903.032262928783894, -359669.651773800607771 ], [ 11447875.269738527014852, -359691.462058659293689 ], [ 11447798.575618742033839, -359751.713251639914233 ], [ 11447639.972061043605208, -359876.310785883280914 ], [ 11447608.483116678893566, -359901.048569474776741 ], [ 11447449.023512095212936, -360140.735639771563001 ], [ 11447265.721498971804976, -360380.371929402870592 ], [ 11447211.36018411628902, -360536.181838570977561 ], [ 11447194.624189227819443, -360584.150589120341465 ], [ 11447145.776974031701684, -360724.156331863545347 ], [ 11447090.653788577765226, -360834.551247530500405 ], [ 11447057.979291638359427, -360899.989255901891738 ], [ 11446942.680129053071141, -361030.17554914962966 ], [ 11446923.037916224449873, -361052.354039645870216 ], [ 11446921.794700149446726, -361053.757686678727623 ], [ 11446910.32177947089076, -361066.711959241714794 ], [ 11446738.197356414049864, -361261.061905693728477 ], [ 11446711.425018876791, -361291.291275519877672 ], [ 11446615.831632547080517, -361395.098315325507428 ], [ 11446432.728881312534213, -361538.720399548707064 ], [ 11446304.138171523809433, -361655.898565945972223 ], [ 11446169.944751761853695, -361778.181260773155373 ], [ 11446057.457519508898258, -361880.196964957460295 ], [ 11446002.719499496743083, -361929.838434352248441 ], [ 11445939.228427924215794, -362021.457007207383867 ], [ 11445803.411969983950257, -362217.442062508373056 ], [ 11445659.330039855092764, -362419.586677909246646 ], [ 11445617.549608571454883, -362478.204079469956923 ], [ 11445613.213380446657538, -362484.288373940158635 ], [ 11445611.076380185782909, -362487.286813565646298 ], [ 11445604.120025206357241, -362497.045234318182338 ], [ 11445396.741832612082362, -362840.63874386443058 ], [ 11445245.253816759213805, -363064.338522958336398 ], [ 11445017.848134577274323, -363479.898273249447811 ], [ 11445002.283443372696638, -363509.338817572686821 ], [ 11444946.024799117818475, -363615.759246921457816 ], [ 11444923.07294650375843, -363659.412792669318151 ], [ 11444889.262990763410926, -363666.393838151416276 ], [ 11444737.876275643706322, -363842.086413653683849 ], [ 11444650.500494126230478, -363878.512571939325426 ], [ 11444546.958896156400442, -363921.677846879581921 ], [ 11444340.128395456820726, -364009.236070868908428 ], [ 11444295.562750512734056, -364026.379325088055339 ], [ 11444264.113881170749664, -364038.476052846526727 ], [ 11444252.12588519975543, -364036.986401350412052 ], [ 11444158.092084942385554, -364025.302226893370971 ], [ 11443877.277537470683455, -364085.247328796482179 ], [ 11443840.592199278995395, -364093.079152824997436 ], [ 11443840.411861700937152, -364093.11706313455943 ], [ 11443655.836353605613112, -364132.494733376777731 ], [ 11443505.176554763689637, -364224.361522732651792 ], [ 11443380.553271621465683, -364300.351741659687832 ], [ 11443321.30547640286386, -364317.395915989065543 ], [ 11442858.529870389029384, -364450.526013870083261 ], [ 11442674.889000730589032, -364503.355329008074477 ], [ 11442124.770341131836176, -364634.498804002418183 ] ] ] ] } },
{ "type": "Feature", "properties": { "fid": 40663, "kdkab": "74", "kdkec": "021", "nmkab": "LUBUKLINGGAU", "nmkec": "LUBUK LINGGAU SELATAN I", "kddesa": "006", "kdprov": "16", "nmdesa": "LUBUK KUPANG", "nmprov": "SUMATERA SELATAN", "iddesa": "1674021006" }, "geometry": { "type": "MultiPolygon", "coordinates": [ [ [ [ 11461403.237941702827811, -366165.375346144312061 ], [ 11461398.780597975477576, -366161.453674660238903 ], [ 11461391.311060139909387, -366154.882804048771504 ], [ 11461376.556774832308292, -366141.900513242639136 ], [ 11461330.039699217304587, -366098.121113265922759 ], [ 11461330.036359630525112, -366098.118883212096989 ], [ 11461199.09569538757205, -365974.885924615897238 ], [ 11461199.013318968936801, -365974.807872659992427 ], [ 11461146.48499084636569, -365925.372003960772417 ], [ 11460974.651111654937267, -365617.848968670004979 ], [ 11460969.508930424228311, -365608.646338283317164 ], [ 11460967.420354135334492, -365604.908442403946538 ], [ 11460957.116065470501781, -365586.467726770672016 ], [ 11460957.112725891172886, -365586.463266670820303 ], [ 11460940.569536358118057, -365556.857151450589299 ], [ 11460870.251797014847398, -365435.948275916860439 ], [ 11460782.151882210746408, -365284.46386613859795 ], [ 11460636.550663666799664, -365116.977348971238825 ], [ 11460626.413910837844014, -365105.316922956786584 ], [ 11460609.555464511737227, -365085.924509687756654 ], [ 11460552.180285762995481, -365019.926550744392443 ], [ 11460317.042463067919016, -364788.840674975188449 ], [ 11460269.056526770815253, -364773.259329623717349 ], [ 11460255.117768052965403, -364769.687710620404687 ], [ 11460241.17912064678967, -364768.064358972827904 ], [ 11460234.047660110518336, -364769.038325355853885 ], [ 11460226.592037217691541, -364774.55810019938508 ], [ 11460227.240361928939819, -364780.402456479379907 ], [ 11460231.454361254349351, -364795.987370879796799 ], [ 11460236.640847651287913, -364809.948935199470725 ], [ 11460251.876255797222257, -364831.702905480284244 ], [ 11460276.187987310811877, -364860.275319090578705 ], [ 11460282.346960777416825, -364871.314655072521418 ], [ 11460285.264310674741864, -364878.782481146394275 ], [ 11460285.588473027572036, -364884.62684288318269 ], [ 11460283.96777256578207, -364891.120590890641324 ], [ 11460278.132961452007294, -364896.315567268466111 ], [ 11460261.276741517707705, -364898.913111298403237 ], [ 11460244.744795260950923, -364900.861157856823411 ], [ 11460228.537011357024312, -364900.536576349346433 ], [ 11460202.604468060657382, -364893.068748813471757 ], [ 11460181.858522478491068, -364888.523158542637248 ], [ 11460159.815816149115562, -364879.431867049424909 ], [ 11460144.256356963887811, -364873.912198520614766 ], [ 11460123.510300062596798, -364857.67788746044971 ], [ 11460104.385166259482503, -364836.573186270776205 ], [ 11460079.100947681814432, -364800.532957382441964 ], [ 11460043.767918664962053, -364754.427492479444481 ], [ 11460019.132024796679616, -364715.789750279742293 ], [ 11460005.841590790078044, -364693.386417759407777 ], [ 11460005.452863125130534, -364692.722203242068645 ], [ 11459989.309644533321261, -364665.13873918709578 ], [ 11459974.074236381798983, -364647.280997098423541 ], [ 11459959.487264269962907, -364631.046718990954105 ], [ 11459933.23055861517787, -364610.266752800613176 ], [ 11459909.891314174979925, -364600.201519045280293 ], [ 11459888.172881511971354, -364596.629905570356641 ], [ 11459870.992610549554229, -364596.954597700969316 ], [ 11459853.812228258699179, -364600.201519045280293 ], [ 11459838.90109378285706, -364603.773021127679385 ], [ 11459818.155036881566048, -364609.942060631350614 ], [ 11459786.38779379054904, -364623.254217278969008 ], [ 11459762.400224640965462, -364638.839109746390022 ], [ 11459749.433952990919352, -364649.878423833870329 ], [ 11459739.060980200767517, -364658.645004323974717 ], [ 11459724.798059124499559, -364674.879286436713301 ], [ 11459716.81734219007194, -364687.001506728003733 ], [ 11459713.652863023802638, -364659.769496750494 ], [ 11459711.249475214630365, -364639.074823831033427 ], [ 11459726.10906876809895, -364542.893259727570694 ], [ 11459726.15214940905571, -364542.614729318825994 ], [ 11459718.560271458700299, -364536.172180699184537 ], [ 11459698.539572356268764, -364518.347017617546953 ], [ 11459698.229992849752307, -364518.071386305906344 ], [ 11459698.336636926978827, -364517.960107973485719 ], [ 11459850.791907832026482, -364359.01383541605901 ], [ 11459994.658546064049006, -364209.021878834755626 ], [ 11460047.712970096617937, -364153.708684039651416 ], [ 11460095.562428699806333, -364103.822155042318627 ], [ 11460095.794307202100754, -364103.580421030463185 ], [ 11460102.929107323288918, -364066.061926766764373 ], [ 11460120.459923375397921, -364016.340904103417415 ], [ 11460121.282129133120179, -364014.009087080892641 ], [ 11460121.756906758993864, -364012.662602990167215 ], [ 11460127.061837093904614, -364003.588665383751504 ], [ 11460185.893074784427881, -363902.959437942947261 ], [ 11460186.167922606691718, -363902.489350879215635 ], [ 11460192.282479595392942, -363897.930978317395784 ], [ 11460193.382872762158513, -363897.110667514440138 ], [ 11460289.845886956900358, -363825.198747157293838 ], [ 11460289.784104634076357, -363824.963815291062929 ], [ 11460309.082785522565246, -363812.077128609002102 ], [ 11460309.086236421018839, -363812.018033276079223 ], [ 11460324.661057699471712, -363547.115137105982285 ], [ 11460326.936428094282746, -363448.55108197114896 ], [ 11460328.402505787089467, -363385.053924196225125 ], [ 11460328.501580128446221, -363381.014271650870796 ], [ 11460328.557239875197411, -363378.787612548563629 ], [ 11460328.608446842059493, -363376.695868740265723 ], [ 11460612.270435575395823, -363171.121573779906612 ], [ 11460670.614205209538341, -363128.838998678140342 ], [ 11460895.19905149564147, -363079.122183029947337 ], [ 11460926.972417157143354, -363072.088434675999451 ], [ 11461042.539303122088313, -363046.505231746006757 ], [ 11461213.204216331243515, -363050.037101799040101 ], [ 11461287.847385814413428, -363051.581821105151903 ], [ 11461887.504999931901693, -363063.990643294295296 ], [ 11461918.406956614926457, -363064.630095171509311 ], [ 11461998.45880619622767, -363066.286649074172601 ], [ 11462096.625787831842899, -363068.317954146827105 ], [ 11462099.673715488985181, -363068.381509093334898 ], [ 11462125.656797839328647, -363068.918938585789874 ], [ 11462130.268207745626569, -363069.041476974962279 ], [ 11462110.500426530838013, -364012.836209786473773 ], [ 11462114.441470459103584, -364011.99036445398815 ], [ 11462117.752668714150786, -364011.279658135434147 ], [ 11462117.752668714150786, -364014.957959209627006 ], [ 11462117.752668714150786, -364060.285846385930199 ], [ 11462117.752668714150786, -364121.795548275636975 ], [ 11462081.703744053840637, -364214.643872465298045 ], [ 11462066.987641325220466, -364252.546983783657197 ], [ 11462081.491903062909842, -364376.034603439387865 ], [ 11462090.693683488294482, -364403.685119851143099 ], [ 11462093.923507193103433, -364413.390298419340979 ], [ 11462139.830552002415061, -364478.052447767462581 ], [ 11462166.438025372102857, -364515.530270810588263 ], [ 11462172.738374594599009, -364523.696963524911553 ], [ 11462173.406959453597665, -364524.563663481909316 ], [ 11462190.070262713357806, -364546.163148780178744 ], [ 11462188.680104915052652, -364568.441570208757184 ], [ 11462187.265679463744164, -364581.900792258384172 ], [ 11462185.899789310991764, -364594.897285052866209 ], [ 11462191.460309194400907, -364636.66940286080353 ], [ 11462196.749320838600397, -364642.374598092224915 ], [ 11462209.532026650384068, -364656.162981416215189 ], [ 11462222.243265340104699, -364664.401379863615148 ], [ 11462233.164263986051083, -364671.479494381812401 ], [ 11462233.284377718344331, -364671.95705527625978 ], [ 11462243.177452184259892, -364677.973452992097009 ], [ 11462271.089701307937503, -364785.869268617767375 ], [ 11462283.278406308963895, -364832.985174494388048 ], [ 11462289.897017957642674, -364862.622652507096063 ], [ 11462289.803954860195518, -364862.835063211387023 ], [ 11462317.539428634569049, -364948.805347415618598 ], [ 11462356.273490734398365, -365046.940327928226907 ], [ 11462363.869598826393485, -365066.185663433861919 ], [ 11462356.720327164977789, -365087.643311590829398 ], [ 11462253.689351700246334, -365396.878784085740335 ], [ 11462273.733093935996294, -365438.466108400491066 ], [ 11462274.608399095013738, -365440.282257215760183 ], [ 11462308.195493210107088, -365509.969742537825368 ], [ 11462306.971869368106127, -365520.077094758860767 ], [ 11462306.120497908443213, -365527.109882122953422 ], [ 11462155.188856869935989, -366773.867433267470915 ], [ 11462153.926827805116773, -366772.999377758998889 ], [ 11462153.926827805116773, -366773.076315244776197 ], [ 11462153.372456736862659, -366772.672449216654059 ], [ 11462039.268531519919634, -366689.54130850743968 ], [ 11461926.559216886758804, -366607.426249275566079 ], [ 11461823.548167606815696, -366532.37699513649568 ], [ 11461805.019928922876716, -366518.878176765341777 ], [ 11461576.19937601312995, -366317.553166036668699 ], [ 11461403.237941702827811, -366165.375346144312061 ] ] ] ] } },
{ "type": "Feature", "properties": { "fid": 40665, "kdkab": "74", "kdkec": "021", "nmkab": "LUBUKLINGGAU", "nmkec": "LUBUK LINGGAU SELATAN I", "kddesa": "001", "kdprov": "16", "nmdesa": "RAHMA", "nmprov": "SUMATERA SELATAN", "iddesa": "1674021001" }, "geometry": { "type": "MultiPolygon", "coordinates": [ [ [ [ 11457684.328824764117599, -369641.532563972868957 ], [ 11457680.090446474030614, -369644.473436145111918 ], [ 11457653.709062986075878, -369662.7784548344207 ], [ 11457653.303860040381551, -369663.059451241511852 ], [ 11457634.601072395220399, -369670.545998605841305 ], [ 11457613.527179593220353, -369678.980351947946474 ], [ 11457605.230537943542004, -369847.007434822968207 ], [ 11457610.196500424295664, -369923.216713022149634 ], [ 11457619.316906306892633, -370063.207981240062509 ], [ 11457249.019299350678921, -370116.774801485007629 ], [ 11457051.402712902054191, -370145.360732012137305 ], [ 11457020.363499289378524, -370149.851118949067313 ], [ 11456408.700412046164274, -370232.205093188444152 ], [ 11455827.336709087714553, -371203.61318637576187 ], [ 11454601.894128445535898, -370518.789273145375773 ], [ 11454581.521548435091972, -370527.997664276743308 ], [ 11454581.124137854203582, -370527.997664276743308 ], [ 11454581.026176707819104, -370527.997664276743308 ], [ 11454580.137847168371081, -370525.973805221845396 ], [ 11454566.611415844410658, -370495.157628673652653 ], [ 11454559.843190800398588, -370475.888044595951214 ], [ 11454557.827194822952151, -370422.300978145096451 ], [ 11454557.816062871366739, -370422.022209946997464 ], [ 11454556.840904138982296, -370396.095655476558022 ], [ 11454555.808972455561161, -370368.657069133012556 ], [ 11454479.099824545904994, -370127.235270831850357 ], [ 11454326.822553504258394, -369647.986002189747524 ], [ 11454353.943321047350764, -369124.253504313295707 ], [ 11454368.253441587090492, -368847.880739617045037 ], [ 11454401.767287483438849, -368824.744427191209979 ], [ 11454402.615542005747557, -368824.157907409593463 ], [ 11454403.151100074872375, -368823.788154633482918 ], [ 11454726.458412254229188, -368600.584820518037304 ], [ 11454909.368358131498098, -368417.223537074751221 ], [ 11454943.797695524990559, -368382.709321925416589 ], [ 11455229.332078091800213, -368408.060258885496296 ], [ 11455799.286201158538461, -368459.580933613353409 ], [ 11456162.110596736893058, -368488.822531891695689 ], [ 11456701.48180478438735, -368536.165918455517385 ], [ 11456769.189547346904874, -368538.426578383659944 ], [ 11456761.257477033883333, -368495.08857374440413 ], [ 11456729.284515522420406, -368337.741507237718906 ], [ 11456698.701600497588515, -368169.255091430619359 ], [ 11456697.311442699283361, -368089.885525267687626 ], [ 11456703.657098950818181, -368064.665679494501092 ], [ 11456703.109407059848309, -368064.653302448918112 ], [ 11456750.426647178828716, -367914.638173506769817 ], [ 11456775.853911302983761, -367834.023617362196092 ], [ 11456776.500677544623613, -367833.051742720359471 ], [ 11456839.908816097304225, -367737.78153075533919 ], [ 11456842.580261239781976, -367733.767700933909509 ], [ 11456842.3312395401299, -367733.404419069644064 ], [ 11456802.961431825533509, -367675.981256845174357 ], [ 11456807.940530013293028, -367446.009810397052206 ], [ 11456788.504592197015882, -367421.43995801435085 ], [ 11456780.352554567158222, -367145.629524672753178 ], [ 11456810.564664367586374, -367144.07850444392534 ], [ 11456818.348679758608341, -367143.678874216217082 ], [ 11456838.972841821610928, -367123.715205368353054 ], [ 11456866.999750016257167, -367112.977375586284325 ], [ 11456872.358670301735401, -367110.924588100984693 ], [ 11456872.979833060875535, -367110.529864164593164 ], [ 11456885.835007861256599, -367102.394537299405783 ], [ 11456884.91884845122695, -367079.811649122508243 ], [ 11456883.835709806531668, -367053.098661812604405 ], [ 11456871.892241638153791, -366993.741818225360475 ], [ 11456867.649855844676495, -366984.598505481320899 ], [ 11456860.50091814622283, -366969.187565064872615 ], [ 11456860.738028660416603, -366969.255582382495049 ], [ 11456862.079428525641561, -366969.640270473144483 ], [ 11456858.174340790137649, -366952.976029661658686 ], [ 11456857.70902531594038, -366950.987917326623574 ], [ 11456851.443964371457696, -366945.80633700027829 ], [ 11456834.623589314520359, -366931.891782366670668 ], [ 11456788.427113827317953, -366906.39868147613015 ], [ 11456760.277754191309214, -366885.904297653061803 ], [ 11456735.951105870306492, -366868.19416477472987 ], [ 11456725.632902272045612, -366838.563177516509313 ], [ 11456723.413191622123122, -366832.189628345600795 ], [ 11456740.291452817618847, -366802.596561922226101 ], [ 11456784.456347592175007, -366794.223754924139939 ], [ 11456843.387772822752595, -366760.486110325320624 ], [ 11456883.422714492306113, -366716.127763313241303 ], [ 11456891.567961633205414, -366709.846769100171514 ], [ 11456910.795064087957144, -366695.021260289591737 ], [ 11456924.408324612304568, -366694.198364326148294 ], [ 11456944.434701010584831, -366692.988551169866696 ], [ 11456970.85304256528616, -366718.642168159538414 ], [ 11456985.694045756012201, -366733.075299104908481 ], [ 11456998.685809571295977, -366745.710102341487072 ], [ 11456998.982364689931273, -366745.998450571612921 ], [ 11457009.922510288655758, -366756.321117024112027 ], [ 11457011.687258172780275, -366757.986199996026698 ], [ 11457015.159313093870878, -366761.262175275012851 ], [ 11457021.98208468593657, -366767.699277421168517 ], [ 11457030.454611131921411, -366775.694085214170627 ], [ 11457038.047713598236442, -366775.404175860516261 ], [ 11457043.237205618992448, -366775.206145464791916 ], [ 11457083.014108704403043, -366773.688135477248579 ], [ 11457083.388142198324203, -366773.213130156451371 ], [ 11457103.657195081934333, -366747.491483378631528 ], [ 11457103.937720194458961, -366752.615072593674995 ], [ 11457129.107057062909007, -366730.13149374211207 ], [ 11457146.349332990124822, -366722.73546327103395 ], [ 11457158.306159496307373, -366723.411174761014991 ], [ 11457190.034440765157342, -366725.204151813697536 ], [ 11457191.870099170133471, -366725.307850114011671 ], [ 11457191.933551279827952, -366725.301159902126528 ], [ 11457212.792597465217113, -366722.874842700490262 ], [ 11457234.414182158187032, -366711.737869040225632 ], [ 11457255.904409857466817, -366700.667798613605555 ], [ 11457267.906877351924777, -366682.847306810785085 ], [ 11457272.56671123765409, -366675.929629502701573 ], [ 11457278.131572587415576, -366662.31505306676263 ], [ 11457279.213598035275936, -366660.353706768481061 ], [ 11457307.155903419479728, -366609.731136713991873 ], [ 11457311.049859207123518, -366606.039258112781681 ], [ 11457314.669969048351049, -366602.608297654311173 ], [ 11457328.045005865395069, -366589.931473904231098 ], [ 11457331.267705123871565, -366589.830005800351501 ], [ 11457377.956212759017944, -366531.488090393133461 ], [ 11457399.663624782115221, -366496.349263370619155 ], [ 11457415.24712897837162, -366471.123535851889756 ], [ 11457419.067502584308386, -366465.338187605142593 ], [ 11457430.553558962419629, -366447.944233561342116 ], [ 11457447.51197019033134, -366422.261688230501022 ], [ 11457462.390933331102133, -366384.524536492710467 ], [ 11457478.408694861456752, -366343.895005393191241 ], [ 11457490.37331373244524, -366299.746450559236109 ], [ 11457494.974148284643888, -366282.767871491611004 ], [ 11457510.287257436662912, -366274.001497734920122 ], [ 11457517.626440146937966, -366269.799838153121527 ], [ 11457525.029297603294253, -366265.561828721256461 ], [ 11457526.862729616463184, -366265.462590970797464 ], [ 11457535.428764430806041, -366265.002083222731017 ], [ 11457566.973368540406227, -366263.303891217277851 ], [ 11457576.496750976890326, -366262.790977030992508 ], [ 11457616.692549312487245, -366245.163009738782421 ], [ 11457629.363490348681808, -366239.60614302335307 ], [ 11457664.396847294643521, -366191.323097797692753 ], [ 11457664.682938385754824, -366190.928377135656774 ], [ 11457666.975006705150008, -366184.815782145480625 ], [ 11457678.932946404442191, -366152.913661503000185 ], [ 11457678.469857323914766, -366140.619344196282327 ], [ 11457678.255010707303882, -366134.923773029062431 ], [ 11457662.587905572727323, -366106.668927423364948 ], [ 11457661.877687221392989, -366105.387758782773744 ], [ 11457639.112851355224848, -366091.219082752009854 ], [ 11457634.037795767188072, -366088.060205281944945 ], [ 11457594.80769401602447, -366048.403087516024243 ], [ 11457572.513739595189691, -366010.818821519496851 ], [ 11457569.166362509131432, -366005.17677835264476 ], [ 11457560.673798559233546, -365964.143745752749965 ], [ 11457561.440789844840765, -365938.961959542997647 ], [ 11457564.356247313320637, -365933.936530254606623 ], [ 11457566.806389305740595, -365929.713920993614011 ], [ 11457568.918008726090193, -365926.075140281638596 ], [ 11457570.875116694718599, -365922.70262823899975 ], [ 11457579.373246617615223, -365908.057858818559907 ], [ 11457611.582428082823753, -365885.819756719982252 ], [ 11457629.460338305681944, -365881.539167883805931 ], [ 11457639.436791069805622, -365883.892989959567785 ], [ 11457669.466336909681559, -365890.977872060611844 ], [ 11457700.891829159110785, -365902.556314290501177 ], [ 11457718.758607430383563, -365903.312302763864864 ], [ 11457810.967881238088012, -365916.096090859617107 ], [ 11457810.875486062839627, -365914.70230664947303 ], [ 11457810.868806894868612, -365914.603069211880211 ], [ 11457818.96284706890583, -365917.756366628862452 ], [ 11457823.079441837966442, -365919.360891052754596 ], [ 11457882.423862379044294, -365909.410386927891523 ], [ 11457889.156465182080865, -365905.683965737756807 ], [ 11457909.615874394774437, -365894.357519316312391 ], [ 11457923.70446915179491, -365871.768186478409916 ], [ 11457927.543878389522433, -365865.61212297185557 ], [ 11457929.715721657499671, -365851.945239503402263 ], [ 11457928.086004309356213, -365844.210299343976658 ], [ 11457925.468883080407977, -365831.788903121312615 ], [ 11457924.967945374548435, -365815.650010320649017 ], [ 11457924.798739746212959, -365810.200876599992625 ], [ 11457925.323054544627666, -365808.202749466116074 ], [ 11457932.723574297502637, -365779.997047959303018 ], [ 11457945.65110676176846, -365754.100571896822657 ], [ 11457947.077109437435865, -365751.244990984443575 ], [ 11457953.462395433336496, -365748.735068112320732 ], [ 11457967.106825416907668, -365743.37179464584915 ], [ 11457988.889823375269771, -365742.906828952545766 ], [ 11457997.842136826366186, -365742.716159569390584 ], [ 11458017.15161569789052, -365749.951561155437957 ], [ 11458031.416095249354839, -365749.971631621592678 ], [ 11458047.379310229793191, -365749.995047161006369 ], [ 11458059.493097215890884, -365750.029612953658216 ], [ 11458065.039034249261022, -365750.045223313383758 ], [ 11458123.783442731946707, -365736.572368483350147 ], [ 11458136.521732063964009, -365733.651001511781942 ], [ 11458156.587070282548666, -365720.131317592749838 ], [ 11458221.695614060387015, -365676.263996552152093 ], [ 11458240.162404380738735, -365660.836512124165893 ], [ 11458243.174709806218743, -365658.319901141978335 ], [ 11458305.557039249688387, -365561.310556495387573 ], [ 11458315.85743173584342, -365537.996525879309047 ], [ 11458318.68605999276042, -365536.642887256864924 ], [ 11458319.756953496485949, -365536.129976413038094 ], [ 11458331.415221126750112, -365515.254953132069204 ], [ 11458355.375850966200233, -365472.351761589932721 ], [ 11458356.670496640726924, -365470.033628941804636 ], [ 11458385.319680795073509, -365441.311757590563502 ], [ 11458446.153556121513247, -365401.863379327754956 ], [ 11458465.937256027013063, -365381.632417919521686 ], [ 11458490.919576149433851, -365356.085036270436831 ], [ 11458502.374351751059294, -365338.779899795365054 ], [ 11458529.566363766789436, -365297.696936750726309 ], [ 11458550.9664226770401, -365265.36578722903505 ], [ 11458607.005767539143562, -365191.134413245366886 ], [ 11458626.218398451805115, -365165.685197003127541 ], [ 11458647.915346449241042, -365139.065215976093896 ], [ 11458611.523112477734685, -365298.759551942814142 ], [ 11458577.704251170158386, -365428.937683260475751 ], [ 11458275.111158518120646, -366593.710770649719052 ], [ 11458286.337061250582337, -366618.448475437762681 ], [ 11458289.012513890862465, -366624.344220068887807 ], [ 11458291.792718170210719, -366682.826232649036683 ], [ 11458275.111158518120646, -366732.953760226839222 ], [ 11458279.909028574824333, -366761.788137683062814 ], [ 11458283.451994005590677, -366783.081198929634411 ], [ 11458282.227590929716825, -366787.578250988561194 ], [ 11458325.851027701050043, -366774.72667999000987 ], [ 11458416.209614973515272, -366781.688853399769869 ], [ 11458517.689242014661431, -366794.220632824173663 ], [ 11458573.796937042847276, -366790.535438305872958 ], [ 11458612.233442146331072, -366773.347826503391843 ], [ 11458652.603121522814035, -366746.908654216618743 ], [ 11458685.209379613399506, -366711.138091523898765 ], [ 11458736.739394538104534, -366629.491999849793501 ], [ 11458736.775907332077622, -366631.183061229239684 ], [ 11458737.966469287872314, -366686.31595793471206 ], [ 11458743.890892585739493, -366960.654180049838033 ], [ 11458774.369055975228548, -367274.041586345992982 ], [ 11458786.784518780186772, -367401.711624580959324 ], [ 11458790.593871751800179, -367440.871916610863991 ], [ 11458791.890743823722005, -367458.055840699875262 ], [ 11458798.932814810425043, -367551.289073076855857 ], [ 11458822.716224016621709, -367866.171197137737181 ], [ 11458829.280734393745661, -367953.083566693821922 ], [ 11458867.657015644013882, -368148.362066741916351 ], [ 11458884.343807321041822, -368233.270911891071592 ], [ 11459067.129298007115722, -368249.656582568190061 ], [ 11459488.442401202395558, -368234.532034194970038 ], [ 11459489.808291349560022, -368234.430564585549291 ], [ 11459468.591798281297088, -368298.052363638591487 ], [ 11459460.439983289688826, -368322.497301788360346 ], [ 11459420.428418714553118, -368442.431197662896011 ], [ 11459415.977865472435951, -368442.103372148820199 ], [ 11459309.18462517298758, -368434.232214944961015 ], [ 11459279.994428301230073, -368456.166418543027248 ], [ 11459245.496518105268478, -368482.090286668215413 ], [ 11459110.369127813726664, -368481.808178214414511 ], [ 11459077.512066910043359, -368494.959116056212224 ], [ 11458991.03908646479249, -368529.571490972884931 ], [ 11458935.216814609244466, -368617.477895459218416 ], [ 11458879.326637869700789, -368745.395910913706757 ], [ 11458880.979732304811478, -368753.827963408490177 ], [ 11458895.017120091244578, -368825.470329064584803 ], [ 11458811.215807422995567, -368897.478480010118801 ], [ 11458792.830948241055012, -368913.276390861603431 ], [ 11458783.562932716682553, -368921.240354987268802 ], [ 11458568.832087758928537, -368976.804804423241876 ], [ 11458506.734736209735274, -369013.09660848666681 ], [ 11458282.331340692937374, -369144.247640799032524 ], [ 11458226.474559793248773, -369248.156772625108715 ], [ 11458203.780968401581049, -369301.160090527380817 ], [ 11458202.513039400801063, -369304.121693764463998 ], [ 11458059.120176924392581, -369455.860478499729652 ], [ 11457987.689799267798662, -369499.905476102314424 ], [ 11457955.654276205226779, -369519.658826949365903 ], [ 11457951.391852900385857, -369520.221934098692145 ], [ 11457836.389913350343704, -369535.412447364942636 ], [ 11457756.786458682268858, -369591.259317506512161 ], [ 11457756.066221574321389, -369591.759981411101762 ], [ 11457748.26272526755929, -369597.173619125562254 ], [ 11457737.947861256077886, -369604.330102915642783 ], [ 11457692.821166077628732, -369635.640003741485998 ], [ 11457690.069348266348243, -369637.549329256871715 ], [ 11457687.798541972413659, -369639.12502740212949 ], [ 11457684.328824764117599, -369641.532563972868957 ] ] ] ] } },
{ "type": "Feature", "properties": { "fid": 40133, "kdkab": "74", "kdkec": "011", "nmkab": "LUBUKLINGGAU", "nmkec": "LUBUK LINGGAU BARAT I", "kddesa": "008", "kdprov": "16", "nmdesa": "BANDUNG UJUNG", "nmprov": "SUMATERA SELATAN", "iddesa": "1674011008" }, "geometry": { "type": "MultiPolygon", "coordinates": [ [ [ [ 11449831.55193817615509, -368182.237619524705224 ], [ 11449866.414864987134933, -368170.821067678742111 ], [ 11449889.407237891107798, -368169.785966739640571 ], [ 11449902.33232132717967, -368184.095293081481941 ], [ 11449927.006175145506859, -368211.411906914028805 ], [ 11449892.072003865614533, -368267.515461052651517 ], [ 11449860.756940547376871, -368317.806949001154862 ], [ 11449773.336853872984648, -368378.964084772276692 ], [ 11449737.887607308104634, -368403.763627463835292 ], [ 11449653.796196039766073, -368462.592134127451573 ], [ 11449521.464928725734353, -368555.234007674385794 ], [ 11449479.49113547988236, -368584.618804223369807 ], [ 11449432.682625439018011, -368543.372622361814138 ], [ 11449417.972756607457995, -368508.872417497623246 ], [ 11449415.780207917094231, -368504.311068484908901 ], [ 11449404.941363055258989, -368482.717838593933266 ], [ 11449383.537407960742712, -368437.754220424394589 ], [ 11449411.212435252964497, -368414.172753433638718 ], [ 11449411.223121916875243, -368414.163609998649918 ], [ 11449411.407021719962358, -368414.006945126981009 ], [ 11449420.298777364194393, -368426.847109741182067 ], [ 11449420.318814877420664, -368426.875989602820482 ], [ 11449420.32538272626698, -368426.885579055291601 ], [ 11449423.092339986935258, -368424.912827985652257 ], [ 11449428.523061344400048, -368421.041030932276044 ], [ 11449503.677743889391422, -368367.459758025768679 ], [ 11449503.999791175127029, -368366.464016577636357 ], [ 11449505.630287757143378, -368361.423312604427338 ], [ 11449510.697217017412186, -368337.367853411647957 ], [ 11449515.962851569056511, -368311.522964868578129 ], [ 11449517.197050767019391, -368305.616091477742884 ], [ 11449517.223990082740784, -368305.487191537453327 ], [ 11449517.590565169230103, -368303.732992704841308 ], [ 11449517.608932878822088, -368303.645238158293068 ], [ 11449606.4790672454983, -368294.181463065906428 ], [ 11449607.027649696916342, -368294.123145886056591 ], [ 11449607.088986733928323, -368294.116567083343398 ], [ 11449607.601279027760029, -368289.241451513604261 ], [ 11449607.683544136583805, -368288.458908564236481 ], [ 11449608.045666437596083, -368288.412968458142132 ], [ 11449611.900771724060178, -368282.004434781032614 ], [ 11449615.398875400424004, -368277.871609270165209 ], [ 11449620.780504863709211, -368272.750514148967341 ], [ 11449628.045771434903145, -368267.898927095695399 ], [ 11449637.284287294372916, -368264.484863967285492 ], [ 11449639.167924398556352, -368264.125483035808429 ], [ 11449645.177395787090063, -368263.496594291296788 ], [ 11449647.599151313304901, -368263.586467399378307 ], [ 11449641.948462639003992, -368258.195753634092398 ], [ 11449639.885489834472537, -368255.051198598521296 ], [ 11449636.925504574552178, -368250.379358516423963 ], [ 11449630.736586164683104, -368238.609774586511776 ], [ 11449623.830102315172553, -368223.875383916485589 ], [ 11449618.269025834277272, -368203.390903364052065 ], [ 11449615.936993824318051, -368190.722928452014457 ], [ 11449614.591586453840137, -368175.000163772318047 ], [ 11449614.681309964507818, -368160.175908551667817 ], [ 11449615.129816196858883, -368150.921998112869915 ], [ 11449616.744282770901918, -368137.894537190906703 ], [ 11449619.076314778998494, -368122.351526006648783 ], [ 11449623.74049012362957, -368108.695292081916705 ], [ 11449625.550767686218023, -368103.151601095916703 ], [ 11449626.846749199554324, -368099.183029024396092 ], [ 11449628.949574379250407, -368094.505174259888008 ], [ 11449630.455281814560294, -368091.488520028302446 ], [ 11449632.463040146976709, -368090.231636541779153 ], [ 11449632.183739542961121, -368047.489020603941754 ], [ 11449632.121511947363615, -368047.246051469293889 ], [ 11449640.73496887087822, -367992.290662686980795 ], [ 11449640.001707382500172, -367992.624619631678797 ], [ 11449619.491759123280644, -367999.761597599484958 ], [ 11449617.837328851222992, -368000.337297044985462 ], [ 11449615.59646750241518, -368001.16120624251198 ], [ 11449602.044544011354446, -368006.143799784011208 ], [ 11449600.772384872660041, -368006.636093638837337 ], [ 11449587.123613424599171, -368011.917520401882939 ], [ 11449586.846316568553448, -368012.024788061040454 ], [ 11449574.955279881134629, -368009.493739656347316 ], [ 11449574.898506941273808, -368009.396395933115855 ], [ 11449569.682743525132537, -368000.44757532334188 ], [ 11449552.436571413651109, -367970.857988175470382 ], [ 11449541.663293734192848, -367952.593168657447677 ], [ 11449532.725006533786654, -367937.439446642179973 ], [ 11449529.537929516285658, -367932.03614872979233 ], [ 11449529.472028378397226, -367931.924420960480347 ], [ 11449526.162611234933138, -367932.003589341242332 ], [ 11449495.201543901115656, -367932.744761496025603 ], [ 11449493.706077858805656, -367932.780554526776541 ], [ 11449483.470473321154714, -367932.633033725840505 ], [ 11449483.415815453976393, -367932.632253194460645 ], [ 11449483.375740436837077, -367932.63169567019213 ], [ 11449480.260798444971442, -367925.735795312444679 ], [ 11449475.283147413283587, -367914.716338330414146 ], [ 11449466.133687146008015, -367894.461168728768826 ], [ 11449466.046301348134875, -367894.502759988594335 ], [ 11449466.031495852395892, -367894.470423618098721 ], [ 11449466.133019225671887, -367894.418462414469104 ], [ 11449466.122443877160549, -367894.395380939706229 ], [ 11449532.340620337054133, -367842.513582793530077 ], [ 11449563.620729329064488, -367818.005639050155878 ], [ 11449563.595125852152705, -367817.941300870850682 ], [ 11449560.246635563671589, -367809.534631289134268 ], [ 11449527.696816457435489, -367727.817371602286585 ], [ 11449518.728139042854309, -367713.301820846681949 ], [ 11449518.87185250595212, -367713.095537444809452 ], [ 11449516.526016879826784, -367709.269705165002961 ], [ 11449499.468976581469178, -367682.126939295150805 ], [ 11449416.225819835439324, -367604.933954385924153 ], [ 11449411.60851, -367600.652072732744273 ], [ 11449411.654262309893966, -367600.589072724804282 ], [ 11449409.775523262098432, -367598.835665599501226 ], [ 11449442.443007070571184, -367570.94963845750317 ], [ 11449457.792183741927147, -367557.405199943052139 ], [ 11449458.508524665609002, -367556.773081588733476 ], [ 11449530.965268025174737, -367518.964627297478728 ], [ 11449567.433867167681456, -367499.934962619678117 ], [ 11449568.057367635890841, -367499.580936378391925 ], [ 11449568.089984249323606, -367499.562203653156757 ], [ 11449568.448878284543753, -367499.352910032728687 ], [ 11449568.70235276594758, -367499.184426989173517 ], [ 11449577.825764276087284, -367494.167066915193573 ], [ 11449578.095491396263242, -367493.853739770362154 ], [ 11449578.180650811642408, -367493.754723934340291 ], [ 11449581.418600836768746, -367492.083162666589487 ], [ 11449591.951428415253758, -367486.47126191057032 ], [ 11449561.174038240686059, -367418.648560694651678 ], [ 11449561.46235572360456, -367418.522783904627431 ], [ 11449590.827658157795668, -367405.713511425885372 ], [ 11449598.831418229267001, -367402.222202445904259 ], [ 11449620.376749074086547, -367386.190571553714108 ], [ 11449655.353333082050085, -367355.750594591838308 ], [ 11449655.247802199795842, -367355.352636165509466 ], [ 11449672.530041832476854, -367340.067866950063035 ], [ 11449686.957159154117107, -367327.308222886407748 ], [ 11449690.771298870444298, -367323.935333786008414 ], [ 11449690.774081854149699, -367323.93288069521077 ], [ 11449702.397840447723866, -367313.643166661378928 ], [ 11449702.456505818292499, -367313.599122529209126 ], [ 11449707.498722154647112, -367309.139737548714038 ], [ 11449710.420970102772117, -367307.252530069148634 ], [ 11449754.147822689265013, -367279.013331284630112 ], [ 11449817.861199285835028, -367334.508157837204635 ], [ 11449820.562366727739573, -367336.860895657620858 ], [ 11449882.835046473890543, -367391.100882687896956 ], [ 11449885.273611241951585, -367393.224926557100844 ], [ 11449885.466416599228978, -367393.015744640433695 ], [ 11449908.110359499230981, -367413.532188495912123 ], [ 11449912.992721047252417, -367417.955784817517269 ], [ 11449967.481496719643474, -367467.325303833174985 ], [ 11450040.266743896529078, -367543.023476766597014 ], [ 11450040.316837668418884, -367543.075660811678972 ], [ 11450031.698037413880229, -367551.224623542802874 ], [ 11450037.223269021138549, -367559.333222287124954 ], [ 11450110.796658197417855, -367642.240779399406165 ], [ 11450090.060620047152042, -367652.937626802478917 ], [ 11450070.26912777684629, -367663.148092641495168 ], [ 11450069.823849814012647, -367662.840340241265949 ], [ 11450064.020764762535691, -367668.346432166465092 ], [ 11450059.50453302077949, -367672.63266511663096 ], [ 11450022.139255376532674, -367708.08898361667525 ], [ 11450008.669596992433071, -367721.912201931292657 ], [ 11450004.820391640067101, -367725.86236222361913 ], [ 11449995.316378792747855, -367735.615777577098925 ], [ 11449994.827129634097219, -367736.284693462483119 ], [ 11449985.376884100958705, -367745.772505830740556 ], [ 11449954.660274365916848, -367773.796396675228607 ], [ 11449948.773254411295056, -367773.768409017880913 ], [ 11449947.622878799214959, -367773.762945293041412 ], [ 11449944.484893668442965, -367773.655343348160386 ], [ 11449922.651690620929003, -367772.906924453505781 ], [ 11449922.739966979250312, -367772.963568794599269 ], [ 11449940.555093009024858, -367784.391787581145763 ], [ 11449943.423796284943819, -367786.23205973993754 ], [ 11449963.72613369859755, -367799.455838922702242 ], [ 11449964.567597726359963, -367800.003995682694949 ], [ 11449980.509105402976274, -367823.656248720071744 ], [ 11449985.841420333832502, -367831.56761566339992 ], [ 11449986.07062716409564, -367831.364565673808102 ], [ 11449986.387219795957208, -367831.084131457202602 ], [ 11449995.013923738151789, -367823.441379256430082 ], [ 11449995.11622635088861, -367823.350725968717597 ], [ 11449995.16843518987298, -367823.304451539064758 ], [ 11450002.308689966797829, -367813.058066438825335 ], [ 11450002.340193385258317, -367813.012795557151549 ], [ 11450003.814174760133028, -367814.10988973849453 ], [ 11450063.003081977367401, -367858.162261118355673 ], [ 11450063.030911846086383, -367858.182777979411185 ], [ 11450063.036700462922454, -367858.181997448555194 ], [ 11450063.328134888783097, -367858.400881150329951 ], [ 11450055.714549636468291, -367868.928485302429181 ], [ 11450054.730040056630969, -367870.289846177794971 ], [ 11450050.786881053820252, -367875.742314651084598 ], [ 11450050.525057615712285, -367876.109499650192447 ], [ 11450044.098138134926558, -367885.122090902004857 ], [ 11450024.40360514074564, -367905.035496788099408 ], [ 11450016.971693294122815, -367912.628635009867139 ], [ 11450013.57422243617475, -367916.040680197766051 ], [ 11450010.975134965032339, -367918.651006340340246 ], [ 11450002.813969139009714, -367926.847163220925722 ], [ 11449988.284660516306758, -367941.438007696589921 ], [ 11449848.97354980930686, -368081.273665993299801 ], [ 11449846.558362133800983, -368083.698005836165976 ], [ 11449844.2269980404526, -368099.017332700139377 ], [ 11449831.694538448005915, -368181.366988371242769 ], [ 11449831.234566310420632, -368180.284943725331686 ], [ 11449831.55193817615509, -368182.237619524705224 ] ] ] ] } },
{ "type": "Feature", "properties": { "fid": 40374, "kdkab": "74", "kdkec": "022", "nmkab": "LUBUKLINGGAU", "nmkec": "LUBUK LINGGAU SELATAN II", "kddesa": "002", "kdprov": "16", "nmdesa": "MONENG SEPATI", "nmprov": "SUMATERA SELATAN", "iddesa": "1674022002" }, "geometry": { "type": "MultiPolygon", "coordinates": [ [ [ [ 11456414.379041913896799, -364023.150483546953183 ], [ 11456411.916543453931808, -364023.179027765872888 ], [ 11456343.425668273121119, -364023.972244782140478 ], [ 11456343.506708860397339, -364024.724652500997763 ], [ 11456341.317165797576308, -364025.003181619569659 ], [ 11456311.12565010227263, -364028.843270874291193 ], [ 11456311.345617419108748, -364022.235953613417223 ], [ 11456310.926610849797726, -364022.326269299897831 ], [ 11456308.593465644866228, -363978.909409722720739 ], [ 11456315.970163019374013, -363865.934401499573141 ], [ 11456316.063782714307308, -363864.500279645144474 ], [ 11456316.071909038349986, -363864.375175871886313 ], [ 11456316.241337303072214, -363861.78111240855651 ], [ 11456316.279631208628416, -363861.038740848656744 ], [ 11456316.952223571017385, -363850.893963056441862 ], [ 11456317.42366161569953, -363843.783230790111702 ], [ 11456318.029350962489843, -363834.81835452147061 ], [ 11456320.122602665796876, -363834.328532133251429 ], [ 11456374.512415312230587, -363802.635366699134465 ], [ 11456374.244914576411247, -363801.092644048680086 ], [ 11456379.002486974000931, -363789.967669789504725 ], [ 11456394.450849311426282, -363774.675361703964882 ], [ 11456402.844338912516832, -363770.779753872484434 ], [ 11456414.710996635258198, -363769.783273069944698 ], [ 11456419.667496960610151, -363772.03001004899852 ], [ 11456421.617035200819373, -363775.187260956910904 ], [ 11456496.461025049909949, -363731.575371278042439 ], [ 11456569.448094459250569, -363689.045611062087119 ], [ 11456569.446313347667456, -363689.094336784270126 ], [ 11456571.629956483840942, -363687.823342442628928 ], [ 11456643.410990536212921, -363646.482082352798898 ], [ 11456640.557760663330555, -363630.273929128597956 ], [ 11456640.359500652179122, -363629.147551546688192 ], [ 11456818.446529593318701, -363586.598986657510977 ], [ 11456818.655587596818805, -363586.846852073969785 ], [ 11456867.556347468867898, -363644.823624367942102 ], [ 11456879.780786035582423, -363913.177810941764619 ], [ 11456879.902903515845537, -363915.858957671618555 ], [ 11456872.700755098834634, -363946.775552303704899 ], [ 11456863.208430800586939, -363968.507500420149881 ], [ 11456863.044123228639364, -363968.883815592096653 ], [ 11456851.094309853389859, -363996.242210685100872 ], [ 11456770.857002, -364085.54001867712941 ], [ 11456669.425798937678337, -364039.038128689280711 ], [ 11456588.518904348835349, -364026.846513642871287 ], [ 11456557.826896220445633, -364025.761498884763569 ], [ 11456556.952258985489607, -364025.730613146908581 ], [ 11456466.800280684605241, -364022.543584449274931 ], [ 11456432.408457962796092, -364022.941753965627868 ], [ 11456420.045649271458387, -364023.084921052097343 ], [ 11456414.379041913896799, -364023.150483546953183 ] ] ], [ [ [ 11456591.177213784307241, -361355.933674772270024 ], [ 11456591.369685186073184, -361349.010528931219596 ], [ 11456592.338053438812494, -361278.694328629993834 ], [ 11456595.295144392177463, -360935.863104012969416 ], [ 11456595.698343582451344, -360895.616202875040472 ], [ 11456599.50112871080637, -360516.000144329620525 ], [ 11456601.037671644240618, -360515.990667052334175 ], [ 11456602.851066149771214, -360515.278979363210965 ], [ 11456602.85473969206214, -360515.0158455792116 ], [ 11456769.393595973029733, -360449.921249011764303 ], [ 11457662.344115888699889, -360100.896543312177528 ], [ 11457710.949545152485371, -360080.418790929368697 ], [ 11458434.476252855733037, -359775.593487357313279 ], [ 11458928.56324864551425, -359567.432802180177532 ], [ 11458934.340284939855337, -359565.057816704444122 ], [ 11458952.471335684880614, -359557.604169124970213 ], [ 11458956.457686647772789, -359567.29242817388149 ], [ 11458955.085117325186729, -359579.507977918779943 ], [ 11458954.986042976379395, -359580.389134317112621 ], [ 11458954.219051690772176, -359587.212382456636988 ], [ 11458945.788826648145914, -359594.411708564613946 ], [ 11458924.480049716308713, -359612.611276974843349 ], [ 11458911.634893678128719, -359614.524556536634918 ], [ 11458902.482205148786306, -359615.88704350439366 ], [ 11458902.318565495312214, -359696.694146081921645 ], [ 11458938.586455592885613, -359705.623905872926116 ], [ 11458961.66187284514308, -359713.419746193045285 ], [ 11458973.595322251319885, -359720.845418384647928 ], [ 11459004.490933729335666, -359740.073005782149266 ], [ 11459018.241117229685187, -359742.288443289522547 ], [ 11459025.375583397224545, -359743.436858317814767 ], [ 11459029.984210316091776, -359741.591589513409417 ], [ 11459036.379515064880252, -359739.031627527438104 ], [ 11459046.067650346085429, -359741.002887449925765 ], [ 11459047.37120158597827, -359741.268249366839882 ], [ 11459056.913508333265781, -359747.700488593487535 ], [ 11459060.548089710995555, -359750.150069130584598 ], [ 11459061.635681131854653, -359754.199626151123084 ], [ 11459063.821995930746198, -359762.333304582105484 ], [ 11459061.588926946744323, -359778.932923188898712 ], [ 11459061.539946369826794, -359803.286021995125338 ], [ 11459064.88843665830791, -359820.318253724602982 ], [ 11459066.982356276363134, -359830.970647144655231 ], [ 11459077.93285458534956, -359853.131731743866112 ], [ 11459083.241681102663279, -359860.976640775275882 ], [ 11459092.185088988393545, -359874.193462880444713 ], [ 11459112.734666991978884, -359888.64678546146024 ], [ 11459117.439028676599264, -359891.956009005720261 ], [ 11459119.614211523905396, -359893.605045971926302 ], [ 11459126.222136493772268, -359898.615710179554299 ], [ 11459132.80000521056354, -359908.591325587185565 ], [ 11459134.803756045177579, -359922.925351005396806 ], [ 11459134.967395693063736, -359924.092722315923311 ], [ 11459131.56547205708921, -359934.299138331320137 ], [ 11459128.762447277083993, -359935.502188736398239 ], [ 11459124.807265769690275, -359947.973105903540272 ], [ 11459121.729281850159168, -359962.436472624714952 ], [ 11459120.640577226877213, -359964.617350467771757 ], [ 11459118.764843806624413, -359968.373678509320598 ], [ 11459118.231623446568847, -359969.444048053643201 ], [ 11459098.180756766349077, -359977.73383752303198 ], [ 11459093.353943645954132, -359995.261141545895953 ], [ 11459084.630948344245553, -360007.583774465427268 ], [ 11459083.745958393439651, -360008.833654339367058 ], [ 11459069.354574628174305, -360018.450259517063387 ], [ 11459069.00725781172514, -360019.169414372183383 ], [ 11459063.230889433994889, -360031.151984387310222 ], [ 11459061.828263852745295, -360032.815517983399332 ], [ 11459057.7039880361408, -360037.702092312567402 ], [ 11459048.825034130364656, -360048.222159371187445 ], [ 11459041.289817802608013, -360051.12219392642146 ], [ 11459031.826547887176275, -360054.763683018391021 ], [ 11459028.228701945394278, -360053.980974697857164 ], [ 11459025.731805766001344, -360053.435754800739232 ], [ 11459025.605124190449715, -360053.420368225022685 ], [ 11459007.444239821285009, -360051.206931574444752 ], [ 11458993.27883461676538, -360050.88693544670241 ], [ 11458986.105406630784273, -360050.724149964633398 ], [ 11458965.186247922480106, -360057.697166817146353 ], [ 11458959.724913699552417, -360061.435658441041596 ], [ 11458947.304998112842441, -360069.937298816861585 ], [ 11458941.044389951974154, -360075.56008899101289 ], [ 11458926.362462311983109, -360088.746831985481549 ], [ 11458913.743284836411476, -360098.586437874124385 ], [ 11458910.658621747046709, -360100.991427227447275 ], [ 11458896.275030340999365, -360107.100345705635846 ], [ 11458884.948272153735161, -360108.392595521756448 ], [ 11458881.13001361489296, -360106.846132629783824 ], [ 11458867.542356573045254, -360101.341527674172539 ], [ 11458856.68870622292161, -360084.22005608381005 ], [ 11458845.826150305569172, -360071.482646233926062 ], [ 11458825.579361325129867, -360057.949149842606857 ], [ 11458824.923689523711801, -360058.387332719692495 ], [ 11458824.891406871378422, -360058.409632107883226 ], [ 11458814.987311771139503, -360046.967819188605063 ], [ 11458814.519769910722971, -360046.428174168569967 ], [ 11458802.33139886520803, -360043.334135130513459 ], [ 11458795.539796728640795, -360044.546106448106002 ], [ 11458785.339591789990664, -360046.367965843528509 ], [ 11458770.064331261441112, -360062.559547385724727 ], [ 11458756.948668856173754, -360087.085527507471852 ], [ 11458756.182790758088231, -360088.85609899670817 ], [ 11458745.572930097579956, -360113.368705186818261 ], [ 11458743.834119651466608, -360122.271738584677223 ], [ 11458742.492719786241651, -360129.146642505947966 ], [ 11458739.282265668734908, -360142.278758220665623 ], [ 11458738.101165870204568, -360147.113268178305589 ], [ 11458738.09893948584795, -360147.128877758397721 ], [ 11458738.092260310426354, -360147.208040630153846 ], [ 11458728.502086183056235, -360155.862438361102249 ], [ 11458723.765441844239831, -360158.900731977017131 ], [ 11458717.599455250427127, -360162.855531163106207 ], [ 11458708.622651517391205, -360164.026249863032717 ], [ 11458701.045133778825402, -360165.014113461598754 ], [ 11458666.205472741276026, -360164.503457107639406 ], [ 11458647.084123810753226, -360165.667486010876019 ], [ 11458631.35913254134357, -360166.625245428993367 ], [ 11458601.295077662914991, -360173.578199959592894 ], [ 11458589.893735412508249, -360181.490029439562932 ], [ 11458578.615957802161574, -360189.316006750159431 ], [ 11458565.083960503339767, -360204.633471804088913 ], [ 11458548.909238487482071, -360234.414340443909168 ], [ 11458546.228665148839355, -360267.73079061525641 ], [ 11458534.505609575659037, -360289.541859761695378 ], [ 11458533.245695576071739, -360291.885752740781754 ], [ 11458530.927801143378019, -360296.198239437537268 ], [ 11458510.284158173948526, -360306.906983738241252 ], [ 11458506.513210417702794, -360308.863201441068668 ], [ 11458506.684642437845469, -360310.370643095928244 ], [ 11458506.752547323703766, -360310.972727780463174 ], [ 11458513.661034923046827, -360371.864690822781995 ], [ 11458423.212835459038615, -360435.861886104103178 ], [ 11458419.396803317591548, -360438.562350453343242 ], [ 11458418.47507793083787, -360439.610424985876307 ], [ 11458392.518155664205551, -360469.104361439298373 ], [ 11458367.934915915131569, -360497.03745419770712 ], [ 11458319.096828917041421, -360552.530478630971629 ], [ 11458299.899782726541162, -360574.342717729043216 ], [ 11458304.335864434018731, -360574.724038920656312 ], [ 11458307.676562352105975, -360575.011702277814038 ], [ 11458283.518006462603807, -360589.201980501937214 ], [ 11458268.059068776667118, -360598.28233233030187 ], [ 11458061.132833311334252, -360733.88226554915309 ], [ 11458059.229826621711254, -360734.97204292123206 ], [ 11458022.905720178037882, -360755.772588000399992 ], [ 11457952.394841510802507, -360796.149222521285992 ], [ 11457949.7298529073596, -360797.665590485674329 ], [ 11457878.115798085927963, -360837.526005713792983 ], [ 11457734.985649604350328, -360869.237066663918085 ], [ 11457655.423383142799139, -360909.080782507138792 ], [ 11457480.451407518237829, -360964.730440910265315 ], [ 11457353.2176823168993, -360996.473871984169818 ], [ 11457218.10031078197062, -360996.195127380953636 ], [ 11457122.72399746067822, -360995.997776197327767 ], [ 11457113.569082539528608, -360998.610170648025814 ], [ 11457011.385582353919744, -361027.773550452839117 ], [ 11456995.437952101230621, -361059.718810475431383 ], [ 11456987.44409947283566, -361075.733255594794173 ], [ 11456979.250984949991107, -361195.738530820002779 ], [ 11456915.535048006102443, -361259.618005260301288 ], [ 11456854.760172005742788, -361300.22562129155267 ], [ 11456772.273542523384094, -361355.340281369397417 ], [ 11456772.465234685689211, -361355.396922456391621 ], [ 11456657.574837269261479, -361355.737103450868744 ], [ 11456591.177213784307241, -361355.933674772270024 ] ] ] ] } },
{ "type": "Feature", "properties": { "fid": 40076, "kdkab": "74", "kdkec": "031", "nmkab": "LUBUKLINGGAU", "nmkec": "LUBUK LINGGAU TIMUR I", "kddesa": "002", "kdprov": "16", "nmdesa": "TABA KOJI", "nmprov": "SUMATERA SELATAN", "iddesa": "1674031002" }, "geometry": { "type": "MultiPolygon", "coordinates": [ [ [ [ 11452276.713273881003261, -366406.722820141294505 ], [ 11452219.732834048569202, -366440.29042633366771 ], [ 11452196.940724903717637, -366445.320673143374734 ], [ 11452204.750455098226666, -366480.988344195357058 ], [ 11452205.053132796660066, -366482.370762159000151 ], [ 11452166.3892019726336, -366493.904664635367226 ], [ 11452164.833512088283896, -366487.802980308886617 ], [ 11452135.50405453145504, -366372.765297410078347 ], [ 11452134.00279987975955, -366366.876813833485357 ], [ 11452115.339975925162435, -366293.676555285172071 ], [ 11452083.896561238914728, -366302.751459734223317 ], [ 11452084.098940070718527, -366303.367179995635524 ], [ 11452066.94004244171083, -366309.669113814597949 ], [ 11452056.772788070142269, -366312.928015898680314 ], [ 11452055.57443374954164, -366313.312144200026523 ], [ 11452005.634729072451591, -366329.319200968777295 ], [ 11451999.68414569273591, -366332.455896164174192 ], [ 11451976.725391272455454, -366342.723887645814102 ], [ 11451975.935134205967188, -366343.077352674270514 ], [ 11451972.508831599727273, -366344.609740686893929 ], [ 11451952.165194654837251, -366353.708399472467136 ], [ 11451948.118731163442135, -366356.131363514286932 ], [ 11451940.12933131121099, -366360.915518993395381 ], [ 11451936.851306268945336, -366362.87842104700394 ], [ 11451892.20963010750711, -366389.610197871807031 ], [ 11451892.206290524452925, -366389.612427937798202 ], [ 11451864.177155939862132, -366406.39700770372292 ], [ 11451863.115167997777462, -366407.072717269766144 ], [ 11451860.666139198467135, -366408.6304174028337 ], [ 11451860.585989166051149, -366408.680593852244783 ], [ 11451844.502660451456904, -366418.912688330456149 ], [ 11451840.165653090924025, -366421.671947570634075 ], [ 11451811.118835721164942, -366440.151493267039768 ], [ 11451808.101075647398829, -366442.071356458589435 ], [ 11451808.02203880995512, -366441.960968227940612 ], [ 11451786.236591817811131, -366411.510545895202085 ], [ 11451782.481451440602541, -366406.261865793610923 ], [ 11451782.061220357194543, -366405.674466780619696 ], [ 11451781.785148024559021, -366405.841721628792584 ], [ 11451757.472971234470606, -366420.570184022479225 ], [ 11451757.137788249179721, -366420.569403501693159 ], [ 11451733.484956799075007, -366435.72001918614842 ], [ 11451684.707761563360691, -366368.130778704420663 ], [ 11451700.669863348826766, -366358.287835004797671 ], [ 11451696.358125511556864, -366352.855734693293925 ], [ 11451607.007981503382325, -366240.28742673312081 ], [ 11451607.941952032968402, -366238.934894594887737 ], [ 11451612.455957382917404, -366232.40081542142434 ], [ 11451637.821216555312276, -366204.069007960148156 ], [ 11451684.88041809014976, -366151.505378940782975 ], [ 11451698.911126708611846, -366121.118592832004651 ], [ 11451717.028707798570395, -366081.881829230347648 ], [ 11451735.689973266795278, -366041.467609226529021 ], [ 11451775.986515747383237, -366021.816346405365039 ], [ 11451776.47854789532721, -366021.777320411114488 ], [ 11451778.339809784665704, -366021.627906596811954 ], [ 11451820.706894779577851, -366018.21926474000793 ], [ 11451838.959951687604189, -366016.750772353319917 ], [ 11451846.897031381726265, -366018.045654816902243 ], [ 11451849.253998959437013, -366018.430116611125413 ], [ 11451925.531227249652147, -366030.873945729515981 ], [ 11451926.99251820333302, -366031.112338829378132 ], [ 11451925.924964288249612, -366029.46990182652371 ], [ 11451925.72236281260848, -366029.157693843997549 ], [ 11451926.324601260945201, -366029.124242987600155 ], [ 11451967.084232812747359, -366026.832859433954582 ], [ 11451967.088685590773821, -366026.832859433954582 ], [ 11451980.963769562542439, -366026.052897009300068 ], [ 11452013.163822829723358, -366024.242648298270069 ], [ 11452027.359284294769168, -366023.444287926715333 ], [ 11452027.906976193189621, -366023.414182159991469 ], [ 11452065.149468434974551, -366009.362594538950361 ], [ 11452088.549381993710995, -366000.533800751436502 ], [ 11452113.77771819755435, -365991.015920286765322 ], [ 11452113.78105777874589, -365991.014805257786065 ], [ 11452122.566837267950177, -365987.700049699924421 ], [ 11452158.694019537419081, -365974.069724156113807 ], [ 11452163.992827294394374, -365972.074939160549548 ], [ 11452167.823330974206328, -365970.634323083853815 ], [ 11452181.534886615350842, -365965.458363597688731 ], [ 11452206.891128908842802, -365955.886741792433895 ], [ 11452207.278966013342142, -365955.740338647912722 ], [ 11452207.389172308146954, -365956.277113013842609 ], [ 11452209.608103722333908, -365967.087419329502154 ], [ 11452216.642382344231009, -366003.332744621206075 ], [ 11452216.892739877104759, -366004.619375724345446 ], [ 11452224.754901554435492, -366045.026000145939179 ], [ 11452232.577544813975692, -366084.01064268295886 ], [ 11452241.269481969997287, -366128.412558070325758 ], [ 11452249.478626502677798, -366170.976475839619525 ], [ 11452258.363702977076173, -366217.02287275105482 ], [ 11452263.935243494808674, -366244.638610815280117 ], [ 11452263.965077111497521, -366244.786240873509087 ], [ 11452273.526196863502264, -366242.077608411898836 ], [ 11452297.767129177227616, -366308.245218835654669 ], [ 11452323.867987541481853, -366379.248873884265777 ], [ 11452323.939454657956958, -366379.443223963084165 ], [ 11452276.713273881003261, -366406.722820141294505 ] ] ] ] } },
{ "type": "Feature", "properties": { "fid": 40114, "kdkab": "74", "kdkec": "011", "nmkab": "LUBUKLINGGAU", "nmkec": "LUBUK LINGGAU BARAT I", "kddesa": "001", "kdprov": "16", "nmdesa": "KAYU ARA", "nmprov": "SUMATERA SELATAN", "iddesa": "1674011001" }, "geometry": { "type": "MultiPolygon", "coordinates": [ [ [ [ 11447293.278082316741347, -369426.271728027262725 ], [ 11447305.226003263145685, -369457.632536641904153 ], [ 11447305.413910564035177, -369458.412857750430703 ], [ 11447312.802853085100651, -369489.089472642866895 ], [ 11447304.007945399731398, -369489.3275386657333 ], [ 11447293.737943137064576, -369519.398125067353249 ], [ 11447296.107935097068548, -369534.433532850060146 ], [ 11447314.278058979660273, -369559.756188692233991 ], [ 11447345.817097110673785, -369585.604157156776637 ], [ 11447353.383482897654176, -369591.805141522723716 ], [ 11447355.589835209771991, -369591.415203506127 ], [ 11447355.982125090435147, -369591.345846500014886 ], [ 11447355.996596623212099, -369591.379744459874928 ], [ 11447356.437978407368064, -369592.413743662007619 ], [ 11447357.199515044689178, -369594.559350581781473 ], [ 11447357.471245920285583, -369595.324842301313765 ], [ 11447358.518539687618613, -369596.378912703425158 ], [ 11447360.49735495634377, -369598.370640804525465 ], [ 11447362.402142766863108, -369600.287882636766881 ], [ 11447364.637994740158319, -369602.538305772701278 ], [ 11447375.30384910851717, -369612.647369408630766 ], [ 11447459.737345168367028, -369692.673131245945115 ], [ 11447472.402497595176101, -369704.677033986779861 ], [ 11447475.106559345498681, -369705.30570793239167 ], [ 11447508.517100756987929, -369713.074035246216226 ], [ 11447509.116667533293366, -369713.213418450555764 ], [ 11447531.418970916420221, -369732.179013541317545 ], [ 11447545.559440551325679, -369744.203772321459837 ], [ 11447564.075211456045508, -369759.949396369920578 ], [ 11447564.991148227825761, -369760.728270036110189 ], [ 11447566.194734558463097, -369761.751789203146473 ], [ 11447576.216160401701927, -369771.144548928248696 ], [ 11447655.577383857220411, -369845.527517956041265 ], [ 11447783.686302891001105, -370097.59370870993007 ], [ 11447844.251898251473904, -370216.762254795583431 ], [ 11447905.491867082193494, -370334.088608155143447 ], [ 11447911.016319449990988, -370349.647653537336737 ], [ 11447913.561528284102678, -370356.81611752056051 ], [ 11447934.855945, -370416.790400030440651 ], [ 11448014.854027265682817, -370569.301680749398656 ], [ 11448071.31249000877142, -370675.833365168597084 ], [ 11448154.030775351449847, -370777.104222319729161 ], [ 11448188.168455675244331, -370806.038786014076322 ], [ 11448239.374976163730025, -370820.506126472901087 ], [ 11448301.085381167009473, -370820.506126472901087 ], [ 11448432.3841602075845, -370811.299606455781031 ], [ 11448646.401224590837955, -370800.777965824352577 ], [ 11448705.485602805390954, -370808.669251959945541 ], [ 11448754.075669979676604, -370808.669251959945541 ], [ 11448736.648269737139344, -370841.987303291563876 ], [ 11448668.630947668105364, -370972.017630796995945 ], [ 11448494.912429504096508, -371122.388282955565955 ], [ 11448493.436333054676652, -371123.666164532187395 ], [ 11448459.842337125912309, -371304.081783050030936 ], [ 11448453.224393395707011, -371339.626134685706347 ], [ 11448432.856266167014837, -371341.444833622546867 ], [ 11448315.065773377195001, -371351.964518946711905 ], [ 11448346.461209364235401, -371505.396596868580673 ], [ 11448359.546815503388643, -371569.344441140594427 ], [ 11448370.515124931931496, -371663.096321290591732 ], [ 11448389.767830869182944, -371827.658518312906381 ], [ 11448430.450651967898011, -371993.026056664646603 ], [ 11448452.409534722566605, -372040.271262562891934 ], [ 11448512.155818624421954, -372168.815480596676935 ], [ 11448560.389440797269344, -372241.998897972749546 ], [ 11448508.208429483696818, -372248.059419338882435 ], [ 11448078.317046331241727, -372248.059419338882435 ], [ 11447650.735987883061171, -372248.059419338882435 ], [ 11447512.027004301548004, -372172.271146267536096 ], [ 11447537.247548134997487, -371881.750290686031803 ], [ 11447581.750965483486652, -371580.837282622989733 ], [ 11447587.544922338798642, -371541.661246619187295 ], [ 11447587.68640941567719, -371540.704615917580668 ], [ 11447585.135189322754741, -371532.526812035532203 ], [ 11447584.740116450935602, -371532.545433939085342 ], [ 11447099.705955613404512, -371555.429972250189167 ], [ 11447099.687476577237248, -371555.430864314665087 ], [ 11447099.727106316015124, -371552.891371344216168 ], [ 11447101.458903631195426, -371344.723509663541336 ], [ 11447154.55073101632297, -371350.977559661143459 ], [ 11447179.570009212940931, -371357.422066072060261 ], [ 11447221.745290730148554, -371367.446656344865914 ], [ 11447203.874393636360765, -371350.977559661143459 ], [ 11447184.573820320889354, -371335.940565352968406 ], [ 11447173.851304328069091, -371320.903573106508702 ], [ 11447164.558464562520385, -371304.434483411721885 ], [ 11447148.117243684828281, -371280.088906180928461 ], [ 11447138.109510142356157, -371254.311123991035856 ], [ 11447120.953506819903851, -371227.817465872853063 ], [ 11447107.37163838557899, -371201.323702645837329 ], [ 11447085.211712632328272, -371174.113952667743433 ], [ 11447074.843081299215555, -371161.836806318198796 ], [ 11447074.814026916399598, -371161.696417709463276 ], [ 11447060.366204164922237, -371145.797157867695205 ], [ 11447042.827818386256695, -371126.496794938750099 ], [ 11447004.079730033874512, -371093.343466022226494 ], [ 11446956.45190853625536, -371077.979677239141893 ], [ 11446875.726798675954342, -371056.146981269179378 ], [ 11446807.91775537095964, -371023.802328825287987 ], [ 11446741.723178649321198, -370884.720186585618649 ], [ 11446726.3853565659374, -370847.523884030350018 ], [ 11446698.938868196681142, -370801.432850331242662 ], [ 11446677.950357438996434, -370770.705356604303233 ], [ 11446656.961846688762307, -370743.212484040705021 ], [ 11446629.515246994793415, -370725.422896658536047 ], [ 11446454.341783089563251, -370619.494419620838016 ], [ 11446329.959061367437243, -370558.075447911629453 ], [ 11446329.609406849369407, -370557.90283442963846 ], [ 11446282.397252332419157, -370534.589981186843943 ], [ 11446172.61118752323091, -370482.838742974738125 ], [ 11446141.935654681175947, -370462.623355953197461 ], [ 11446119.332566037774086, -370460.197514223633334 ], [ 11446095.922299761325121, -370458.580323602480348 ], [ 11446014.389900956302881, -370385.80509760172572 ], [ 11445805.311859736219049, -370167.47993157239398 ], [ 11445611.571640595793724, -369966.136013155686669 ], [ 11445387.155888618901372, -369721.127596912323497 ], [ 11445228.127424417063594, -369469.650909605319612 ], [ 11445002.904383493587375, -369053.219655417546164 ], [ 11444680.811121676117182, -368358.632003086386248 ], [ 11444618.652767047286034, -368124.947472876228858 ], [ 11444543.578457178547978, -367836.279133722768165 ], [ 11444467.696858365088701, -367564.591880819411017 ], [ 11444386.164459558203816, -367300.991238627582788 ], [ 11444304.632172068580985, -367055.180104726459831 ], [ 11444217.448973266407847, -366816.646911779302172 ], [ 11444146.410885497927666, -366571.645473197859246 ], [ 11444064.87859801016748, -366331.496077016112395 ], [ 11443878.403534114360809, -366030.70356937305769 ], [ 11443640.264537952840328, -365761.44647328578867 ], [ 11443405.354474937543273, -365575.473589963454287 ], [ 11443089.719302063807845, -365356.349296429893002 ], [ 11442844.314928011968732, -365230.211526619910728 ], [ 11442493.1607112493366, -365073.348098859074526 ], [ 11442187.212560459971428, -364952.062091146362945 ], [ 11441940.193719832226634, -364843.713306626537815 ], [ 11441791.144714027643204, -364775.688837886380497 ], [ 11441897.508261093869805, -364706.192032915831078 ], [ 11442042.654405549168587, -364660.40394018049119 ], [ 11442083.52313020825386, -364647.511024622654077 ], [ 11442124.770341131836176, -364634.498804002418183 ], [ 11442674.889000730589032, -364503.355329008074477 ], [ 11442858.529870389029384, -364450.526013870083261 ], [ 11443321.30547640286386, -364317.395915989065543 ], [ 11443380.553271621465683, -364300.351741659687832 ], [ 11443505.176554763689637, -364224.361522732651792 ], [ 11443655.836353605613112, -364132.494733376777731 ], [ 11443840.411861700937152, -364093.11706313455943 ], [ 11443840.592199278995395, -364093.079152824997436 ], [ 11444425.786517234519124, -364628.435355013934895 ], [ 11444969.453099150210619, -365125.798713610158302 ], [ 11446016.198063438758254, -365605.549135343462694 ], [ 11446614.613463358953595, -367296.369392641354352 ], [ 11446614.113861484453082, -367296.716281969100237 ], [ 11446881.270731959491968, -368055.051170238875784 ], [ 11447058.054098336026073, -368602.961335919506382 ], [ 11447077.957800654694438, -368674.568813995399978 ], [ 11447083.235123755410314, -368693.554859036405105 ], [ 11447220.171567089855671, -369186.210584871063475 ], [ 11447236.950419979169965, -369243.757634420355316 ], [ 11447236.951421849429607, -369243.760979605605826 ], [ 11447244.895625991746783, -369271.007829670328647 ], [ 11447246.96349685266614, -369278.554006185033359 ], [ 11447258.665958322584629, -369321.645109217963181 ], [ 11447272.824573040008545, -369372.427816120558418 ], [ 11447272.778375452384353, -369372.464055644406471 ], [ 11447293.278082316741347, -369426.271728027262725 ] ] ] ] } },
{ "type": "Feature", "properties": { "fid": 40730, "kdkab": "74", "kdkec": "032", "nmkab": "LUBUKLINGGAU", "nmkec": "LUBUK LINGGAU TIMUR II", "kddesa": "006", "kdprov": "16", "nmdesa": "WIRA KARYA", "nmprov": "SUMATERA SELATAN", "iddesa": "1674032006" }, "geometry": { "type": "MultiPolygon", "coordinates": [ [ [ [ 11451570.279228707775474, -367067.254080046608578 ], [ 11451570.162120608612895, -367072.06346604070859 ], [ 11451572.215408612042665, -367076.414236690266989 ], [ 11451573.272053219377995, -367078.606626424996648 ], [ 11451573.5913175214082, -367079.048293389321771 ], [ 11451574.591968422755599, -367080.325905133388005 ], [ 11451574.596421198919415, -367080.410202081955504 ], [ 11451581.359748184680939, -367089.459190411842428 ], [ 11451583.308507192879915, -367091.943609161651693 ], [ 11451585.054442087188363, -367093.821000628813636 ], [ 11451587.619243150576949, -367096.512259256734978 ], [ 11451588.509353801608086, -367097.446327610407025 ], [ 11451592.958348568528891, -367104.951879911415745 ], [ 11451593.196572277694941, -367107.000318634614814 ], [ 11451593.428784733638167, -367109.175091354700271 ], [ 11451593.613797733560205, -367111.090059941983782 ], [ 11451593.747158477082849, -367112.470478682313114 ], [ 11451593.620699539780617, -367113.519396229763515 ], [ 11451593.552015412598848, -367114.089627378270961 ], [ 11451593.196572277694941, -367117.254889751435257 ], [ 11451592.512068727985024, -367123.037930383579805 ], [ 11451592.065677570179105, -367126.43623627233319 ], [ 11451589.238496461883187, -367131.533639549161308 ], [ 11451588.340704772621393, -367133.16750704246806 ], [ 11451585.339865261688828, -367138.628413554280996 ], [ 11451584.995888033881783, -367139.075767456728499 ], [ 11451584.603375509381294, -367139.586232609522995 ], [ 11451577.364046381786466, -367149.002185338234995 ], [ 11451565.817098241299391, -367155.2025870285579 ], [ 11451552.246361760422587, -367160.925975003221538 ], [ 11451528.081015376374125, -367159.852860645100009 ], [ 11451524.439420875161886, -367157.343909491377417 ], [ 11451505.582121770828962, -367144.351800673699472 ], [ 11451482.964338952675462, -367126.108303151268046 ], [ 11451465.60896241851151, -367112.177223328035325 ], [ 11451447.489043625071645, -367108.877264345530421 ], [ 11451436.895546926185489, -367111.326002267480362 ], [ 11451436.656321339309216, -367111.381308224692475 ], [ 11451436.62415000423789, -367111.351313666033093 ], [ 11451419.00450100377202, -367094.933809748792555 ], [ 11451401.673503438010812, -367078.955968156922609 ], [ 11451400.825805518776178, -367078.174437295470852 ], [ 11451400.930668478831649, -367078.093039444822352 ], [ 11451449.424444293603301, -367040.435501606902108 ], [ 11451455.852699607610703, -367035.412475589837413 ], [ 11451455.11186839826405, -367034.591138153453358 ], [ 11451431.74679783731699, -367008.688237080583349 ], [ 11451430.958099246025085, -367008.762721639650408 ], [ 11451430.94184660166502, -367008.776548114605248 ], [ 11451420.338331140577793, -367009.661665550549515 ], [ 11451412.720961028710008, -367010.297460417903494 ], [ 11451410.081130621954799, -367010.517791998689063 ], [ 11451409.932407779619098, -367010.491700098325964 ], [ 11451395.81119641661644, -367011.669180608238094 ], [ 11451381.615512309595942, -367012.891374165774323 ], [ 11451370.797595517709851, -367017.944059188710526 ], [ 11451370.602341126650572, -367018.058685137482826 ], [ 11451364.863376101478934, -367020.741244624718092 ], [ 11451364.855361092835665, -367020.745035753352568 ], [ 11451363.203045893460512, -367018.587436360772699 ], [ 11451351.439581343904138, -367003.226333434286062 ], [ 11451350.031167143955827, -367001.386966302001383 ], [ 11451332.979470182210207, -366979.116978349687997 ], [ 11451332.824736086651683, -366978.914041430747602 ], [ 11451332.694492289796472, -366978.744555647950619 ], [ 11451332.81583053432405, -366978.667618025967386 ], [ 11451414.719257203862071, -366926.33555032289587 ], [ 11451424.574371727183461, -366920.038599185994826 ], [ 11451441.464766742661595, -366909.246486792690121 ], [ 11451442.783568749204278, -366908.474880961468443 ], [ 11451466.628537634387612, -366894.523534783103969 ], [ 11451498.286353664472699, -366875.999981034605298 ], [ 11451502.000751117244363, -366873.826662435836624 ], [ 11451502.126319501549006, -366873.753181502688676 ], [ 11451461.756974082440138, -366802.508585566014517 ], [ 11451460.212193507701159, -366800.187637603317853 ], [ 11451458.925896789878607, -366798.254945302032866 ], [ 11451489.919024139642715, -366788.347068393370137 ], [ 11451490.404043162241578, -366789.225159342284314 ], [ 11451639.422770064324141, -366739.793165593000595 ], [ 11451738.117962684482336, -366709.615399269096088 ], [ 11451826.076947016641498, -366694.174391069856938 ], [ 11451830.414510974660516, -366693.412933553860057 ], [ 11451830.430763626471162, -366691.833486244198866 ], [ 11451831.148329062387347, -366691.825457993603777 ], [ 11451836.686028450727463, -366691.763462041853927 ], [ 11451849.96221356280148, -366691.614716347598005 ], [ 11452030.407100634649396, -366689.592934633023106 ], [ 11452048.556519096717238, -366744.821418895677198 ], [ 11452056.631412317976356, -366769.393239993136376 ], [ 11452065.370548941195011, -366795.98640413308749 ], [ 11452069.006688788533211, -366802.750436928588897 ], [ 11452062.298910234123468, -366803.457592931808904 ], [ 11452059.137102738022804, -366803.79098877630895 ], [ 11452059.411727922037244, -366804.854398883297108 ], [ 11452072.873816579580307, -366856.976447871187702 ], [ 11452073.087216045707464, -366857.802467148983851 ], [ 11451987.460597682744265, -366916.903336944582406 ], [ 11451990.792612684890628, -366921.353339847002644 ], [ 11451992.460289973765612, -366923.58062719006557 ], [ 11451991.77834677323699, -366924.201591563934926 ], [ 11451976.797637617215514, -366937.842961014248431 ], [ 11451967.911670589819551, -366945.934566330222879 ], [ 11451962.811790753155947, -366940.456386223842856 ], [ 11451955.882152453064919, -366936.142305640911218 ], [ 11451954.883616618812084, -366935.521229697566014 ], [ 11451935.841304529458284, -366923.667265598662198 ], [ 11451934.52216855995357, -366923.553531780606136 ], [ 11451911.003699738532305, -366921.529738770914264 ], [ 11451910.941360823810101, -366921.525278617511503 ], [ 11451910.917983731254935, -366921.523048547212966 ], [ 11451913.326937511563301, -366933.784001127351075 ], [ 11451914.386365110054612, -366939.178107068291865 ], [ 11451914.462062358856201, -366939.563352574012242 ], [ 11451892.465553617104888, -366940.274077569367364 ], [ 11451874.966463627293706, -366944.447440555028152 ], [ 11451874.431016875430942, -366956.783772225375287 ], [ 11451874.359661078080535, -366956.494642923178617 ], [ 11451874.044849559664726, -366963.884333255409729 ], [ 11451887.377473656088114, -366972.946469524642453 ], [ 11451900.490241754800081, -366974.833225299953483 ], [ 11451909.077649908140302, -366976.156552400672808 ], [ 11451920.81239403039217, -366984.535728841437958 ], [ 11451923.484952367842197, -366988.818813243531622 ], [ 11451929.130297707393765, -366997.866233047738206 ], [ 11451934.963327700272202, -367021.236990722594783 ], [ 11451938.296455895528197, -367034.591695673181675 ], [ 11451936.271665679290891, -367040.879063983855303 ], [ 11451935.184074250981212, -367044.256181616801769 ], [ 11451929.343585846945643, -367049.13469901389908 ], [ 11451908.579161228612065, -367051.702633268607315 ], [ 11451906.475779453292489, -367051.962660310324281 ], [ 11451906.237667061388493, -367051.992097333073616 ], [ 11451881.632831331342459, -367067.978409336705226 ], [ 11451853.301019048318267, -367077.99446999724023 ], [ 11451828.479778228327632, -367079.651975526998285 ], [ 11451828.30233495682478, -367079.663794942724053 ], [ 11451828.294319955632091, -367079.661007342860103 ], [ 11451815.669353863224387, -367075.234971430618316 ], [ 11451811.636471351608634, -367073.82110198267037 ], [ 11451810.039927216246724, -367072.979470557940658 ], [ 11451803.711302844807506, -367069.643162475782447 ], [ 11451795.804056774824858, -367065.474477939889766 ], [ 11451748.601141776889563, -367036.102907495456748 ], [ 11451698.552455311641097, -367029.563875254883897 ], [ 11451698.119311172515154, -367028.996432139363606 ], [ 11451691.445262422785163, -367029.725667348131537 ], [ 11451687.411823311820626, -367030.166442090296187 ], [ 11451673.571025742217898, -367031.678880388208199 ], [ 11451642.89137407951057, -367034.283164492750075 ], [ 11451616.891816448420286, -367041.57507111504674 ], [ 11451594.017442202195525, -367047.685037153714802 ], [ 11451593.914916954934597, -367046.84463246940868 ], [ 11451592.546132493764162, -367047.553797095315531 ], [ 11451591.076715214177966, -367048.315145544300321 ], [ 11451576.412264734506607, -367055.912685220187996 ], [ 11451575.769951276481152, -367057.100424568576273 ], [ 11451570.327652687206864, -367067.1645424234448 ], [ 11451570.279228707775474, -367067.254080046608578 ] ] ] ] } },
{ "type": "Feature", "properties": { "fid": 40553, "kdkab": "74", "kdkec": "042", "nmkab": "LUBUKLINGGAU", "nmkec": "LUBUK LINGGAU UTARA II", "kddesa": "007", "kdprov": "16", "nmdesa": "PONOROGO", "nmprov": "SUMATERA SELATAN", "iddesa": "1674042007" }, "geometry": { "type": "MultiPolygon", "coordinates": [ [ [ [ 11451653.498229119926691, -365383.446670265751891 ], [ 11451653.339487528428435, -365383.547691259242129 ], [ 11451652.067551024258137, -365414.028272459632717 ], [ 11451598.25960535928607, -365430.10789937217487 ], [ 11451598.115446619689465, -365430.021596630220301 ], [ 11451591.93153758533299, -365426.319944976945408 ], [ 11451589.024985678493977, -365424.364307085459586 ], [ 11451566.344641311094165, -365409.104556893638801 ], [ 11451495.026696333661675, -365377.516648702265229 ], [ 11451490.750914692878723, -365375.350830031966325 ], [ 11451484.526930641382933, -365377.108550663862843 ], [ 11451500.074033368378878, -365346.434523298405111 ], [ 11451516.690693760290742, -365314.178735080582555 ], [ 11451489.077782746404409, -365299.028272048337385 ], [ 11451484.679215708747506, -365304.892949191038497 ], [ 11451474.66035021841526, -365318.577271378366277 ], [ 11451462.930949432775378, -365338.1262741429382 ], [ 11451448.024935655295849, -365352.299202928785235 ], [ 11451428.475897235795856, -365365.494816862104926 ], [ 11451410.393159152939916, -365376.735464307945222 ], [ 11451393.043348595499992, -365382.600145532458555 ], [ 11451381.31394780986011, -365384.799415012763347 ], [ 11451366.652280319482088, -365386.754271696670912 ], [ 11451355.411572093144059, -365389.442255441797897 ], [ 11451345.881510488688946, -365392.374652097176295 ], [ 11451340.994250882416964, -365394.329508913797326 ], [ 11451334.396455986425281, -365400.438603933667764 ], [ 11451330.222309034317732, -365408.786887041875161 ], [ 11451325.713424382731318, -365408.700472809025086 ], [ 11451310.861289240419865, -365408.415807617770042 ], [ 11451279.376797659322619, -365407.812246054178104 ], [ 11451259.503708204254508, -365464.445580287836492 ], [ 11451255.248965945094824, -365473.435563887178432 ], [ 11451241.358742525801063, -365475.341472615604289 ], [ 11451240.922704078257084, -365472.672888195374981 ], [ 11451206.862279480323195, -365264.206165540439542 ], [ 11451206.690736142918468, -365263.156707923917565 ], [ 11451206.550807548686862, -365262.300929433840793 ], [ 11451183.636914877220988, -365266.937520640378352 ], [ 11451182.724540337920189, -365262.014480583020486 ], [ 11451165.903942637145519, -365171.251376294007059 ], [ 11451158.512773724272847, -365169.671616084233392 ], [ 11451158.288130993023515, -365168.401273914147168 ], [ 11451136.652854001149535, -365046.025232104235329 ], [ 11451122.932949399575591, -364968.420517420629039 ], [ 11451112.535152357071638, -364909.607130237389356 ], [ 11451109.148479487746954, -364890.45080010680249 ], [ 11451107.613606352359056, -364881.764148133341223 ], [ 11451103.872492225840688, -364860.609266630955972 ], [ 11451106.702678959816694, -364859.293881301942747 ], [ 11451107.124468510970473, -364853.17745680664666 ], [ 11451125.660388240590692, -364830.709537265531253 ], [ 11451140.559834167361259, -364817.425677299615927 ], [ 11451148.970800932496786, -364809.926857875543647 ], [ 11451168.63015696592629, -364791.390828319359571 ], [ 11451196.153233144432306, -364771.169789772422519 ], [ 11451213.846686972305179, -364755.723140786925796 ], [ 11451234.348620230332017, -364738.029737508157268 ], [ 11451254.00797626376152, -364721.178842683730181 ], [ 11451275.352375427260995, -364702.923811702465173 ], [ 11451296.135167764499784, -364692.532427663623821 ], [ 11451309.334987701848149, -364688.319677560590208 ], [ 11451344.16006588190794, -364677.928294887184165 ], [ 11451389.095736816525459, -364659.111526513181161 ], [ 11451407.899268599227071, -364646.434923958091531 ], [ 11451403.338954344391823, -364644.045670535648242 ], [ 11451406.515010733157396, -364632.739645553228911 ], [ 11451423.180429060012102, -364573.41308277763892 ], [ 11451437.431550275534391, -364477.884192305034958 ], [ 11451437.657306201756001, -364476.370562181691639 ], [ 11451438.015643643215299, -364473.96860125020612 ], [ 11451567.025471311062574, -364573.551456009154208 ], [ 11451584.14184489659965, -364565.487229431048036 ], [ 11451649.221445607021451, -364534.824352298222948 ], [ 11451683.00602050870657, -364518.907646358304191 ], [ 11451683.919730886816978, -364518.477139680355322 ], [ 11451685.660322446376085, -364517.67656006879406 ], [ 11451685.846448633819818, -364517.407507337804418 ], [ 11451730.997522776946425, -364452.132970211328939 ], [ 11451833.783261405304074, -364303.536771256360225 ], [ 11451864.960511196404696, -364258.464122959121596 ], [ 11451967.933377888053656, -364110.810029799991753 ], [ 11451967.426985526457429, -364110.118612520047463 ], [ 11451979.541663065552711, -364093.539540104742628 ], [ 11452073.16525100544095, -363965.415249015437439 ], [ 11452125.55198073387146, -364000.59453373553697 ], [ 11452125.64014577306807, -364000.653740667621605 ], [ 11452123.78367062471807, -364011.221231701492798 ], [ 11452119.67152863740921, -364034.628381200600415 ], [ 11452112.82938745431602, -364065.073248390457593 ], [ 11452103.636178622022271, -364105.978917473519687 ], [ 11452103.37635893188417, -364107.134847604960669 ], [ 11452103.009227255359292, -364108.768559235963039 ], [ 11452087.047236789017916, -364148.738639648945536 ], [ 11452124.826622933149338, -364293.655987976293545 ], [ 11452132.633347501978278, -364393.354420312913135 ], [ 11452131.300296599045396, -364414.121077513089404 ], [ 11452130.865148710086942, -364415.024572032038122 ], [ 11452130.007320713251829, -364416.805469792743679 ], [ 11452109.782572992146015, -364433.011618450924288 ], [ 11452108.051777547225356, -364434.488341075077187 ], [ 11452108.022389201447368, -364434.509414811444003 ], [ 11452108.015598708763719, -364434.51420936541399 ], [ 11452117.220496084541082, -364443.353583284129854 ], [ 11452063.823541980236769, -364554.216335329751018 ], [ 11452063.822094824165106, -364554.219345866702497 ], [ 11452133.664499949663877, -364664.343510589911602 ], [ 11452133.839605504646897, -364664.619588270259555 ], [ 11452134.899589698761702, -364666.290884047048166 ], [ 11452134.942447697743773, -364666.408629621088039 ], [ 11452135.007124323397875, -364666.586474495416041 ], [ 11452170.450136996805668, -364764.020865423022769 ], [ 11452035.17970116250217, -364814.346448099357076 ], [ 11451845.482828574255109, -364886.205372538301162 ], [ 11451853.644105717539787, -364937.139698393293656 ], [ 11451864.177601212635636, -365006.281067832664121 ], [ 11451891.295919725671411, -365083.279461494879797 ], [ 11451917.517782382667065, -365154.441337273980025 ], [ 11451943.280563460662961, -365222.748806111747399 ], [ 11451941.050166139379144, -365223.582841401279438 ], [ 11451846.259170699864626, -365279.957397153950296 ], [ 11451840.645217461511493, -365283.296104601526167 ], [ 11451816.440463978797197, -365288.683774885314051 ], [ 11451734.861533625051379, -365283.296104601526167 ], [ 11451675.694333711639047, -365275.663562850037124 ], [ 11451667.626119658350945, -365307.540567187708803 ], [ 11451638.315920371562243, -365307.954017080366611 ], [ 11451653.498229119926691, -365383.446670265751891 ] ] ] ] } },
{ "type": "Feature", "properties": { "fid": 40202, "kdkab": "74", "kdkec": "012", "nmkab": "LUBUKLINGGAU", "nmkec": "LUBUK LINGGAU BARAT II", "kddesa": "005", "kdprov": "16", "nmdesa": "KEPUTERAAN", "nmprov": "SUMATERA SELATAN", "iddesa": "1674012005" }, "geometry": { "type": "MultiPolygon", "coordinates": [ [ [ [ 11449870.321065917611122, -367291.247227876039688 ], [ 11449842.754686452448368, -367318.022603360237554 ], [ 11449820.562366727739573, -367336.860895657620858 ], [ 11449817.861199285835028, -367334.508157837204635 ], [ 11449754.147822689265013, -367279.013331284630112 ], [ 11449710.420970102772117, -367307.252530069148634 ], [ 11449707.498722154647112, -367309.139737548714038 ], [ 11449702.456505818292499, -367313.599122529209126 ], [ 11449702.397840447723866, -367313.643166661378928 ], [ 11449690.774081854149699, -367323.93288069521077 ], [ 11449690.771298870444298, -367323.935333786008414 ], [ 11449686.957159154117107, -367327.308222886407748 ], [ 11449672.530041832476854, -367340.067866950063035 ], [ 11449669.495917789638042, -367338.482166205474641 ], [ 11449666.958501314744353, -367337.367459071974736 ], [ 11449664.109612908214331, -367335.494746658077929 ], [ 11449657.476975005120039, -367331.08051997871371 ], [ 11449657.076336156576872, -367330.813021500536706 ], [ 11449653.593928525224328, -367324.160237656149548 ], [ 11449652.973656326532364, -367322.975283053820021 ], [ 11449652.181729465723038, -367312.04698490886949 ], [ 11449659.480057924985886, -367291.976464809093159 ], [ 11449662.451286450028419, -367284.4101301075425 ], [ 11449668.427473314106464, -367269.191827119968366 ], [ 11449668.47634257376194, -367268.873371419904288 ], [ 11449668.546585168689489, -367260.583265269175172 ], [ 11449668.516528908163309, -367256.796140530728735 ], [ 11449668.141382224857807, -367253.497626802127343 ], [ 11449667.314612364396453, -367246.228787594649475 ], [ 11449666.623763607814908, -367241.995089553529397 ], [ 11449665.80111257173121, -367236.954325260652695 ], [ 11449665.168817861005664, -367236.118379302206449 ], [ 11449663.669010365381837, -367234.135279579902999 ], [ 11449663.575390670448542, -367234.011510070064105 ], [ 11449667.241809420287609, -367232.747834567853715 ], [ 11449690.541535442695022, -367224.716978031850886 ], [ 11449690.603206438943744, -367224.725675350986421 ], [ 11449690.684803623706102, -367224.737160267133731 ], [ 11449690.848888551816344, -367224.68118523620069 ], [ 11449710.694148136302829, -367217.915119644487277 ], [ 11449713.737845655530691, -367216.872891351405997 ], [ 11449758.48048859089613, -367201.551233395177405 ], [ 11449775.462833506986499, -367195.732395883242134 ], [ 11449777.287916557863355, -367190.292560818081256 ], [ 11449775.473631497472525, -367184.951964591746219 ], [ 11449774.149708790704608, -367180.817618961154949 ], [ 11449773.081375641748309, -367176.358796840766445 ], [ 11449772.154640879482031, -367171.452509355556685 ], [ 11449771.834931304678321, -367169.759655681089498 ], [ 11449772.132154339924455, -367168.729024253610987 ], [ 11449774.149708790704608, -367161.733709886553697 ], [ 11449777.011621579527855, -367157.745323832205031 ], [ 11449778.245041541755199, -367156.026489941461477 ], [ 11449782.043707842007279, -367153.684906351729296 ], [ 11449790.709150962531567, -367147.733047110436019 ], [ 11449801.748704865574837, -367140.242210434982553 ], [ 11449801.970008013769984, -367140.100711903069168 ], [ 11449802.361073387786746, -367139.850608510314487 ], [ 11449807.202358040958643, -367136.75447794678621 ], [ 11449807.628934329375625, -367136.466574712714646 ], [ 11449807.98081523925066, -367136.229182778508402 ], [ 11449808.030686369165778, -367136.200414756312966 ], [ 11449809.138203984126449, -367135.561608566960786 ], [ 11449809.748791394755244, -367135.204015362309292 ], [ 11449809.914434792473912, -367135.105780372454319 ], [ 11449809.913655556738377, -367135.088720269326586 ], [ 11449812.050433181226254, -367133.862511221319437 ], [ 11449816.705591646954417, -367130.477362565754447 ], [ 11449820.31134127266705, -367127.445347043161746 ], [ 11449824.273090636357665, -367123.432319849729538 ], [ 11449828.145895719528198, -367119.196507918066345 ], [ 11449829.970978768542409, -367116.565795386501122 ], [ 11449835.357394969090819, -367108.361447144648992 ], [ 11449837.226894499734044, -367105.061934293014929 ], [ 11449838.448180634528399, -367101.257531754963566 ], [ 11449838.873866364359856, -367099.934314664977137 ], [ 11449839.185449620708823, -367096.545598925265949 ], [ 11449839.192462749779224, -367096.423279123730026 ], [ 11449839.205153170973063, -367096.201832338527311 ], [ 11449839.221628457307816, -367096.129466291808058 ], [ 11449839.298884185031056, -367094.686159543460235 ], [ 11449839.498813988640904, -367091.400808091915678 ], [ 11449839.489463148638606, -367091.254626456648111 ], [ 11449839.512394968420267, -367090.855553939298261 ], [ 11449839.541560670360923, -367090.347765108104795 ], [ 11449838.699651362374425, -367087.339724017132539 ], [ 11449838.206172056496143, -367085.57684717560187 ], [ 11449838.171106422320008, -367085.467684847768396 ], [ 11449837.855626985430717, -367084.484554867492989 ], [ 11449837.805533213540912, -367084.328337894112337 ], [ 11449837.801859671249986, -367084.322874203324318 ], [ 11449835.79243153706193, -367081.351295054249931 ], [ 11449835.737884989008307, -367081.270454721350688 ], [ 11449835.556322902441025, -367081.00061526306672 ], [ 11449834.979465300217271, -367080.148167905397713 ], [ 11449834.864583587273955, -367079.978235957154538 ], [ 11449833.977255925536156, -367078.665723496524151 ], [ 11449832.820423774421215, -367077.356779176683631 ], [ 11449830.58991514146328, -367074.830100772262085 ], [ 11449830.026861157268286, -367074.192521472694352 ], [ 11449829.881589220836759, -367074.028833749296609 ], [ 11449828.382672276347876, -367072.342560298042372 ], [ 11449828.06674756295979, -367071.987308879382908 ], [ 11449828.035912061110139, -367071.952408161014318 ], [ 11449827.482542870566249, -367071.330662428576034 ], [ 11449825.751747431233525, -367069.383358397928532 ], [ 11449893.006197029724717, -367005.515507044619881 ], [ 11449913.751697333529592, -366982.184448041021824 ], [ 11449938.508929448202252, -366954.341950944857672 ], [ 11449938.584849340841174, -366954.256539053516462 ], [ 11449938.963224286213517, -366954.580011511861812 ], [ 11449939.115398036316037, -366954.864903672074433 ], [ 11449947.587701838463545, -366962.170520035957452 ], [ 11449947.622990116477013, -366962.200960571120959 ], [ 11449948.308161582797766, -366961.057154734560754 ], [ 11449985.009752418845892, -366917.038702487479895 ], [ 11450001.935769675299525, -366896.743796851485968 ], [ 11450020.804979963228106, -366874.228410258539952 ], [ 11450023.720771387219429, -366870.622715221135877 ], [ 11450024.313992951065302, -366869.889132415177301 ], [ 11450024.410729590803385, -366869.769488955498673 ], [ 11450023.653979688882828, -366863.393373403523583 ], [ 11450023.615240504965186, -366863.370738153578714 ], [ 11450023.603885916993022, -366863.265255665173754 ], [ 11450023.158719273284078, -366862.953156849194784 ], [ 11450023.247774867340922, -366862.507253605115693 ], [ 11450022.967138431966305, -366862.304205390566494 ], [ 11450022.585535215213895, -366861.92197075241711 ], [ 11450035.272283622995019, -366840.608823728805874 ], [ 11450039.412144167348742, -366833.430106523446739 ], [ 11450040.568085759878159, -366834.545143107068725 ], [ 11450040.6139493919909, -366834.589410060434602 ], [ 11450041.103643830865622, -366833.563910917146131 ], [ 11450041.142605651170015, -366833.251812178234104 ], [ 11450041.237227218225598, -366832.493810316896997 ], [ 11450041.236670618876815, -366832.44474870711565 ], [ 11450041.142605651170015, -366823.777792833570857 ], [ 11450041.059116035699844, -366816.08526794356294 ], [ 11450041.068912148475647, -366815.780640001175925 ], [ 11450041.236559299752116, -366810.575761725776829 ], [ 11450041.236781945452094, -366810.556360089452937 ], [ 11450040.471126483753324, -366801.502488347294275 ], [ 11450040.34689393080771, -366800.033539595664479 ], [ 11450039.953713489696383, -366799.180202363641001 ], [ 11450038.210227623581886, -366795.396326981775928 ], [ 11450035.979718990623951, -366792.66571488318732 ], [ 11450035.005116848275065, -366791.472626190748997 ], [ 11450033.812105864286423, -366790.27764195058262 ], [ 11450033.810102114453912, -366790.275634887686465 ], [ 11450060.297016471624374, -366779.227634339826182 ], [ 11450076.798795148730278, -366772.327568589826114 ], [ 11450076.826513702049851, -366772.333032265421934 ], [ 11450090.342147041112185, -366766.695522093912587 ], [ 11450093.598464785143733, -366765.337296868267003 ], [ 11450096.857899473980069, -366763.977733617648482 ], [ 11450122.358077870681882, -366756.819315019238275 ], [ 11450126.396637674421072, -366764.909792110498529 ], [ 11450126.917724210768938, -366765.953800216258969 ], [ 11450128.324579933658242, -366765.459281797753647 ], [ 11450131.246382609009743, -366764.432222240138799 ], [ 11450139.85672258771956, -366761.405791888595559 ], [ 11450144.074506774544716, -366756.674917882133741 ], [ 11450150.715382313355803, -366749.226144453452434 ], [ 11450150.732525516301394, -366749.221572804439347 ], [ 11450157.337110904976726, -366741.748826609051321 ], [ 11450157.543051961809397, -366741.415096437209286 ], [ 11450160.437247402966022, -366738.160418920742813 ], [ 11450171.625301504507661, -366725.497406145441346 ], [ 11450175.607199693098664, -366721.004705237399321 ], [ 11450180.780439069494605, -366715.167829342128243 ], [ 11450180.973355744034052, -366714.915162321005482 ], [ 11450196.375409170985222, -366702.192609315854497 ], [ 11450196.439751839265227, -366702.111769259092398 ], [ 11450196.480272136628628, -366702.09671628382057 ], [ 11450201.901976615190506, -366697.603793311340269 ], [ 11450210.125592678785324, -366690.747888026875444 ], [ 11450214.264896618202329, -366687.358850272197742 ], [ 11450230.602256406098604, -366673.982666911382694 ], [ 11450292.121414521709085, -366657.752665034204256 ], [ 11450291.443812783807516, -366666.257593381335028 ], [ 11450290.641533212736249, -366676.328477513510734 ], [ 11450290.63852758705616, -366676.366165697283577 ], [ 11450290.551364423707128, -366676.368953287019394 ], [ 11450290.403977420181036, -366678.161706569080707 ], [ 11450289.150185996666551, -366693.412264533399139 ], [ 11450269.937109798192978, -366783.151446200616192 ], [ 11450284.973367379978299, -366871.008183493744582 ], [ 11450289.373604211956263, -366879.674585535714868 ], [ 11450298.73156588897109, -366898.479017777252011 ], [ 11450298.966450011357665, -366898.673368764459155 ], [ 11450303.533888723701239, -366907.669601003348362 ], [ 11450301.263639021664858, -366953.238732559839264 ], [ 11450301.253508947789669, -366953.421152744500432 ], [ 11450301.252507077530026, -366953.439439360925462 ], [ 11450300.91865992359817, -366953.283334074774757 ], [ 11450284.080919025465846, -366960.919113043812104 ], [ 11450270.303684882819653, -366967.183730406337418 ], [ 11450270.568402636796236, -366968.317500963108614 ], [ 11450270.687625808641315, -366968.827965330448933 ], [ 11450274.39345165528357, -366984.132865574152675 ], [ 11450275.230128953233361, -366987.533731800562236 ], [ 11450276.685965253040195, -366993.451796793262474 ], [ 11450276.668154133483768, -366993.46172063582344 ], [ 11450270.046314220875502, -366997.153835124860052 ], [ 11450258.613023281097412, -367003.528731812839396 ], [ 11450259.561799302697182, -367005.28525163634913 ], [ 11450296.183351423591375, -367073.086514302704018 ], [ 11450299.163485508412123, -367095.881593072146643 ], [ 11450300.637021608650684, -367106.391841679054778 ], [ 11450303.052988519892097, -367125.060723530768882 ], [ 11450303.047199904918671, -367125.064514663128648 ], [ 11450302.619287783280015, -367125.307927786372602 ], [ 11450294.546175673604012, -367129.909249917371199 ], [ 11450293.646157592535019, -367130.422168108110782 ], [ 11450293.665304543450475, -367130.47803159506293 ], [ 11450293.687345799058676, -367130.542592381068971 ], [ 11450293.834287529811263, -367130.967422455258202 ], [ 11450292.490772597491741, -367130.595445261336863 ], [ 11450287.519912052899599, -367132.255181657907087 ], [ 11450287.056377692148089, -367131.315314803330693 ], [ 11450271.13312640786171, -367137.882786542817485 ], [ 11450212.591875992715359, -367164.152788917184807 ], [ 11450172.644097486510873, -367171.393412234494463 ], [ 11450163.417270176112652, -367173.06574919319246 ], [ 11450159.011133410036564, -367171.508038341999054 ], [ 11450158.503516526892781, -367171.328628412797116 ], [ 11450148.78309859521687, -367167.892186780576594 ], [ 11450148.75682719424367, -367168.222796124347951 ], [ 11450143.279129007831216, -367166.498275364458095 ], [ 11450136.214126208797097, -367168.144074300595094 ], [ 11450127.910916708409786, -367170.078222599346191 ], [ 11450123.140876529738307, -367171.189359916665126 ], [ 11450102.534414267167449, -367180.102432267274708 ], [ 11450080.899916511029005, -367188.460884362168144 ], [ 11450028.123123286291957, -367225.387674898374826 ], [ 11450028.076146462932229, -367225.420568594359793 ], [ 11450027.499511500820518, -367226.032391327025834 ], [ 11450024.872594159096479, -367228.819100631924812 ], [ 11450007.465676698833704, -367247.194524366990663 ], [ 11450002.595894252881408, -367251.944040472677443 ], [ 11449998.714072292670608, -367255.729938494565431 ], [ 11449967.142528865486383, -367268.270468779024668 ], [ 11449930.127573668956757, -367276.994326466927305 ], [ 11449921.915868790820241, -367276.524336673785001 ], [ 11449913.137770341709256, -367272.228641193883959 ], [ 11449891.202153362333775, -367261.494253661774565 ], [ 11449890.181130988523364, -367260.301048425200861 ], [ 11449890.170666959136724, -367260.315766967483796 ], [ 11449889.444863880053163, -367261.40226279257331 ], [ 11449874.863457741215825, -367283.230639630695805 ], [ 11449870.321065917611122, -367291.247227876039688 ] ] ] ] } },
{ "type": "Feature", "properties": { "fid": 40786, "kdkab": "74", "kdkec": "032", "nmkab": "LUBUKLINGGAU", "nmkec": "LUBUK LINGGAU TIMUR II", "kddesa": "008", "kdprov": "16", "nmdesa": "KARYA BHAKTI", "nmprov": "SUMATERA SELATAN", "iddesa": "1674032008" }, "geometry": { "type": "MultiPolygon", "coordinates": [ [ [ [ 11451439.96061778254807, -367901.370559207512997 ], [ 11451414.380289357155561, -367898.523508926620707 ], [ 11451403.550016099587083, -367897.318142816075124 ], [ 11451398.094581810757518, -367893.535791022412013 ], [ 11451348.927211755886674, -367859.362832100945525 ], [ 11451302.415145514532924, -367826.77603746461682 ], [ 11451279.505371671169996, -367811.112533450708725 ], [ 11451263.64534986205399, -367800.268930682621431 ], [ 11451250.132276874035597, -367783.993939118459821 ], [ 11451250.079177474603057, -367784.058611794898752 ], [ 11451244.78437721543014, -367777.428993696696125 ], [ 11451225.881103167310357, -367753.760470859124325 ], [ 11451215.841754885390401, -367741.743622603360564 ], [ 11451193.706987336277962, -367715.248578665836249 ], [ 11451130.324118310585618, -367639.675061557500158 ], [ 11451130.574030565097928, -367639.510480966418982 ], [ 11451130.396921254694462, -367639.305870264011901 ], [ 11451143.199553253129125, -367588.283110136864707 ], [ 11451145.929329806938767, -367577.40395927458303 ], [ 11451147.743503546342254, -367570.174125365039799 ], [ 11451147.69908707216382, -367569.552376844978426 ], [ 11451148.05519812181592, -367568.079961283307057 ], [ 11451151.243054382503033, -367554.900365461304318 ], [ 11451166.827003857120872, -367490.470587205665652 ], [ 11451170.219910614192486, -367476.442787373031024 ], [ 11451175.973235854879022, -367452.057913845288567 ], [ 11451190.211889285594225, -367393.650203656347003 ], [ 11451239.61904152110219, -367351.120495012379251 ], [ 11451244.60303776524961, -367346.83026035228977 ], [ 11451244.765452899038792, -367346.690545623656362 ], [ 11451244.688642453402281, -367345.655340884870384 ], [ 11451243.024416066706181, -367323.230516053154133 ], [ 11451241.45258485712111, -367302.064800369727891 ], [ 11451241.198776420205832, -367298.641623676288873 ], [ 11451241.602866169065237, -367296.596638042770792 ], [ 11451248.712842047214508, -367261.124952125072014 ], [ 11451249.423060392960906, -367257.650484820769634 ], [ 11451249.595605608075857, -367256.806398905522656 ], [ 11451265.41622031852603, -367240.947731844207738 ], [ 11451265.42456927895546, -367240.939369038853329 ], [ 11451277.333639722317457, -367229.001632766390685 ], [ 11451280.822949163615704, -367225.503862120851409 ], [ 11451304.326946444809437, -367205.309365201392211 ], [ 11451308.273222401738167, -367201.91964270430617 ], [ 11451309.95971268415451, -367200.470090350194369 ], [ 11451330.888890145346522, -367194.321758513571694 ], [ 11451345.296971840783954, -367190.090181026956998 ], [ 11451351.950537806376815, -367183.837035996140912 ], [ 11451357.840340748429298, -367178.302200105972588 ], [ 11451358.058081666007638, -367178.097478758427314 ], [ 11451359.456031836569309, -367177.350624944258016 ], [ 11451419.727187138050795, -367141.854669299325906 ], [ 11451422.341302741318941, -367140.315134030592162 ], [ 11451422.713666437193751, -367140.208536238467786 ], [ 11451425.912988601252437, -367136.768304437748156 ], [ 11451427.372053164988756, -367133.918486206384841 ], [ 11451431.592954302206635, -367127.062330966116861 ], [ 11451431.899305541068316, -367126.495779380376916 ], [ 11451435.704873651266098, -367118.178922929510009 ], [ 11451436.797140488401055, -367114.560174003127031 ], [ 11451436.746490128338337, -367113.558422607544344 ], [ 11451436.62415000423789, -367111.351313666033093 ], [ 11451436.656321339309216, -367111.381308224692475 ], [ 11451436.895546926185489, -367111.326002267480362 ], [ 11451447.489043625071645, -367108.877264345530421 ], [ 11451465.60896241851151, -367112.177223328035325 ], [ 11451482.964338952675462, -367126.108303151268046 ], [ 11451505.582121770828962, -367144.351800673699472 ], [ 11451524.439420875161886, -367157.343909491377417 ], [ 11451528.081015376374125, -367159.852860645100009 ], [ 11451552.246361760422587, -367160.925975003221538 ], [ 11451565.817098241299391, -367155.2025870285579 ], [ 11451577.364046381786466, -367149.002185338234995 ], [ 11451584.603375509381294, -367139.586232609522995 ], [ 11451584.995888033881783, -367139.075767456728499 ], [ 11451585.339865261688828, -367138.628413554280996 ], [ 11451588.340704772621393, -367133.16750704246806 ], [ 11451589.238496461883187, -367131.533639549161308 ], [ 11451592.065677570179105, -367126.43623627233319 ], [ 11451592.512068727985024, -367123.037930383579805 ], [ 11451593.196572277694941, -367117.254889751435257 ], [ 11451593.552015412598848, -367114.089627378270961 ], [ 11451593.620699539780617, -367113.519396229763515 ], [ 11451593.747158477082849, -367112.470478682313114 ], [ 11451593.613797733560205, -367111.090059941983782 ], [ 11451593.428784733638167, -367109.175091354700271 ], [ 11451593.196572277694941, -367107.000318634614814 ], [ 11451592.958348568528891, -367104.951879911415745 ], [ 11451588.509353801608086, -367097.446327610407025 ], [ 11451587.619243150576949, -367096.512259256734978 ], [ 11451585.054442087188363, -367093.821000628813636 ], [ 11451583.308507192879915, -367091.943609161651693 ], [ 11451581.359748184680939, -367089.459190411842428 ], [ 11451574.596421198919415, -367080.410202081955504 ], [ 11451574.591968422755599, -367080.325905133388005 ], [ 11451573.5913175214082, -367079.048293389321771 ], [ 11451573.272053219377995, -367078.606626424996648 ], [ 11451572.215408612042665, -367076.414236690266989 ], [ 11451570.162120608612895, -367072.06346604070859 ], [ 11451570.279228707775474, -367067.254080046608578 ], [ 11451570.327652687206864, -367067.1645424234448 ], [ 11451575.769951276481152, -367057.100424568576273 ], [ 11451576.412264734506607, -367055.912685220187996 ], [ 11451591.076715214177966, -367048.315145544300321 ], [ 11451592.546132493764162, -367047.553797095315531 ], [ 11451593.914916954934597, -367046.84463246940868 ], [ 11451594.017442202195525, -367047.685037153714802 ], [ 11451616.891816448420286, -367041.57507111504674 ], [ 11451642.89137407951057, -367034.283164492750075 ], [ 11451673.571025742217898, -367031.678880388208199 ], [ 11451687.411823311820626, -367030.166442090296187 ], [ 11451691.445262422785163, -367029.725667348131537 ], [ 11451698.119311172515154, -367028.996432139363606 ], [ 11451698.552455311641097, -367029.563875254883897 ], [ 11451748.601141776889563, -367036.102907495456748 ], [ 11451795.804056774824858, -367065.474477939889766 ], [ 11451803.711302844807506, -367069.643162475782447 ], [ 11451810.039927216246724, -367072.979470557940658 ], [ 11451811.636471351608634, -367073.82110198267037 ], [ 11451815.669353863224387, -367075.234971430618316 ], [ 11451828.294319955632091, -367079.661007342860103 ], [ 11451828.30233495682478, -367079.663794942724053 ], [ 11451828.479778228327632, -367079.651975526998285 ], [ 11451853.301019048318267, -367077.99446999724023 ], [ 11451881.632831331342459, -367067.978409336705226 ], [ 11451906.237667061388493, -367051.992097333073616 ], [ 11451906.475779453292489, -367051.962660310324281 ], [ 11451908.579161228612065, -367051.702633268607315 ], [ 11451929.343585846945643, -367049.13469901389908 ], [ 11451935.184074250981212, -367044.256181616801769 ], [ 11451936.271665679290891, -367040.879063983855303 ], [ 11451938.296455895528197, -367034.591695673181675 ], [ 11451934.963327700272202, -367021.236990722594783 ], [ 11451929.130297707393765, -366997.866233047738206 ], [ 11451923.484952367842197, -366988.818813243531622 ], [ 11451920.81239403039217, -366984.535728841437958 ], [ 11451909.077649908140302, -366976.156552400672808 ], [ 11451900.490241754800081, -366974.833225299953483 ], [ 11451887.377473656088114, -366972.946469524642453 ], [ 11451874.044849559664726, -366963.884333255409729 ], [ 11451874.359661078080535, -366956.494642923178617 ], [ 11451874.431016875430942, -366956.783772225375287 ], [ 11451874.966463627293706, -366944.447440555028152 ], [ 11451892.465553617104888, -366940.274077569367364 ], [ 11451914.462062358856201, -366939.563352574012242 ], [ 11451914.386365110054612, -366939.178107068291865 ], [ 11451913.326937511563301, -366933.784001127351075 ], [ 11451910.917983731254935, -366921.523048547212966 ], [ 11451910.941360823810101, -366921.525278617511503 ], [ 11451911.003699738532305, -366921.529738770914264 ], [ 11451934.52216855995357, -366923.553531780606136 ], [ 11451935.841304529458284, -366923.667265598662198 ], [ 11451954.883616618812084, -366935.521229697566014 ], [ 11451955.882152453064919, -366936.142305640911218 ], [ 11451962.811790753155947, -366940.456386223842856 ], [ 11451967.911670589819551, -366945.934566330222879 ], [ 11451967.940724972635508, -366945.965675882936921 ], [ 11451976.500971179455519, -366955.160500190570019 ], [ 11451980.609550941735506, -366959.573708374344278 ], [ 11451985.365119591355324, -366964.682811886188574 ], [ 11451989.767248852178454, -366969.411910696362611 ], [ 11451993.195666531100869, -366973.094992584432475 ], [ 11451989.707804247736931, -366975.599925426533446 ], [ 11451988.919773571193218, -366976.165918722224887 ], [ 11451980.499901246279478, -366981.986417276435532 ], [ 11451980.467841228470206, -366982.008606533810962 ], [ 11451972.253909965977073, -367003.829234634526074 ], [ 11451971.877204807475209, -367009.320798333617859 ], [ 11451971.182571183890104, -367019.449472576146945 ], [ 11451977.221987521275878, -367037.14948273927439 ], [ 11451983.74341724999249, -367052.391392716148403 ], [ 11451985.733364462852478, -367056.967511939641554 ], [ 11451993.901209464296699, -367068.924854384618811 ], [ 11452004.694302011281252, -367077.192087911418639 ], [ 11452009.313392963260412, -367080.977533957688138 ], [ 11452015.525577146559954, -367086.068690929503646 ], [ 11452018.661781165748835, -367088.638967615377624 ], [ 11452021.082868767902255, -367089.944789960049093 ], [ 11452026.915342163294554, -367093.090538462158293 ], [ 11452028.226351806893945, -367093.176173465908505 ], [ 11452028.252957168966532, -367093.177957528736442 ], [ 11452037.112875439226627, -367093.756774372479413 ], [ 11452046.625014612451196, -367094.390897161618341 ], [ 11452046.655516153201461, -367094.412863435980398 ], [ 11452047.495866980403662, -367094.435052715882193 ], [ 11452051.813170796260238, -367094.71704612596659 ], [ 11452051.776101404801011, -367112.137750933237839 ], [ 11452055.390645271167159, -367120.503780177328736 ], [ 11452055.458216203376651, -367120.660220213409048 ], [ 11452051.92248653806746, -367126.22560530382907 ], [ 11452045.087024522945285, -367136.984733627992682 ], [ 11452044.692174289375544, -367137.606256716419011 ], [ 11452041.517676373943686, -367145.23758821451338 ], [ 11452041.454224264249206, -367145.555486032913905 ], [ 11452040.247966261580586, -367151.596994363993872 ], [ 11452042.78749780356884, -367167.495455571857747 ], [ 11452049.462548431009054, -367174.62736270960886 ], [ 11452054.652819687500596, -367180.01646267529577 ], [ 11452057.389943331480026, -367182.758011702971999 ], [ 11452069.45274599082768, -367184.665845303155947 ], [ 11452078.341162053868175, -367185.301752676256001 ], [ 11452085.93059097789228, -367185.301752676256001 ], [ 11452087.229578115046024, -367185.301752676256001 ], [ 11452087.2692078538239, -367185.284135045076255 ], [ 11452104.371555179357529, -367177.670529924682342 ], [ 11452111.355294754728675, -367173.218844187213108 ], [ 11452117.66499481163919, -367160.57852857990656 ], [ 11452117.723882826045156, -367160.574068423244171 ], [ 11452120.22868268750608, -367160.385515180358198 ], [ 11452138.85799946822226, -367147.940556003479287 ], [ 11452138.951507845893502, -367147.878113779588602 ], [ 11452138.964866181835532, -367141.675147909030784 ], [ 11452138.991582863032818, -367129.056244657374918 ], [ 11452136.925493113696575, -367124.872616365551949 ], [ 11452126.580572828650475, -367103.933291516208556 ], [ 11452126.926887765526772, -367103.716416373150423 ], [ 11452134.934989295899868, -367098.701527273864485 ], [ 11452142.936745611950755, -367093.690541047835723 ], [ 11452143.221723508089781, -367093.512134775519371 ], [ 11452146.77392846159637, -367090.545015534211416 ], [ 11452159.073618998751044, -367080.27104520908324 ], [ 11452161.589439492672682, -367078.169196610280778 ], [ 11452168.194024881348014, -367072.651983612158801 ], [ 11452183.790998732671142, -367062.706951407308225 ], [ 11452191.076859407126904, -367058.061699541751295 ], [ 11452191.249404614791274, -367058.012637832260225 ], [ 11452197.79977741651237, -367056.14372126525268 ], [ 11452198.987222420051694, -367055.804972475743853 ], [ 11452205.627430049702525, -367053.910410046053585 ], [ 11452206.270856702700257, -367054.344160137930885 ], [ 11452218.129722056910396, -367062.340103617461864 ], [ 11452229.489876091480255, -367069.999305914912838 ], [ 11452230.520694578066468, -367070.693975183472503 ], [ 11452236.700039511546493, -367095.803540328808594 ], [ 11452238.175022764131427, -367107.899486346868798 ], [ 11452238.741638971492648, -367112.539165110560134 ], [ 11452249.444340094923973, -367117.355354799889028 ], [ 11452257.419936334714293, -367120.944332268205471 ], [ 11452278.104433557018638, -367122.590576539456379 ], [ 11452281.741018684580922, -367122.880040789081249 ], [ 11452284.421592023223639, -367123.094128375058062 ], [ 11452302.053486166521907, -367129.793285800609738 ], [ 11452328.848087599501014, -367139.974712423456367 ], [ 11452331.150174673646688, -367140.848903512582183 ], [ 11452334.239290539175272, -367142.023040284286253 ], [ 11452343.367488786578178, -367151.961389361938927 ], [ 11452361.184173284098506, -367171.35973802866647 ], [ 11452370.103090887889266, -367192.436225549492519 ], [ 11452373.586277760565281, -367200.665222399053164 ], [ 11452373.935820959508419, -367208.408062269620132 ], [ 11452375.571104278787971, -367244.587782174698077 ], [ 11452396.317717777565122, -367257.181052630592603 ], [ 11452413.389674887061119, -367257.217848975560628 ], [ 11452417.0921611469239, -367257.225654261244927 ], [ 11452421.248830933123827, -367246.826783931290265 ], [ 11452425.44557573646307, -367236.329791005933657 ], [ 11452427.69534264691174, -367154.771289629337844 ], [ 11452444.294191917404532, -367132.590920074027963 ], [ 11452452.695473888888955, -367121.3635871039005 ], [ 11452464.152809837833047, -367112.751022589742206 ], [ 11452485.986680801957846, -367096.338759151287377 ], [ 11452498.287484535947442, -367093.75855843530735 ], [ 11452519.95804981328547, -367089.214773829909973 ], [ 11452525.475043775513768, -367088.057363204716239 ], [ 11452537.499775173142552, -367089.015181823284365 ], [ 11452552.476699462160468, -367090.207158674427774 ], [ 11452571.504540026187897, -367095.997557153401431 ], [ 11452573.236671296879649, -367096.524970702477731 ], [ 11452578.429725542664528, -367100.02619390381733 ], [ 11452591.907176297158003, -367109.113764186389744 ], [ 11452598.915740115568042, -367119.036053746414836 ], [ 11452602.263228520750999, -367123.775417498021852 ], [ 11452609.455358183011413, -367144.185882765625138 ], [ 11452610.673972651362419, -367147.644401451165322 ], [ 11452612.588111294433475, -367153.07642914011376 ], [ 11452619.646880205720663, -367166.567296340828761 ], [ 11452630.054139398038387, -367186.459610333782621 ], [ 11452631.209635717794299, -367188.66961987526156 ], [ 11452641.552329605445266, -367209.605615603446495 ], [ 11452642.652166172862053, -367217.476685748260934 ], [ 11452643.59949503839016, -367224.249441549007315 ], [ 11452627.076343024149537, -367247.017455901543144 ], [ 11452626.931627685204148, -367247.218163227720652 ], [ 11452614.891311552375555, -367248.294177544536069 ], [ 11452604.075509833171964, -367249.260917873645667 ], [ 11452598.949247283861041, -367246.020609487604816 ], [ 11452587.477773757651448, -367238.768384877708741 ], [ 11452579.127698753029108, -367239.51434707606677 ], [ 11452564.62276910059154, -367240.811139361583628 ], [ 11452547.963807305321097, -367259.597346138732973 ], [ 11452547.923732290044427, -367278.419237408495974 ], [ 11452549.933049097657204, -367293.844716326100752 ], [ 11452552.012497184798121, -367309.798726988607086 ], [ 11452554.518298923969269, -367317.422265045635868 ], [ 11452556.140223905444145, -367322.355208484048489 ], [ 11452568.546781150624156, -367349.57002943061525 ], [ 11452603.806116666644812, -367376.832803871948272 ], [ 11452604.735634416341782, -367377.00563539180439 ], [ 11452626.647762978449464, -367381.065503521764185 ], [ 11452649.512786390259862, -367374.840223774546757 ], [ 11452656.30661491304636, -367366.894434646936134 ], [ 11452662.008399229496717, -367360.227599106205162 ], [ 11452670.588905584067106, -367330.842904615565203 ], [ 11452676.655817829072475, -367310.065221876720898 ], [ 11452690.198947079479694, -367297.998244879825506 ], [ 11452695.387548547238111, -367293.375283982604742 ], [ 11452703.710906870663166, -367287.11878800165141 ], [ 11452713.159705251455307, -367287.138858738937415 ], [ 11452722.407015355303884, -367287.158929482626263 ], [ 11452729.141844542697072, -367290.566495239152573 ], [ 11452739.009204206988215, -367295.559649705479387 ], [ 11452769.0342972651124, -367308.59002215671353 ], [ 11452782.594124438241124, -367314.475210562639404 ], [ 11452792.379107683897018, -367317.57614076603204 ], [ 11452815.810747297480702, -367325.003432047495153 ], [ 11452857.301747908815742, -367352.279580946953502 ], [ 11452884.349823821336031, -367373.414419556909706 ], [ 11452885.932007741183043, -367374.650666627334431 ], [ 11452900.069026477634907, -367385.695715855166782 ], [ 11452901.648872688412666, -367386.93006749189226 ], [ 11452901.697853265330195, -367387.177160834544338 ], [ 11452903.628244552761316, -367388.788508240249939 ], [ 11452898.158672692254186, -367396.361986336181872 ], [ 11452883.841205066069961, -367404.418835782154929 ], [ 11452879.819454506039619, -367433.745790571265388 ], [ 11452894.136922132223845, -367464.845336841710377 ], [ 11452889.487886236980557, -367482.348724488401785 ], [ 11452889.471744909882545, -367482.409271328418981 ], [ 11452886.970729909837246, -367483.428755238186568 ], [ 11452875.636847274377942, -367488.049047960841563 ], [ 11452856.936731291934848, -367481.462265229376499 ], [ 11452846.495853615924716, -367477.784630174632184 ], [ 11452846.358485361561179, -367477.736237304692622 ], [ 11452825.606194570660591, -367484.02062012499664 ], [ 11452812.196314748376608, -367496.297468508651946 ], [ 11452810.432902695611119, -367497.888523712696042 ], [ 11452810.107849784195423, -367498.181780093407724 ], [ 11452809.567950256168842, -367498.669053997902665 ], [ 11452807.703348780050874, -367500.350539246515837 ], [ 11452805.048378925770521, -367502.746767278760672 ], [ 11452804.924146378412843, -367502.99553343950538 ], [ 11452802.051658235490322, -367508.747930499899667 ], [ 11452798.788883959874511, -367515.280969757644925 ], [ 11452798.714299900457263, -367550.834135211189277 ], [ 11452795.634089589118958, -367561.600998540001456 ], [ 11452793.42217130959034, -367569.331598140415736 ], [ 11452791.067764079198241, -367577.561738013231661 ], [ 11452790.343074195086956, -367580.095118131837808 ], [ 11452787.268429856747389, -367585.229896250646561 ], [ 11452782.985523767769337, -367592.381232030573301 ], [ 11452782.836355650797486, -367592.630332902306691 ], [ 11452782.147399324923754, -367593.780612517963164 ], [ 11452782.113335561007261, -367593.837591277144384 ], [ 11452771.580174019560218, -367611.425631168182008 ], [ 11452761.02485990151763, -367619.360287381394301 ], [ 11452746.611212234944105, -367630.195175092667341 ], [ 11452702.923878073692322, -367659.380355925590266 ], [ 11452690.419359674677253, -367678.175554013345391 ], [ 11452671.700987294316292, -367688.59230553440284 ], [ 11452646.660781038925052, -367740.823263876722194 ], [ 11452644.477805821225047, -367791.01148218853632 ], [ 11452623.504100564867258, -367885.077935038949363 ], [ 11452617.201190995052457, -367918.526009513938334 ], [ 11452605.140837362036109, -367951.093206321413163 ], [ 11452596.307635767385364, -367974.948541898862459 ], [ 11452591.165788488462567, -367984.219051839667372 ], [ 11452585.880339063704014, -367993.748253745900001 ], [ 11452581.645745633170009, -368031.384483623260166 ], [ 11452567.942316317930818, -368045.120768503576983 ], [ 11452564.991236615926027, -368048.078992917144205 ], [ 11452540.040085949003696, -368058.482398658874445 ], [ 11452496.431788627058268, -368050.023638034239411 ], [ 11452469.416774602606893, -368054.148203669348732 ], [ 11452459.002836236730218, -368066.674663227284327 ], [ 11452446.493865059688687, -368087.560647677513771 ], [ 11452446.44766746647656, -368109.632937134301756 ], [ 11452446.428186558187008, -368118.931446097209118 ], [ 11452446.422620579600334, -368121.251864151388872 ], [ 11452446.390337927266955, -368136.49347724992549 ], [ 11452446.365847645327449, -368148.210419968701899 ], [ 11452440.119711006060243, -368154.47142479068134 ], [ 11452423.465202, -368171.167067708447576 ], [ 11452369.460777429863811, -368166.867434856307227 ], [ 11452353.824841750785708, -368171.801531176373828 ], [ 11452342.981210149824619, -368175.223619808326475 ], [ 11452329.963508896529675, -368179.331464365066495 ], [ 11452288.366754774004221, -368202.24686169961933 ], [ 11452269.617212943732738, -368227.303160914452747 ], [ 11452253.788694543763995, -368230.079636942537036 ], [ 11452234.287746148183942, -368233.500612325966358 ], [ 11452205.231132658198476, -368248.907268416776787 ], [ 11452189.576272670179605, -368257.207707022083923 ], [ 11452189.569593502208591, -368257.205476918490604 ], [ 11452179.892367530614138, -368254.185027079016436 ], [ 11452157.939162068068981, -368287.560288793756627 ], [ 11452106.436420414596796, -368279.917616567749064 ], [ 11452051.505706362426281, -368308.014009519887622 ], [ 11452049.735503822565079, -368308.93281188927358 ], [ 11452025.163284700363874, -368327.165019225387368 ], [ 11452019.539424024522305, -368331.337765430100262 ], [ 11451965.319262284785509, -368234.182242803042755 ], [ 11451947.957095263525844, -368197.226013106526807 ], [ 11451907.602332701906562, -368163.622193405695725 ], [ 11451906.840684743598104, -368161.312701957125682 ], [ 11451854.867061644792557, -368107.545564647996798 ], [ 11451819.702459018677473, -368071.167530179023743 ], [ 11451818.179831022396684, -368069.642366128508002 ], [ 11451797.413402654230595, -368048.841351780632976 ], [ 11451796.685818463563919, -368049.084320912428666 ], [ 11451795.808732192963362, -368049.771302487934008 ], [ 11451795.472547331824899, -368049.410918708192185 ], [ 11451620.903436942026019, -368191.599580950045493 ], [ 11451589.505217965692282, -368207.639356818748638 ], [ 11451573.999971371144056, -368215.560229143768083 ], [ 11451573.286970030516386, -368215.924516138213221 ], [ 11451565.046099444851279, -368195.698617215675768 ], [ 11451565.009475333616138, -368195.705753538059071 ], [ 11451558.844490615651011, -368180.647112005273812 ], [ 11451552.994428737089038, -368166.357633998675738 ], [ 11451493.8034064527601, -368021.776779059495311 ], [ 11451474.482572993263602, -367974.583586669701617 ], [ 11451474.070468235760927, -367973.709612009814009 ], [ 11451445.314083414152265, -367912.723971564788371 ], [ 11451445.272895205765963, -367912.636663348879665 ], [ 11451439.96061778254807, -367901.370559207512997 ] ] ] ] } },
{ "type": "Feature", "properties": { "fid": 40186, "kdkab": "74", "kdkec": "011", "nmkab": "LUBUKLINGGAU", "nmkec": "LUBUK LINGGAU BARAT I", "kddesa": "010", "kdprov": "16", "nmdesa": "SUKAJADI", "nmprov": "SUMATERA SELATAN", "iddesa": "1674011010" }, "geometry": { "type": "MultiPolygon", "coordinates": [ [ [ [ 11450062.534315597265959, -369383.914295082795434 ], [ 11450030.863141231238842, -369417.708046760119032 ], [ 11450018.390571523457766, -369432.700176237442065 ], [ 11449951.146029360592365, -369377.075172305456363 ], [ 11449858.623613823205233, -369315.615301999670919 ], [ 11449795.80524593219161, -369277.970160135359038 ], [ 11449610.202592892572284, -369168.358582718239632 ], [ 11449605.545208035036922, -369165.608064003230538 ], [ 11449391.993681762367487, -369037.422728097531945 ], [ 11449369.5030257999897, -369023.922600796504412 ], [ 11449363.035474704578519, -369020.094604547542986 ], [ 11449363.006308995187283, -369020.004730823915452 ], [ 11449361.949664387851954, -369016.752662460668944 ], [ 11449356.423319587484002, -368999.745009940757882 ], [ 11449348.354103663936257, -368976.286413882917259 ], [ 11449321.938656410202384, -368899.492719652189407 ], [ 11449252.969441380351782, -368873.486685372656211 ], [ 11449252.901091208681464, -368873.586482981801964 ], [ 11449195.386651774868369, -368884.535563924931921 ], [ 11449195.339229673147202, -368884.555077429278754 ], [ 11449195.005939118564129, -368884.69211796548916 ], [ 11449201.8446293938905, -368880.023373421281576 ], [ 11449208.698793087154627, -368875.342809473106172 ], [ 11449216.522994814440608, -368869.999790302128531 ], [ 11449218.734913099557161, -368868.482086114236154 ], [ 11449218.751054424792528, -368868.470824036514387 ], [ 11449217.980389591306448, -368841.975175620347727 ], [ 11449215.214656837284565, -368746.893653912236914 ], [ 11449215.163004595786333, -368746.874809471308254 ], [ 11449215.160778203979135, -368746.835782517504413 ], [ 11449215.18460057489574, -368746.839239192020614 ], [ 11449238.040495784953237, -368749.76492274767952 ], [ 11449311.017546446993947, -368767.399644277116749 ], [ 11449377.691464902833104, -368729.319929203484207 ], [ 11449377.663635034114122, -368729.280902255966794 ], [ 11449448.265016438439488, -368690.459354047256056 ], [ 11449486.770650941878557, -368702.726858328853268 ], [ 11449554.667191369459033, -368698.623677554889582 ], [ 11449540.750362588092685, -368676.717859737807885 ], [ 11449540.006525751203299, -368675.546940345026087 ], [ 11449534.17316179536283, -368666.703661529812962 ], [ 11449480.400170447304845, -368585.419747665815521 ], [ 11449479.49113547988236, -368584.618804223369807 ], [ 11449521.464928725734353, -368555.234007674385794 ], [ 11449653.796196039766073, -368462.592134127451573 ], [ 11449737.887607308104634, -368403.763627463835292 ], [ 11449773.336853872984648, -368378.964084772276692 ], [ 11449860.756940547376871, -368317.806949001154862 ], [ 11449892.072003865614533, -368267.515461052651517 ], [ 11449927.006175145506859, -368211.411906914028805 ], [ 11449902.33232132717967, -368184.095293081481941 ], [ 11449889.407237891107798, -368169.785966739640571 ], [ 11449866.414864987134933, -368170.821067678742111 ], [ 11449831.55193817615509, -368182.237619524705224 ], [ 11449831.234566310420632, -368180.284943725331686 ], [ 11449831.694538448005915, -368181.366988371242769 ], [ 11449844.2269980404526, -368099.017332700139377 ], [ 11449846.558362133800983, -368083.698005836165976 ], [ 11449848.97354980930686, -368081.273665993299801 ], [ 11449988.284660516306758, -367941.438007696589921 ], [ 11450002.813969139009714, -367926.847163220925722 ], [ 11450010.975134965032339, -367918.651006340340246 ], [ 11450013.57422243617475, -367916.040680197766051 ], [ 11450016.971693294122815, -367912.628635009867139 ], [ 11450024.40360514074564, -367905.035496788099408 ], [ 11450044.098138134926558, -367885.122090902004857 ], [ 11450050.525057615712285, -367876.109499650192447 ], [ 11450050.786881053820252, -367875.742314651084598 ], [ 11450054.730040056630969, -367870.289846177794971 ], [ 11450055.714549636468291, -367868.928485302429181 ], [ 11450063.328134888783097, -367858.400881150329951 ], [ 11450063.036700462922454, -367858.181997448555194 ], [ 11450063.030911846086383, -367858.182777979411185 ], [ 11450063.003081977367401, -367858.162261118355673 ], [ 11450003.814174760133028, -367814.10988973849453 ], [ 11450002.340193385258317, -367813.012795557151549 ], [ 11450002.308689966797829, -367813.058066438825335 ], [ 11449995.16843518987298, -367823.304451539064758 ], [ 11449995.11622635088861, -367823.350725968717597 ], [ 11449995.013923738151789, -367823.441379256430082 ], [ 11449986.387219795957208, -367831.084131457202602 ], [ 11449986.07062716409564, -367831.364565673808102 ], [ 11449985.841420333832502, -367831.56761566339992 ], [ 11449980.509105402976274, -367823.656248720071744 ], [ 11449964.567597726359963, -367800.003995682694949 ], [ 11449963.72613369859755, -367799.455838922702242 ], [ 11449943.423796284943819, -367786.23205973993754 ], [ 11449940.555093009024858, -367784.391787581145763 ], [ 11449922.739966979250312, -367772.963568794599269 ], [ 11449922.651690620929003, -367772.906924453505781 ], [ 11449944.484893668442965, -367773.655343348160386 ], [ 11449947.622878799214959, -367773.762945293041412 ], [ 11449948.773254411295056, -367773.768409017880913 ], [ 11449954.660274365916848, -367773.796396675228607 ], [ 11449985.376884100958705, -367745.772505830740556 ], [ 11449994.827129634097219, -367736.284693462483119 ], [ 11449995.316378792747855, -367735.615777577098925 ], [ 11450004.820391640067101, -367725.86236222361913 ], [ 11450008.669596992433071, -367721.912201931292657 ], [ 11450022.139255376532674, -367708.08898361667525 ], [ 11450059.50453302077949, -367672.63266511663096 ], [ 11450064.020764762535691, -367668.346432166465092 ], [ 11450069.823849814012647, -367662.840340241265949 ], [ 11450070.26912777684629, -367663.148092641495168 ], [ 11450090.060620047152042, -367652.937626802478917 ], [ 11450110.796658197417855, -367642.240779399406165 ], [ 11450110.831612516194582, -367642.222715676063672 ], [ 11450144.299928737804294, -367624.957810799940489 ], [ 11450145.045769322663546, -367625.098306408559438 ], [ 11450147.299209780991077, -367625.523918907274492 ], [ 11450170.619975185021758, -367663.14184838620713 ], [ 11450308.078395614400506, -367684.3495587297366 ], [ 11450308.283334793522954, -367682.100847236637492 ], [ 11450308.591021863743663, -367682.092484398046508 ], [ 11450308.693547120317817, -367682.08780121372547 ], [ 11450313.859550731256604, -367681.951208187558223 ], [ 11450317.352867670357227, -367681.858770943246782 ], [ 11450319.179731832817197, -367681.810489493713249 ], [ 11450319.323556611314416, -367681.80658683279762 ], [ 11450319.542856011539698, -367681.800900105794426 ], [ 11450319.739112274721265, -367681.92924179660622 ], [ 11450352.28726158477366, -367691.541600058902986 ], [ 11450358.099363522604108, -367693.258100658422336 ], [ 11450358.588278723880649, -367693.416548582026735 ], [ 11450371.789100540801883, -367697.322106050269213 ], [ 11450378.366301331669092, -367699.332086653041188 ], [ 11450395.917488850653172, -367696.063219953619409 ], [ 11450401.326836870983243, -367695.055665071937256 ], [ 11450402.148374712094665, -367694.902680866827723 ], [ 11450414.681836176663637, -367687.307104476902168 ], [ 11450418.195190625265241, -367685.177925759868231 ], [ 11450418.424286138266325, -367685.039102643961087 ], [ 11450431.690229857340455, -367647.780656154791359 ], [ 11450432.066155776381493, -367644.701794598659035 ], [ 11450432.326420746743679, -367642.570609622285701 ], [ 11450432.430170508101583, -367641.721280070254579 ], [ 11450432.433398777619004, -367641.694965014816262 ], [ 11450493.584534658119082, -367610.501928394893184 ], [ 11450493.690844766795635, -367610.44773724017432 ], [ 11450493.750957293435931, -367610.413282365479972 ], [ 11450493.82086593657732, -367610.373252270568628 ], [ 11450494.087364794686437, -367610.999907220306341 ], [ 11450494.248221460729837, -367611.378241781785619 ], [ 11450496.999260038137436, -367617.797106541343965 ], [ 11450492.453194670379162, -367621.844718006381299 ], [ 11450488.653526494279504, -367627.38080259214621 ], [ 11450486.926404589787126, -367676.85935482243076 ], [ 11450490.035224011167884, -367679.973341194970999 ], [ 11450491.762345908209682, -367692.429510561341885 ], [ 11450501.088915484026074, -367700.387588527519256 ], [ 11450505.579543748870492, -367696.927491529262625 ], [ 11450524.578218597918749, -367697.619488620897755 ], [ 11450543.576782135292888, -367700.041589969419874 ], [ 11450549.725291572511196, -367696.577255816664547 ], [ 11450551.313709381967783, -367698.636744418588933 ], [ 11450551.385065181180835, -367698.602624032762833 ], [ 11450554.967437712475657, -367703.09480702644214 ], [ 11450555.250300541520119, -367703.44961444765795 ], [ 11450555.217238647863269, -367703.454409142606892 ], [ 11450555.450786942616105, -367703.740975790249649 ], [ 11450530.695669896900654, -367742.582582999079023 ], [ 11450530.631995150819421, -367742.508432457165327 ], [ 11450529.592382421717048, -367744.539934263331816 ], [ 11450529.553865881636739, -367744.614642329863273 ], [ 11450526.842679683119059, -367749.877769844897557 ], [ 11450526.83043453656137, -367749.880222945066635 ], [ 11450524.964051954448223, -367753.532555493526161 ], [ 11450522.98412349075079, -367757.444805349514354 ], [ 11450516.600618615746498, -367769.886264825530816 ], [ 11450511.378955259919167, -367780.145468958478887 ], [ 11450511.202291229739785, -367780.491690773866139 ], [ 11450511.196168651804328, -367780.493474847753532 ], [ 11450510.44286965765059, -367781.967454293742776 ], [ 11450509.099911322817206, -367784.594168457493652 ], [ 11450509.100133961066604, -367784.600189706252422 ], [ 11450508.407392773777246, -367785.954301745456178 ], [ 11450498.669942954555154, -367804.919900393753778 ], [ 11450498.545376444235444, -367805.233228418568615 ], [ 11450494.696616366505623, -367814.918298409786075 ], [ 11450491.95682105794549, -367821.812630797037855 ], [ 11450491.213206864893436, -367822.383646120491903 ], [ 11450490.697241021320224, -367823.017661575111561 ], [ 11450483.307185303419828, -367832.098935378948227 ], [ 11450481.231410760432482, -367834.649604550097138 ], [ 11450479.091516189277172, -367837.279219079646282 ], [ 11450470.656059134751558, -367847.645250942674465 ], [ 11450461.672687551006675, -367858.684437572606839 ], [ 11450459.404107645153999, -367861.38285107514821 ], [ 11450459.137942740693688, -367861.699412893154658 ], [ 11450459.122914610430598, -367861.727735083259176 ], [ 11450445.268758703023195, -367888.372676411876455 ], [ 11450445.12716031447053, -367888.532462676346768 ], [ 11450444.710491456091404, -367889.005465692782309 ], [ 11450431.746780157089233, -367903.750850736163557 ], [ 11450430.754478216171265, -367905.636841825267766 ], [ 11450427.767776276916265, -367911.374987189716194 ], [ 11450426.530014863237739, -367914.048870926199015 ], [ 11450424.733429597690701, -367917.204678251000587 ], [ 11450423.8697016723454, -367918.721811855095439 ], [ 11450416.422539051622152, -367931.803438292467035 ], [ 11450443.241408139467239, -367998.595145572442561 ], [ 11450443.623345309868455, -367999.546281773073133 ], [ 11450444.028436936438084, -368000.022072886873502 ], [ 11450448.743930567055941, -368005.56074099073885 ], [ 11450454.689838528633118, -368012.544623638794292 ], [ 11450497.876234982162714, -368063.269303687731735 ], [ 11450516.604626113548875, -368101.532883965934161 ], [ 11450526.86973031796515, -368124.029675581667107 ], [ 11450527.382913174107671, -368125.154314570652787 ], [ 11450527.678132461383939, -368125.801266337453853 ], [ 11450536.5585335213691, -368308.390116359340027 ], [ 11450537.221663726493716, -368322.025300460751168 ], [ 11450537.716478863731027, -368324.429797663120553 ], [ 11450545.885437054559588, -368364.133557915512938 ], [ 11450569.573222821578383, -368471.769354998890776 ], [ 11450570.114235546439886, -368472.481873911747243 ], [ 11450570.201064748689532, -368473.574960446450859 ], [ 11450570.331308552995324, -368475.213753975287545 ], [ 11450572.234649207442999, -368499.1702264296473 ], [ 11450582.753784488886595, -368631.565383870678488 ], [ 11450583.785493526607752, -368644.550976906553842 ], [ 11450583.788944432511926, -368644.594352536310907 ], [ 11450564.465995900332928, -368701.76668413070729 ], [ 11450561.732657125219703, -368710.083771074481774 ], [ 11450532.954787645488977, -368797.649557979137171 ], [ 11450491.336103580892086, -368862.861864098056685 ], [ 11450530.386646993458271, -368966.205062018183526 ], [ 11450539.494807727634907, -368990.308828661625739 ], [ 11450545.310471883043647, -369006.328426422143821 ], [ 11450545.440381735563278, -369006.686360188177787 ], [ 11450542.02810538187623, -369008.949148355692159 ], [ 11450530.503198500722647, -369016.591871016891673 ], [ 11450499.535674635320902, -369037.127795045496896 ], [ 11450494.482103710994124, -369041.967707766918465 ], [ 11450463.09490535967052, -369065.049985352903605 ], [ 11450417.481855330988765, -369109.37961307761725 ], [ 11450383.641064086928964, -369142.268186556582805 ], [ 11450260.720412559807301, -369232.217089612095151 ], [ 11450233.450142942368984, -369250.870384885289241 ], [ 11450233.404167992994189, -369250.803258217056282 ], [ 11450194.685690619051456, -369280.023545370378997 ], [ 11450152.324394231662154, -369311.993135994998738 ], [ 11450145.39063711091876, -369315.928857324295677 ], [ 11450062.534315597265959, -369383.914295082795434 ] ] ] ] } },
{ "type": "Feature", "properties": { "fid": 40123, "kdkab": "74", "kdkec": "012", "nmkab": "LUBUKLINGGAU", "nmkec": "LUBUK LINGGAU BARAT II", "kddesa": "003", "kdprov": "16", "nmdesa": "ULAK LEBAR", "nmprov": "SUMATERA SELATAN", "iddesa": "1674012003" }, "geometry": { "type": "MultiPolygon", "coordinates": [ [ [ [ 11448786.957777764648199, -367705.951887685747351 ], [ 11448788.255874350667, -367717.477220010187011 ], [ 11448787.3827955853194, -367718.669092116120737 ], [ 11448734.614907920360565, -367765.503242126433179 ], [ 11448722.426536872982979, -367775.253204320790246 ], [ 11448706.760656252503395, -367787.784873029624578 ], [ 11448686.522661507129669, -367803.974118088197429 ], [ 11448685.124043421819806, -367805.434048265626188 ], [ 11448656.961659403517842, -367834.831022634869441 ], [ 11448642.062324801459908, -367839.016127292357851 ], [ 11448636.134227953851223, -367845.288599608640652 ], [ 11448633.71291771531105, -367848.968365450331476 ], [ 11448631.62567725777626, -367855.240838330530096 ], [ 11448632.438198221847415, -367858.170958487025928 ], [ 11448633.295469621196389, -367861.262314504536334 ], [ 11448636.134227953851223, -367865.276706471457146 ], [ 11448639.557524932548404, -367868.621958881791215 ], [ 11448640.809869205579162, -367871.96732290321961 ], [ 11448640.465224063023925, -367873.900591439683922 ], [ 11448640.392421118915081, -367874.309033174242359 ], [ 11448640.075494527816772, -367875.232515141076874 ], [ 11448636.321578657254577, -367884.846674258937128 ], [ 11448633.994667340070009, -367889.222788386803586 ], [ 11448625.275345586240292, -367905.966449825558811 ], [ 11448624.829733664169908, -367906.822248680342454 ], [ 11448623.785000242292881, -367907.821108116360847 ], [ 11448620.850507147610188, -367910.650094869197346 ], [ 11448615.664799986407161, -367915.649075525230728 ], [ 11448613.769696976989508, -367917.476080808090046 ], [ 11448613.670177353546023, -367917.572086394822691 ], [ 11448613.612736497074366, -367917.584017403481994 ], [ 11448597.097265522927046, -367920.996843275497667 ], [ 11448594.295465260744095, -367922.756834288768005 ], [ 11448593.969744427129626, -367923.099822908232454 ], [ 11448592.443554205819964, -367924.707052433222998 ], [ 11448590.537653205916286, -367926.228311823157128 ], [ 11448589.404309470206499, -367927.132949915307108 ], [ 11448585.278809141367674, -367929.169026806659531 ], [ 11448566.862557865679264, -367939.467272374778986 ], [ 11448557.72623329795897, -367947.847748192201834 ], [ 11448557.72077864408493, -367947.852765911142342 ], [ 11448557.395725725218654, -367947.587496041029226 ], [ 11448553.909755872562528, -367942.403081501135603 ], [ 11448552.032463980838656, -367937.670373021275736 ], [ 11448544.388488508760929, -367923.50547720346367 ], [ 11448528.921424496918917, -367890.136346561310347 ], [ 11448519.60142276994884, -367861.732752798416186 ], [ 11448515.238923244178295, -367844.650904373207595 ], [ 11448517.162301409989595, -367829.44456693372922 ], [ 11448520.791205484420061, -367800.754533345112577 ], [ 11448522.972510909661651, -367783.474104613938835 ], [ 11448535.859968356788158, -367753.697359260870144 ], [ 11448536.165095081552863, -367752.992427290941123 ], [ 11448463.439626472070813, -367694.789057754562236 ], [ 11448463.179806774482131, -367694.581101824471261 ], [ 11448463.243481528013945, -367690.722153343434911 ], [ 11448463.397992979735136, -367681.358227197371889 ], [ 11448463.079730553552508, -367666.375590201932937 ], [ 11448462.965739399194717, -367661.008321466506459 ], [ 11448463.832472950220108, -367659.485504661337472 ], [ 11448463.783492373302579, -367659.422839136153925 ], [ 11448457.436500290408731, -367651.29940296872519 ], [ 11448456.241930831223726, -367649.770453552191611 ], [ 11448448.996701776981354, -367640.838499182835221 ], [ 11448444.135156974196434, -367640.242173282371368 ], [ 11448437.601370779797435, -367635.044950121548027 ], [ 11448435.416948411613703, -367631.981588040478528 ], [ 11448419.187011934816837, -367607.596345767262392 ], [ 11448411.209189306944609, -367592.375210792175494 ], [ 11448405.130811149254441, -367584.764699840336107 ], [ 11448353.252922810614109, -367546.544784852245357 ], [ 11448352.615173455327749, -367546.059517813846469 ], [ 11448323.878714818507433, -367580.607257882831618 ], [ 11448323.770066998898983, -367580.240519882703666 ], [ 11448307.674270501360297, -367600.481024935201276 ], [ 11448304.21846823208034, -367604.826798624359071 ], [ 11448293.623301740735769, -367591.855600193550345 ], [ 11448271.693028090521693, -367564.565677291713655 ], [ 11448250.771754311397672, -367538.016819121374283 ], [ 11448226.352376854047179, -367507.829469287826214 ], [ 11448169.441177738830447, -367440.312053683272097 ], [ 11448126.25322281755507, -367386.136492005491164 ], [ 11448117.817209165543318, -367375.673271668551024 ], [ 11448083.334438417106867, -367332.904281996248756 ], [ 11448074.696045931428671, -367322.408618970541283 ], [ 11448031.535809561610222, -367269.969010662927758 ], [ 11447985.52245463617146, -367213.772075473272707 ], [ 11447971.196749366819859, -367196.531322200433351 ], [ 11447953.299803514033556, -367183.832352826429997 ], [ 11447953.325963592156768, -367183.817745803564321 ], [ 11447959.929881064221263, -367178.958512675133534 ], [ 11447959.828802965581417, -367178.665480150841177 ], [ 11447959.676629222929478, -367178.224370310315862 ], [ 11447959.685089504346251, -367178.219241129641887 ], [ 11447895.795605475082994, -367003.189202659297734 ], [ 11447892.689012445509434, -366994.678450306295417 ], [ 11447834.194627532735467, -366846.395418062282261 ], [ 11447832.277928540483117, -366841.536757228604984 ], [ 11447797.634746408089995, -366742.597034232749138 ], [ 11447791.801382452249527, -366666.081083354307339 ], [ 11447783.941558483988047, -366585.189233853947371 ], [ 11447778.764088967815042, -366572.075318783870898 ], [ 11447774.352497546002269, -366560.902679157443345 ], [ 11447764.390850277617574, -366535.672699856455438 ], [ 11447634.514956967905164, -366234.564866722153965 ], [ 11447633.613269092515111, -366232.474295936699491 ], [ 11447632.721154691651464, -366230.406248803483322 ], [ 11447629.955755900591612, -366216.671861183131114 ], [ 11447602.189112668856978, -366096.705026199750137 ], [ 11447573.552062343806028, -366056.159227412368637 ], [ 11447572.208547411486506, -366054.25698833563365 ], [ 11447562.569392701610923, -366040.609037188754883 ], [ 11447531.277483839541674, -365808.500461488147266 ], [ 11447529.204714922234416, -365770.734527281136252 ], [ 11447526.500764491036534, -365721.491648603114299 ], [ 11447601.063672622665763, -365665.925485502113588 ], [ 11447656.960528532043099, -365635.135193066031206 ], [ 11447692.433597469702363, -365635.212129764666315 ], [ 11447707.206807093694806, -365635.244465477124322 ], [ 11447724.626081004738808, -365642.961550725041889 ], [ 11447751.828111780807376, -365655.013852680101991 ], [ 11447768.492639554664493, -365694.393189029535279 ], [ 11447771.464869955554605, -365710.540984457766172 ], [ 11447776.770356887951493, -365739.375542812573258 ], [ 11447796.239022631198168, -365773.140753236657474 ], [ 11447822.012824336066842, -365786.185442481772043 ], [ 11447846.431867837905884, -365798.542162089957856 ], [ 11447919.322757214307785, -365815.016675350838341 ], [ 11447921.766220038756728, -365815.568613394745626 ], [ 11447974.809957401826978, -365812.873594705422875 ], [ 11448019.486921835690737, -365807.34975435747765 ], [ 11448039.881765741854906, -365803.973454824765213 ], [ 11448052.996314954012632, -365801.802498733217362 ], [ 11448058.780475694686174, -365801.814764025097247 ], [ 11448066.954665903002024, -365801.832604446215555 ], [ 11448089.25641268864274, -365815.933227021072526 ], [ 11448100.361645091325045, -365844.059770747087896 ], [ 11448097.147851392626762, -365847.684722451551352 ], [ 11448077.975295489653945, -365869.303976990573574 ], [ 11448066.729800531640649, -365880.57578453340102 ], [ 11448052.797053065150976, -365894.541498797247186 ], [ 11448038.822004191577435, -365902.942113717144821 ], [ 11447996.919121464714408, -365916.901140624191612 ], [ 11447982.937393423169851, -365928.112741505552549 ], [ 11447986.828009624034166, -365941.932393112860154 ], [ 11447988.477764477953315, -365947.796323582006153 ], [ 11448005.172348512336612, -365973.125295486068353 ], [ 11448024.665504548698664, -365995.649977264693007 ], [ 11448032.967712169513106, -366029.390734802989755 ], [ 11448035.938829377293587, -366041.467609226529021 ], [ 11448041.268806597217917, -366063.13261760311434 ], [ 11448057.945579510182142, -366096.892351098998915 ], [ 11448063.110803887248039, -366110.848057253460865 ], [ 11448066.272277427837253, -366119.39252729160944 ], [ 11448083.014728842303157, -366122.239197413960937 ], [ 11448094.191205719485879, -366108.237773630942684 ], [ 11448119.352750219404697, -366099.836028188059572 ], [ 11448144.489804435521364, -366102.192084941721987 ], [ 11448150.053552584722638, -366102.712803597969469 ], [ 11448180.712053546682, -366125.262042265385389 ], [ 11448195.075607441365719, -366133.565667026326992 ], [ 11448200.228586670011282, -366136.546141059545334 ], [ 11448206.150783583521843, -366150.039114849583711 ], [ 11448211.340498240664601, -366161.862890606396832 ], [ 11448223.374135199934244, -366177.68182001268724 ], [ 11448239.177050108090043, -366198.45706081186654 ], [ 11448239.122503558173776, -366223.749293774948455 ], [ 11448222.258713897317648, -366277.107974038866814 ], [ 11448220.597827099263668, -366302.97223592561204 ], [ 11448219.371086305007339, -366322.066032702918164 ], [ 11448222.36558061093092, -366328.128458818770014 ], [ 11448232.726085618138313, -366349.102203371643554 ], [ 11448233.268211537972093, -366350.199394585215487 ], [ 11448247.413579234853387, -366369.272013869776856 ], [ 11448258.319549748674035, -366383.977055744850077 ], [ 11448256.168857183307409, -366409.29163156345021 ], [ 11448255.455299250781536, -366417.694515422219411 ], [ 11448266.53047538548708, -366459.872854080051184 ], [ 11448288.82109022513032, -366479.593326369300485 ], [ 11448299.352248011156917, -366491.763020449550822 ], [ 11448308.313133060932159, -366502.118110743293073 ], [ 11448313.197832319885492, -366503.221993665909395 ], [ 11448333.424583794549108, -366507.793630119529553 ], [ 11448372.542252859100699, -366491.016840271709953 ], [ 11448400.50014297105372, -366471.405639187491033 ], [ 11448414.554228683933616, -366426.472050831362139 ], [ 11448439.725791946053505, -366404.044289603829384 ], [ 11448448.11260237917304, -366397.506855627172627 ], [ 11448464.89178922958672, -366384.426413668843452 ], [ 11448526.330129386857152, -366373.319579795235768 ], [ 11448532.464946525171399, -366376.423828802246135 ], [ 11448543.06144885905087, -366381.786017760576215 ], [ 11448560.903736840933561, -366397.572642522049136 ], [ 11448565.350950501859188, -366401.506476194481365 ], [ 11448601.592123920097947, -366424.06804081046721 ], [ 11448650.941167388111353, -366422.401067289407365 ], [ 11448679.761783549562097, -366421.427643966919277 ], [ 11448690.302626134827733, -366423.725725845084526 ], [ 11448718.824906062334776, -366429.943147028621752 ], [ 11448771.791832979768515, -366463.782159234106075 ], [ 11448783.134175896644592, -366461.27110525110038 ], [ 11448796.92777400277555, -366458.215915312350262 ], [ 11448849.380404867231846, -366456.509915132075548 ], [ 11448851.867282290011644, -366456.651524294924457 ], [ 11448910.733029026538134, -366460.012233186047524 ], [ 11448933.707145536318421, -366461.323511798109394 ], [ 11448970.812603484839201, -366480.705460314231459 ], [ 11449020.147843331098557, -366506.475660760421306 ], [ 11449120.444478143006563, -366599.433795167598873 ], [ 11449148.161918153986335, -366692.234787399182096 ], [ 11449148.29772793315351, -366692.604979073978029 ], [ 11449162.26498444378376, -366730.644410091743339 ], [ 11449165.015132468193769, -366738.134438592998777 ], [ 11449188.662175297737122, -366802.537465004017577 ], [ 11449190.146064110100269, -366806.580586572701577 ], [ 11449190.580210126936436, -366807.763640099146869 ], [ 11449190.583549708127975, -366807.770330315921456 ], [ 11449190.589115679264069, -366807.785940824192949 ], [ 11449192.567263031378388, -366813.173796441522427 ], [ 11449192.900219632312655, -366820.731067206477746 ], [ 11449193.081893043592572, -366824.854583567590453 ], [ 11449193.117515277117491, -366825.663319533341564 ], [ 11449170.772910486906767, -366832.727298976562452 ], [ 11449180.974451264366508, -366911.247644318616949 ], [ 11449168.109257712960243, -366950.49261755932821 ], [ 11449141.794331960380077, -366979.779868465091567 ], [ 11449246.217135027050972, -367115.01477556390455 ], [ 11449246.670873269438744, -367115.602401334792376 ], [ 11449246.634583113715053, -367115.659491351107135 ], [ 11449249.367921890690923, -367119.880138606706169 ], [ 11449249.460984986275434, -367120.023867193551268 ], [ 11449236.326843542978168, -367132.137656487175263 ], [ 11449235.971845688298345, -367132.465143608511426 ], [ 11449235.98475875146687, -367132.491347040457185 ], [ 11449197.998874947428703, -367165.583050601067953 ], [ 11449188.523025931790471, -367173.745812085689977 ], [ 11449188.718057679012418, -367174.001267747255042 ], [ 11449219.386466072872281, -367214.172597982804291 ], [ 11449219.409397892653942, -367214.156541399715934 ], [ 11449219.453369088470936, -367214.214300496503711 ], [ 11449221.875458568334579, -367212.688033203245141 ], [ 11449242.060242597013712, -367199.968210731516592 ], [ 11449310.368887774646282, -367156.739892422570847 ], [ 11449310.368887774646282, -367156.219837848213501 ], [ 11449311.049717782065272, -367155.815747420303524 ], [ 11449331.1935362406075, -367143.858841620851308 ], [ 11449376.436782920733094, -367206.480380543856882 ], [ 11449400.292327160015702, -367242.734919044945855 ], [ 11449405.570429496467113, -367250.959013448446058 ], [ 11449406.628855213522911, -367252.608158763032407 ], [ 11449408.819734117016196, -367254.024037561146542 ], [ 11449420.506610857322812, -367276.418630780477542 ], [ 11449420.185454124584794, -367276.504600447195116 ], [ 11449435.919462276622653, -367302.309774941764772 ], [ 11449437.530366623774171, -367304.951642294880003 ], [ 11449432.188589535653591, -367305.977257298363838 ], [ 11449430.04045732319355, -367306.397962390969042 ], [ 11449411.475037926808, -367310.092986404721159 ], [ 11449404.90117672085762, -367311.461588188016322 ], [ 11449394.12867827527225, -367313.601798625662923 ], [ 11449378.192402610555291, -367316.72302255948307 ], [ 11449357.492543296888471, -367320.903981992101762 ], [ 11449356.558350132778287, -367321.092647011042573 ], [ 11449353.228784166276455, -367321.685514564160258 ], [ 11449352.551961656659842, -367321.806050547456834 ], [ 11449352.53248074837029, -367321.824114218645263 ], [ 11449348.197811093181372, -367325.834918506327085 ], [ 11449330.251773348078132, -367342.633131837297697 ], [ 11449312.178052142262459, -367359.551103210600559 ], [ 11449264.901221, -367403.80444746959256 ], [ 11449241.419376289471984, -367425.784721141739283 ], [ 11449236.324394514784217, -367430.468122875434346 ], [ 11449233.79688547924161, -367432.919767011073418 ], [ 11449230.849145364016294, -367435.778959287446924 ], [ 11449229.291117770597339, -367437.29017657059012 ], [ 11449229.158090975135565, -367437.360312752891332 ], [ 11449229.270857622846961, -367437.429668407188728 ], [ 11449224.826204314827919, -367441.687347329221666 ], [ 11449185.62259660102427, -367478.779248578299303 ], [ 11449173.380792200565338, -367490.350497057661414 ], [ 11449146.983601346611977, -367515.097099101287313 ], [ 11449115.645383579656482, -367544.525552155333571 ], [ 11449109.357724776491523, -367550.395811495138332 ], [ 11449093.036394996568561, -367565.606905312393792 ], [ 11449084.744206130504608, -367573.214627335837577 ], [ 11449083.383770629763603, -367574.27603773662122 ], [ 11449072.743742384016514, -367559.685130139230751 ], [ 11449071.33477158844471, -367557.660210475791246 ], [ 11449047.51451562717557, -367559.324859457672574 ], [ 11449015.582631010562181, -367555.770880184776615 ], [ 11449007.629521308466792, -367554.885758389486 ], [ 11449007.366695992648602, -367555.00272648606915 ], [ 11449002.747716365382075, -367557.059090334514622 ], [ 11449001.105753870680928, -367563.596815626369789 ], [ 11448995.858264399692416, -367584.490287479828112 ], [ 11448979.795863751322031, -367606.699069576337934 ], [ 11448976.888421289622784, -367610.719139039108995 ], [ 11448954.703893929719925, -367641.392787902150303 ], [ 11448903.78413244895637, -367669.895341149240267 ], [ 11448897.82430955208838, -367673.156513264693785 ], [ 11448897.082810426130891, -367673.038095481169876 ], [ 11448874.652600947767496, -367669.456347935891245 ], [ 11448841.121723167598248, -367664.101902065216564 ], [ 11448830.686077499762177, -367662.380495721125044 ], [ 11448830.500173948705196, -367662.405807239178102 ], [ 11448828.385214949026704, -367662.693934845912736 ], [ 11448783.198963837698102, -367668.849428951973096 ], [ 11448783.241487883031368, -367669.268797369732056 ], [ 11448786.90300857834518, -367705.380092432780657 ], [ 11448786.914140524342656, -367705.49661466840189 ], [ 11448786.957777764648199, -367705.951887685747351 ] ] ] ] } },
{ "type": "Feature", "properties": { "fid": 40520, "kdkab": "74", "kdkec": "042", "nmkab": "LUBUKLINGGAU", "nmkec": "LUBUK LINGGAU UTARA II", "kddesa": "006", "kdprov": "16", "nmdesa": "MEGANG", "nmprov": "SUMATERA SELATAN", "iddesa": "1674042006" }, "geometry": { "type": "MultiPolygon", "coordinates": [ [ [ [ 11450502.463265918195248, -365719.673599667439703 ], [ 11450496.022542821243405, -365666.313960165483877 ], [ 11450494.342286428436637, -365652.393990541168023 ], [ 11450494.491565868258476, -365649.076011496537831 ], [ 11450496.391455616801977, -365606.856835807149764 ], [ 11450496.511903302744031, -365606.89831471524667 ], [ 11450498.484596, -365561.962176416243892 ], [ 11450498.554504642263055, -365560.369364895334002 ], [ 11450507.866714004427195, -365447.767404240439646 ], [ 11450508.469509044662118, -365440.47805518162204 ], [ 11450509.597620768472552, -365426.836646389681846 ], [ 11450509.601962227374315, -365426.836757890705485 ], [ 11450512.071919089183211, -365372.771561262663454 ], [ 11450513.354542262852192, -365344.694978007581085 ], [ 11450513.374245813116431, -365344.695870021765586 ], [ 11450513.47755029797554, -365340.599503548408393 ], [ 11450514.341166911646724, -365306.399008410400711 ], [ 11450509.852653719484806, -365228.673021334165242 ], [ 11450508.441011259332299, -365204.228318255220074 ], [ 11450513.99039919115603, -365203.279324528819416 ], [ 11450520.371232403442264, -365197.313966408604756 ], [ 11450540.790121324360371, -365177.287759789382108 ], [ 11450572.269269570708275, -365138.087343798193615 ], [ 11450600.345269659534097, -365086.530299549049232 ], [ 11450609.27854747697711, -365059.686664648237638 ], [ 11450609.473801862448454, -365052.452088384423405 ], [ 11450656.269398845732212, -365036.017159507609904 ], [ 11450657.478328520432115, -365035.356957019947004 ], [ 11450664.042616249993443, -365031.77194940217305 ], [ 11450683.102182867005467, -365021.362805959070101 ], [ 11450712.514128169044852, -365005.299851761374157 ], [ 11450723.814614957198501, -365000.751803872932214 ], [ 11450724.098145700991154, -365000.637626011157408 ], [ 11450724.545984014868736, -365000.457439065852668 ], [ 11450725.327780796214938, -365005.453055266407318 ], [ 11450725.378319846466184, -365005.474575119384099 ], [ 11450725.570345969870687, -365005.555971453664824 ], [ 11450726.257966462522745, -365005.847325725015253 ], [ 11450729.137913007289171, -365007.067936228588223 ], [ 11450743.156933078542352, -365010.718840628862381 ], [ 11450747.662812108173966, -365011.482405172369909 ], [ 11450747.784484310075641, -365011.394207224191632 ], [ 11450747.897362276911736, -365011.312476383696776 ], [ 11450747.945229656994343, -365011.354289572278503 ], [ 11450793.255935952067375, -364997.898472299159039 ], [ 11450820.503051117062569, -364976.840463839529548 ], [ 11450857.920426283031702, -364948.940487557207234 ], [ 11450894.578825157135725, -364944.455217461276334 ], [ 11450909.018521580845118, -364937.334826472389977 ], [ 11450909.130175033584237, -364937.279856103879865 ], [ 11450923.052013190463185, -364958.777731617097743 ], [ 11450998.301985211670399, -364915.928163509292062 ], [ 11451004.660331889986992, -364914.601292850682512 ], [ 11451064.704952025786042, -364900.72222671052441 ], [ 11451107.613606352359056, -364881.764148133341223 ], [ 11451109.148479487746954, -364890.45080010680249 ], [ 11451112.535152357071638, -364909.607130237389356 ], [ 11451122.932949399575591, -364968.420517420629039 ], [ 11451136.652854001149535, -365046.025232104235329 ], [ 11451158.288130993023515, -365168.401273914147168 ], [ 11451158.512773724272847, -365169.671616084233392 ], [ 11451165.903942637145519, -365171.251376294007059 ], [ 11451182.724540337920189, -365262.014480583020486 ], [ 11451183.636914877220988, -365266.937520640378352 ], [ 11451206.550807548686862, -365262.300929433840793 ], [ 11451206.690736142918468, -365263.156707923917565 ], [ 11451206.862279480323195, -365264.206165540439542 ], [ 11451240.922704078257084, -365472.672888195374981 ], [ 11451241.358742525801063, -365475.341472615604289 ], [ 11451241.566130733117461, -365476.610480251023546 ], [ 11451195.142563488334417, -365485.467665588774253 ], [ 11451111.073750084266067, -365501.830072700453456 ], [ 11451110.530733611434698, -365502.150864881114103 ], [ 11450925.248680701479316, -365611.582197290845215 ], [ 11450925.246120354160666, -365611.583423817355651 ], [ 11450817.786966860294342, -365670.883666691370308 ], [ 11450807.929848589003086, -365673.469521002902184 ], [ 11450791.594269914552569, -365676.761966706020758 ], [ 11450758.42495783790946, -365686.938577121472917 ], [ 11450733.722272278741002, -365695.618713182630017 ], [ 11450717.087800769135356, -365702.103922729613259 ], [ 11450703.939521754160523, -365708.988088713900652 ], [ 11450685.512138526886702, -365719.164813575451262 ], [ 11450660.610302390530705, -365732.035329506790731 ], [ 11450643.278525592759252, -365740.615674293774646 ], [ 11450621.763251006603241, -365749.894360339443665 ], [ 11450616.656692009419203, -365751.562327308522072 ], [ 11450602.919310245662928, -365759.557954064221121 ], [ 11450594.270676368847489, -365764.095663170679472 ], [ 11450516.944261880591512, -365792.99624494073214 ], [ 11450513.734030406922102, -365776.310103015508503 ], [ 11450513.770765837281942, -365776.303858866391238 ], [ 11450502.463265918195248, -365719.673599667439703 ] ] ] ] } },
{ "type": "Feature", "properties": { "fid": 40662, "kdkab": "74", "kdkec": "021", "nmkab": "LUBUKLINGGAU", "nmkec": "LUBUK LINGGAU SELATAN I", "kddesa": "004", "kdprov": "16", "nmdesa": "AIR KATI", "nmprov": "SUMATERA SELATAN", "iddesa": "1674021004" }, "geometry": { "type": "MultiPolygon", "coordinates": [ [ [ [ 11453594.325832547619939, -374072.348505715548526 ], [ 11453455.936447223648429, -373860.42205679329345 ], [ 11453411.002891359850764, -373791.614238481852226 ], [ 11453326.080368779599667, -373661.567289481987245 ], [ 11453122.284437401220202, -373281.316877086122986 ], [ 11453074.446778666228056, -373189.026733569859061 ], [ 11453068.231366215273738, -373177.035719056264497 ], [ 11453066.488214310258627, -373173.672574977565091 ], [ 11452964.684981502592564, -372977.273615227080882 ], [ 11452875.922159129753709, -372815.302289533312432 ], [ 11453282.915123028680682, -372101.85096818942111 ], [ 11453543.066546628251672, -371852.838302491640206 ], [ 11453826.101917942985892, -371659.805704320140649 ], [ 11453928.47688764706254, -371394.386715776752681 ], [ 11453922.454503193497658, -371153.097587801225018 ], [ 11454178.390257673338056, -370782.11660234601004 ], [ 11454187.797867843881249, -370719.923231086402666 ], [ 11454580.137847168371081, -370525.973805221845396 ], [ 11454581.026176707819104, -370527.997664276743308 ], [ 11454581.124137854203582, -370527.997664276743308 ], [ 11454581.521548435091972, -370527.997664276743308 ], [ 11454601.894128445535898, -370518.789273145375773 ], [ 11455827.336709087714553, -371203.61318637576187 ], [ 11456408.700412046164274, -370232.205093188444152 ], [ 11457020.363499289378524, -370149.851118949067313 ], [ 11457051.402712902054191, -370145.360732012137305 ], [ 11457249.019299350678921, -370116.774801485007629 ], [ 11457619.316906306892633, -370063.207981240062509 ], [ 11457627.052497720345855, -370181.628389380173758 ], [ 11457636.038207022473216, -370319.199165563972201 ], [ 11457701.352469213306904, -371284.063168251130264 ], [ 11457716.17933483235538, -371503.097294103819877 ], [ 11457727.020740035921335, -371663.252433244138956 ], [ 11457727.359151290729642, -371668.244670707907062 ], [ 11457672.454152040183544, -371723.297568501904607 ], [ 11457584.473905688151717, -371782.075998270767741 ], [ 11457514.861375315114856, -371859.910186587716453 ], [ 11457508.151036409661174, -371867.41360999486642 ], [ 11457498.353808023035526, -371879.076310583623126 ], [ 11457461.176437685266137, -371923.330801124393474 ], [ 11457441.175664778798819, -371940.294636958336923 ], [ 11457423.037266943603754, -371955.680625347828027 ], [ 11457323.367360865697265, -371989.60161913651973 ], [ 11457285.293868623673916, -372002.560065985715482 ], [ 11457232.579636950045824, -372002.447442010394298 ], [ 11457197.418262587860227, -372011.217616223671939 ], [ 11457193.142480947077274, -372012.862372430507094 ], [ 11457121.213391974568367, -372040.537768894282635 ], [ 11457087.157420152798295, -372062.720241488073952 ], [ 11457062.561378665268421, -372078.740733090031426 ], [ 11457021.592466469854116, -372135.768661999318283 ], [ 11457009.69241289794445, -372152.334443480707705 ], [ 11456983.290769264101982, -372172.915668632718734 ], [ 11456984.351644014939666, -372181.603339786117431 ], [ 11456986.170604495331645, -372196.508757949632127 ], [ 11456965.607668155804276, -372225.947159924311563 ], [ 11456883.397111007943749, -372326.013253851328045 ], [ 11456826.857941640540957, -372370.363823078863788 ], [ 11456815.927480837330222, -372378.937770462303888 ], [ 11456789.490214966237545, -372417.208873485040385 ], [ 11456773.414567299187183, -372442.26613303652266 ], [ 11456763.045156732201576, -372458.428297085745726 ], [ 11456724.918231131508946, -372484.881663483043667 ], [ 11456667.266980053856969, -372513.746984715748113 ], [ 11456642.830125430598855, -372525.981797516520601 ], [ 11456633.465929865837097, -372528.474033065489493 ], [ 11456598.876737684011459, -372537.680251320183743 ], [ 11456564.45452474616468, -372598.688193252892233 ], [ 11456560.662982886657119, -372605.408870630490128 ], [ 11456557.633979544043541, -372652.575169247167651 ], [ 11456557.55382950976491, -372690.902122862869874 ], [ 11456572.115532098338008, -372729.261427706573159 ], [ 11456560.332364002242684, -372761.667245119635481 ], [ 11456538.910041190683842, -372787.436015431128908 ], [ 11456516.292147055268288, -372814.642152027867269 ], [ 11456502.446228785440326, -372845.825847947911825 ], [ 11456482.111497405916452, -372853.453114814299624 ], [ 11456475.214141752570868, -372856.906571934348904 ], [ 11456403.483201472088695, -372892.820525263610762 ], [ 11456375.331615444272757, -372890.348353170556948 ], [ 11456314.070273270830512, -372884.96800587978214 ], [ 11456258.426112605258822, -372884.848690409620758 ], [ 11456211.167649179697037, -372865.700231726281345 ], [ 11456199.904343102127314, -372861.137252198706847 ], [ 11456135.494885724037886, -372852.154026197036728 ], [ 11456097.354601792991161, -372884.503010073502082 ], [ 11456087.016360681504011, -372879.850821941334289 ], [ 11456071.021976243704557, -372872.653980947448872 ], [ 11456043.127538241446018, -372891.288380711397622 ], [ 11456018.232047319412231, -372907.920067468076013 ], [ 11455988.834796188399196, -372960.925152963260189 ], [ 11455985.78686853684485, -373016.936571600555908 ], [ 11455969.695636140182614, -373046.4855893998174 ], [ 11455968.147182023152709, -373049.329093175125308 ], [ 11455955.20963080227375, -373057.431406694289763 ], [ 11455897.767660357058048, -373093.402296075713821 ], [ 11455843.021847980096936, -373125.394519332912751 ], [ 11455827.393704671412706, -373134.527191266708542 ], [ 11455798.038754949346185, -373166.89521551883081 ], [ 11455806.192907644435763, -373194.47054509393638 ], [ 11455806.432021912187338, -373195.278435784624889 ], [ 11455806.762863440439105, -373196.396324568020646 ], [ 11455835.954173509031534, -373240.683686339179985 ], [ 11455835.241728771477938, -373249.76172794442391 ], [ 11455834.301079073920846, -373261.734574287431315 ], [ 11455805.559499744325876, -373276.123847639304586 ], [ 11455801.762391913682222, -373304.33592813560972 ], [ 11455724.649154249578714, -373249.28892487345729 ], [ 11455663.142909198999405, -373252.104556395497639 ], [ 11455639.69791124202311, -373267.053609553026035 ], [ 11455630.884747156873345, -373272.673722567444202 ], [ 11455607.474258242174983, -373263.778555736527778 ], [ 11455543.114894637838006, -373231.208669394720346 ], [ 11455507.796559797599912, -373251.848083025659434 ], [ 11455472.740938952192664, -373272.333616508869454 ], [ 11455469.749784234911203, -373301.809106713917572 ], [ 11455490.098987152799964, -373372.611423335096333 ], [ 11455490.017723923549056, -373410.939744817442261 ], [ 11455470.672622811049223, -373463.454428970406298 ], [ 11455470.075950343161821, -373465.074674754403532 ], [ 11455469.399127839133143, -373466.91236580471741 ], [ 11455436.562104441225529, -373504.121155828936026 ], [ 11455401.878290694206953, -373543.421894723258447 ], [ 11455352.246495723724365, -373587.486376391840167 ], [ 11455299.183834051713347, -373634.597344103560317 ], [ 11455255.509858226403594, -373669.155584672931582 ], [ 11455248.225110748782754, -373670.13910804950865 ], [ 11455236.833787254989147, -373671.677954179700464 ], [ 11455229.222873669117689, -373670.384431348065846 ], [ 11455228.807651966810226, -373670.314179678796791 ], [ 11455173.198000343516469, -373660.860312414821237 ], [ 11455170.036526804789901, -373659.579055872105528 ], [ 11455150.70255764387548, -373651.745438097161241 ], [ 11455129.306951511651278, -373643.075491681171115 ], [ 11455047.350202810019255, -373622.260932465083897 ], [ 11455009.826628850772977, -373623.528807306312956 ], [ 11454965.343360332772136, -373625.031969402101822 ], [ 11454892.530060637742281, -373630.737852467398625 ], [ 11454831.929065683856606, -373650.972892875492107 ], [ 11454804.241125337779522, -373660.643758866877761 ], [ 11454733.385490207001567, -373685.392419442126993 ], [ 11454732.743176748976111, -373683.601782186073251 ], [ 11454669.392701687291265, -373701.047617239062674 ], [ 11454590.238532485440373, -373733.220665989385452 ], [ 11454589.898340119048953, -373733.358939194469713 ], [ 11454575.596011942252517, -373739.173104789166246 ], [ 11454573.032212754711509, -373742.84347817854723 ], [ 11454569.814968150109053, -373747.449426192324609 ], [ 11454568.574201103299856, -373748.451349544047844 ], [ 11454536.78469411469996, -373797.986629833874758 ], [ 11454481.418832175433636, -373819.08590953372186 ], [ 11454446.436459552496672, -373880.41036645002896 ], [ 11454446.355196328833699, -373918.737751384673174 ], [ 11454481.40970397926867, -373960.089324964385014 ], [ 11454481.425622668117285, -373960.372562615026254 ], [ 11454482.858527150005102, -373985.831615772156511 ], [ 11454482.951812883839011, -373987.4886679276824 ], [ 11454484.022595066577196, -374006.5028413895634 ], [ 11454484.231653068214655, -374010.215709460200742 ], [ 11454477.711447853595018, -374024.35674672893947 ], [ 11454476.652020264416933, -374026.654541398456786 ], [ 11454472.336052287369967, -374036.014882709132507 ], [ 11454469.790286850184202, -374041.536682698060758 ], [ 11454466.577495021745563, -374048.505226347188 ], [ 11454465.158171515911818, -374049.393968825985212 ], [ 11454443.118025531992316, -374063.195683232916053 ], [ 11454387.411525951698422, -374092.557646087778267 ], [ 11454319.946348557248712, -374142.532436505018268 ], [ 11454290.579153688624501, -374180.796352377859876 ], [ 11454231.725652106106281, -374213.808106650889385 ], [ 11454228.082165166735649, -374215.852105951576959 ], [ 11454150.000447936356068, -374259.649232788826339 ], [ 11454143.972497511655092, -374263.030252174125053 ], [ 11454128.556974424049258, -374269.887075781298336 ], [ 11454091.207058876752853, -374286.501131064316723 ], [ 11454080.548217631876469, -374293.176192846964113 ], [ 11454067.747589386999607, -374301.191620071651414 ], [ 11454000.377033559605479, -374306.942254578927532 ], [ 11453918.395794561132789, -374297.919880510831717 ], [ 11453818.817170463502407, -374300.651905701844953 ], [ 11453774.434089483693242, -374313.950736242812127 ], [ 11453594.929629465565085, -374073.158521618461236 ], [ 11453594.325832547619939, -374072.348505715548526 ] ] ] ] } },
{ "type": "Feature", "properties": { "fid": 40115, "kdkab": "74", "kdkec": "011", "nmkab": "LUBUKLINGGAU", "nmkec": "LUBUK LINGGAU BARAT I", "kddesa": "003", "kdprov": "16", "nmdesa": "LUBUK TANJUNG", "nmprov": "SUMATERA SELATAN", "iddesa": "1674011003" }, "geometry": { "type": "MultiPolygon", "coordinates": [ [ [ [ 11447566.194734558463097, -369761.751789203146473 ], [ 11447564.991148227825761, -369760.728270036110189 ], [ 11447564.075211456045508, -369759.949396369920578 ], [ 11447545.559440551325679, -369744.203772321459837 ], [ 11447531.418970916420221, -369732.179013541317545 ], [ 11447509.116667533293366, -369713.213418450555764 ], [ 11447508.517100756987929, -369713.074035246216226 ], [ 11447475.106559345498681, -369705.30570793239167 ], [ 11447472.402497595176101, -369704.677033986779861 ], [ 11447459.737345168367028, -369692.673131245945115 ], [ 11447375.30384910851717, -369612.647369408630766 ], [ 11447364.637994740158319, -369602.538305772701278 ], [ 11447362.402142766863108, -369600.287882636766881 ], [ 11447360.49735495634377, -369598.370640804525465 ], [ 11447358.518539687618613, -369596.378912703425158 ], [ 11447357.471245920285583, -369595.324842301313765 ], [ 11447357.199515044689178, -369594.559350581781473 ], [ 11447356.437978407368064, -369592.413743662007619 ], [ 11447355.996596623212099, -369591.379744459874928 ], [ 11447355.982125090435147, -369591.345846500014886 ], [ 11447355.589835209771991, -369591.415203506127 ], [ 11447353.383482897654176, -369591.805141522723716 ], [ 11447345.817097110673785, -369585.604157156776637 ], [ 11447314.278058979660273, -369559.756188692233991 ], [ 11447296.107935097068548, -369534.433532850060146 ], [ 11447293.737943137064576, -369519.398125067353249 ], [ 11447304.007945399731398, -369489.3275386657333 ], [ 11447312.802853085100651, -369489.089472642866895 ], [ 11447305.413910564035177, -369458.412857750430703 ], [ 11447305.226003263145685, -369457.632536641904153 ], [ 11447293.278082316741347, -369426.271728027262725 ], [ 11447272.778375452384353, -369372.464055644406471 ], [ 11447272.824573040008545, -369372.427816120558418 ], [ 11447258.665958322584629, -369321.645109217963181 ], [ 11447246.96349685266614, -369278.554006185033359 ], [ 11447244.895625991746783, -369271.007829670328647 ], [ 11447236.951421849429607, -369243.760979605605826 ], [ 11447236.950419979169965, -369243.757634420355316 ], [ 11447220.171567089855671, -369186.210584871063475 ], [ 11447083.235123755410314, -368693.554859036405105 ], [ 11447077.957800654694438, -368674.568813995399978 ], [ 11447058.054098336026073, -368602.961335919506382 ], [ 11446881.270731959491968, -368055.051170238875784 ], [ 11446614.113861484453082, -367296.716281969100237 ], [ 11446614.613463358953595, -367296.369392641354352 ], [ 11446016.198063438758254, -365605.549135343462694 ], [ 11444969.453099150210619, -365125.798713610158302 ], [ 11444425.786517234519124, -364628.435355013934895 ], [ 11443840.592199278995395, -364093.079152824997436 ], [ 11443877.277537470683455, -364085.247328796482179 ], [ 11444158.092084942385554, -364025.302226893370971 ], [ 11444252.12588519975543, -364036.986401350412052 ], [ 11444264.113881170749664, -364038.476052846526727 ], [ 11444295.562750512734056, -364026.379325088055339 ], [ 11444340.128395456820726, -364009.236070868908428 ], [ 11444546.958896156400442, -363921.677846879581921 ], [ 11444650.500494126230478, -363878.512571939325426 ], [ 11444737.876275643706322, -363842.086413653683849 ], [ 11444889.262990763410926, -363666.393838151416276 ], [ 11444923.07294650375843, -363659.412792669318151 ], [ 11444927.531292108818889, -363658.495143695676234 ], [ 11445119.849070793017745, -363618.892409322201274 ], [ 11445293.781322378665209, -363589.093919880280737 ], [ 11445350.418452905490994, -363579.391154330573045 ], [ 11445543.040467761456966, -363579.811956854187883 ], [ 11445559.652341408655047, -363579.848305981839076 ], [ 11445700.117501283064485, -363580.154932096193079 ], [ 11445773.210992136970162, -363575.409474981483072 ], [ 11445946.675701856613159, -363564.148046672751661 ], [ 11446057.815968269482255, -363556.932745255180635 ], [ 11446221.740597635507584, -363540.367134821950458 ], [ 11446322.821700900793076, -363530.15303285967093 ], [ 11446367.846316104754806, -363525.60337248002179 ], [ 11446518.927347898483276, -363502.794863160292152 ], [ 11446976.289598392322659, -363439.524800691811834 ], [ 11446976.502775222063065, -363439.495364622736815 ], [ 11446976.707157801836729, -363440.005366833938751 ], [ 11447060.119186213240027, -363648.172206497343723 ], [ 11447252.73608037084341, -364127.618796736758668 ], [ 11447270.60063225030899, -364207.09001199004706 ], [ 11447316.636918988078833, -364393.88037154765334 ], [ 11447327.345631362870336, -364576.820565451227594 ], [ 11447338.840593300759792, -364743.904085796675645 ], [ 11447346.221075542271137, -364772.01028877380304 ], [ 11447401.907537616789341, -364984.079829778173007 ], [ 11447417.145283473655581, -365070.373339873040095 ], [ 11447515.90749042853713, -365578.843303926871158 ], [ 11447516.198479576036334, -365583.944650327961426 ], [ 11447519.802670732140541, -365600.440094291232526 ], [ 11447521.238692164421082, -365626.403436086548027 ], [ 11447526.500764491036534, -365721.491648603114299 ], [ 11447529.204714922234416, -365770.734527281136252 ], [ 11447531.277483839541674, -365808.500461488147266 ], [ 11447562.569392701610923, -366040.609037188754883 ], [ 11447572.208547411486506, -366054.25698833563365 ], [ 11447573.552062343806028, -366056.159227412368637 ], [ 11447602.189112668856978, -366096.705026199750137 ], [ 11447629.955755900591612, -366216.671861183131114 ], [ 11447632.721154691651464, -366230.406248803483322 ], [ 11447633.613269092515111, -366232.474295936699491 ], [ 11447634.514956967905164, -366234.564866722153965 ], [ 11447764.390850277617574, -366535.672699856455438 ], [ 11447774.352497546002269, -366560.902679157443345 ], [ 11447778.764088967815042, -366572.075318783870898 ], [ 11447783.941558483988047, -366585.189233853947371 ], [ 11447791.801382452249527, -366666.081083354307339 ], [ 11447797.634746408089995, -366742.597034232749138 ], [ 11447832.277928540483117, -366841.536757228604984 ], [ 11447834.194627532735467, -366846.395418062282261 ], [ 11447892.689012445509434, -366994.678450306295417 ], [ 11447895.795605475082994, -367003.189202659297734 ], [ 11447959.685089504346251, -367178.219241129641887 ], [ 11447959.676629222929478, -367178.224370310315862 ], [ 11447959.828802965581417, -367178.665480150841177 ], [ 11447959.929881064221263, -367178.958512675133534 ], [ 11447953.325963592156768, -367183.817745803564321 ], [ 11447953.299803514033556, -367183.832352826429997 ], [ 11447953.017497286200523, -367183.990465513372328 ], [ 11447953.017608603462577, -367183.946867443912197 ], [ 11447941.781687121838331, -367190.280183869996108 ], [ 11447933.471798453480005, -367194.964244679431431 ], [ 11447922.621153723448515, -367213.723682718526106 ], [ 11447922.580967387184501, -367213.804300135874655 ], [ 11447921.608591636642814, -367215.757516416953877 ], [ 11447909.636625682935119, -367239.806041707517579 ], [ 11447909.046743700280786, -367240.990995421016123 ], [ 11447908.872194735333323, -367241.341787220968399 ], [ 11447908.790374914184213, -367241.44693555374397 ], [ 11447908.551371965557337, -367241.753794747928623 ], [ 11447907.640333255752921, -367242.923918445769232 ], [ 11447906.074735933914781, -367244.935005849110894 ], [ 11447902.555036276578903, -367249.455938499013428 ], [ 11447897.280496157705784, -367254.119150543527212 ], [ 11447891.956975469365716, -367258.82562636770308 ], [ 11447886.725070727989078, -367263.45103891385952 ], [ 11447871.712635517120361, -367267.694327126257122 ], [ 11447860.713490586727858, -367265.75883908366086 ], [ 11447855.363253224641085, -367262.39710226689931 ], [ 11447849.811527576297522, -367258.90869690728141 ], [ 11447832.397930955514312, -367247.967136092716828 ], [ 11447831.741257274523377, -367247.606420412892476 ], [ 11447829.131817093119025, -367246.173035558545962 ], [ 11447817.882982546463609, -367239.994037564785685 ], [ 11447816.270742364227772, -367239.108472273044754 ], [ 11447802.884684914723039, -367235.481133590452373 ], [ 11447800.886722693219781, -367234.939669871877413 ], [ 11447800.699260672554374, -367234.956283978826832 ], [ 11447796.384628528729081, -367235.339523434231523 ], [ 11447792.234860546886921, -367235.708044358470943 ], [ 11447785.799926064908504, -367236.279614182421938 ], [ 11447776.537142552435398, -367240.032171957776882 ], [ 11447773.679682547226548, -367241.189807174610905 ], [ 11447770.952800296247005, -367242.294477973307949 ], [ 11447769.078180070966482, -367243.053932184528094 ], [ 11447768.710491796955466, -367243.288759755436331 ], [ 11447761.200544990599155, -367248.086222445766907 ], [ 11447757.581325704231858, -367250.398259443813004 ], [ 11447754.511690745130181, -367252.359170151932631 ], [ 11447747.612108707427979, -367259.225480016320944 ], [ 11447742.992238519713283, -367263.823239565594122 ], [ 11447742.940140997990966, -367263.997185944695957 ], [ 11447741.469165243208408, -367268.90659964364022 ], [ 11447741.280812669545412, -367269.535036722081713 ], [ 11447736.802763514220715, -367284.480712211166974 ], [ 11447733.702293055132031, -367294.828517179819755 ], [ 11447733.527076175436378, -367295.706054615788162 ], [ 11447733.479431429877877, -367295.684534326079302 ], [ 11447732.822312477976084, -367302.046625198738184 ], [ 11447732.81051261536777, -367302.161028435337357 ], [ 11447732.560155076906085, -367309.651318520307541 ], [ 11447731.621397811919451, -367337.744454650965054 ], [ 11447731.759879261255264, -367345.994871086732019 ], [ 11447731.862293191254139, -367352.101843289274257 ], [ 11447732.012129224836826, -367361.030875276599545 ], [ 11447732.114320518448949, -367367.121345683757681 ], [ 11447732.215955212712288, -367373.178922685910948 ], [ 11447730.90383237414062, -367390.123882734798826 ], [ 11447730.135059971362352, -367400.052664678893052 ], [ 11447729.504212418571115, -367404.636380538053345 ], [ 11447728.625456355512142, -367411.021336037490983 ], [ 11447725.452962188050151, -367434.072721068107057 ], [ 11447724.865306597203016, -367436.040771298343316 ], [ 11447721.586502313613892, -367447.021600175881758 ], [ 11447721.178405061364174, -367448.388419581227936 ], [ 11447715.717182163149118, -367466.678467416786589 ], [ 11447715.163812972605228, -367467.823170505755115 ], [ 11447714.762728849425912, -367468.652762464073021 ], [ 11447714.446358855813742, -367469.307181179930922 ], [ 11447711.767789272591472, -367474.847718320146669 ], [ 11447706.575959540903568, -367485.586921197071206 ], [ 11447706.496588740497828, -367485.752059087855741 ], [ 11447704.897929532453418, -367489.077786784211639 ], [ 11447697.374067790806293, -367504.73020632826956 ], [ 11447696.914429614320397, -367505.686355979996733 ], [ 11447695.818155264481902, -367507.150407887238543 ], [ 11447683.98300096578896, -367522.956928995728958 ], [ 11447682.348162924870849, -367524.995563054690138 ], [ 11447680.383930509909987, -367527.444867695623543 ], [ 11447680.341295145452023, -367527.497943765309174 ], [ 11447680.151495408266783, -367527.604541929846164 ], [ 11447679.611595880240202, -367527.907833776378538 ], [ 11447661.695948351174593, -367537.973220912739635 ], [ 11447660.200927592813969, -367538.813183306658175 ], [ 11447658.186044804751873, -367539.479979417577852 ], [ 11447618.136297643184662, -367552.733946833061054 ], [ 11447625.936343044042587, -367618.850266038614791 ], [ 11447679.375153282657266, -368071.822063959494699 ], [ 11447681.629150331020355, -368076.230075889092404 ], [ 11447684.548503978177905, -368081.939127313497011 ], [ 11447685.617950323969126, -368084.030736503074877 ], [ 11447686.128684151917696, -368084.124846651800908 ], [ 11447739.973810525611043, -368094.05893154948717 ], [ 11447779.20513679087162, -368101.296828021528199 ], [ 11447891.377334885299206, -368121.991922529472504 ], [ 11447930.94495733268559, -368129.29192909487756 ], [ 11448019.421688614413142, -368172.431534450734034 ], [ 11448021.219609711319208, -368173.192890630278271 ], [ 11448021.242875484749675, -368173.202703068440314 ], [ 11448024.468691688030958, -368184.302692412107717 ], [ 11448025.454871056601405, -368187.696347653283738 ], [ 11448026.831336557865143, -368192.381900199921802 ], [ 11448028.015887260437012, -368196.414256489020772 ], [ 11448032.217864081263542, -368210.717788011301309 ], [ 11448037.364498097449541, -368228.360786416917108 ], [ 11448037.737195752561092, -368229.674316041346174 ], [ 11448040.616029102355242, -368239.819939133070875 ], [ 11448040.709426155313849, -368240.149102106923237 ], [ 11448040.79046674631536, -368240.434778106748126 ], [ 11448041.414857767522335, -368242.635219243180472 ], [ 11448070.139071257784963, -368255.011279774422292 ], [ 11448071.08929442986846, -368255.42942385742208 ], [ 11448086.972359377890825, -368262.418340012838598 ], [ 11448090.598257832229137, -368263.859320369723719 ], [ 11448097.672722788527608, -368266.670809920411557 ], [ 11448105.236214274540544, -368269.676541431050282 ], [ 11448127.308976864442229, -368279.29831717297202 ], [ 11448127.274022547528148, -368279.328981077822391 ], [ 11448084.501289319247007, -368316.817563796241302 ], [ 11448084.542700169607997, -368316.828268291603308 ], [ 11448078.868968365713954, -368321.75088627205696 ], [ 11448078.683510091155767, -368321.953379635408055 ], [ 11448077.378956981003284, -368323.07590204232838 ], [ 11448077.25516970641911, -368323.182389469060581 ], [ 11448077.42448665201664, -368323.328349715971854 ], [ 11448088.217245239764452, -368332.636689103208482 ], [ 11448096.392326006665826, -368338.517694744863547 ], [ 11448115.819803543388844, -368348.701685599284247 ], [ 11448118.679823901504278, -368350.200984296330716 ], [ 11448118.687950219959021, -368350.205221492855344 ], [ 11448118.745502395555377, -368350.211465780506842 ], [ 11448126.935277339071035, -368351.09559038723819 ], [ 11448130.977510683238506, -368351.53202168707503 ], [ 11448131.099294209852815, -368351.545179299311712 ], [ 11448132.183546049520373, -368351.207095578254666 ], [ 11448146.854898339137435, -368346.631926423229743 ], [ 11448147.854436045512557, -368345.912829515931662 ], [ 11448152.636053450405598, -368342.472337252576835 ], [ 11448153.972555259242654, -368341.510716613440309 ], [ 11448157.408208703622222, -368339.038758413575124 ], [ 11448169.411344116553664, -368330.481294261175208 ], [ 11448178.291856495663524, -368324.150142724683974 ], [ 11448190.360225135460496, -368315.864083258784376 ], [ 11448240.906621038913727, -368281.159560523869004 ], [ 11448245.949950570240617, -368280.303312757692765 ], [ 11448266.666173845529556, -368276.774733492347877 ], [ 11448313.6280821505934, -368268.775803213240579 ], [ 11448327.07837094552815, -368266.484819416247774 ], [ 11448327.087053863331676, -368266.480247704836074 ], [ 11448327.086497263982892, -368266.925599073001649 ], [ 11448325.033097943291068, -368284.4360268554301 ], [ 11448323.115508392453194, -368300.789257120457478 ], [ 11448321.040847044438124, -368318.481555171543732 ], [ 11448319.778150057420135, -368329.248604676744435 ], [ 11448354.669685972854495, -368357.617751861573197 ], [ 11448354.732247529551387, -368357.668598223710433 ], [ 11448351.024640565738082, -368365.783834862639196 ], [ 11448311.200315373018384, -368446.284262579923961 ], [ 11448293.08195505477488, -368443.94833847717382 ], [ 11448276.936955343931913, -368443.94833847717382 ], [ 11448259.894943177700043, -368447.542042158718687 ], [ 11448242.673595316708088, -368452.21400207572151 ], [ 11448223.478998159989715, -368461.917192565219011 ], [ 11448209.666030464693904, -368469.823475914075971 ], [ 11448197.646976362913847, -368477.01099658041494 ], [ 11448143.83023645542562, -368571.167794665438123 ], [ 11448109.028758004307747, -368648.434043846151326 ], [ 11448109.076514067128301, -368648.475077861745376 ], [ 11448122.263309622183442, -368659.824998746800702 ], [ 11448128.920437812805176, -368665.554708829149604 ], [ 11448169.67172040976584, -368700.951801654126029 ], [ 11448169.773355098441243, -368700.874862835276872 ], [ 11448188.318736992776394, -368717.075169101764914 ], [ 11448247.337770659476519, -368767.927177294506691 ], [ 11448267.077388044446707, -368785.080977973993868 ], [ 11448271.125855283811688, -368788.599091937707271 ], [ 11448287.639767784625292, -368810.596701093600132 ], [ 11448289.034489685669541, -368812.454496722959448 ], [ 11448289.877512188628316, -368813.511904810089618 ], [ 11448310.150127297267318, -368838.938429962610826 ], [ 11448311.733090460300446, -368840.923788560554385 ], [ 11448312.222450941801071, -368841.537515821051784 ], [ 11448330.513022512197495, -368861.455219683411997 ], [ 11448336.705280508846045, -368870.631358639104292 ], [ 11448336.714965304359794, -368870.645631364663132 ], [ 11448336.74034615047276, -368870.622549686115235 ], [ 11448336.765949627384543, -368870.660573130124249 ], [ 11448323.621232839301229, -368883.047631566936616 ], [ 11448274.294230638071895, -368929.531143099593464 ], [ 11448274.337422598153353, -368929.585892436210997 ], [ 11448274.425698950886726, -368929.697955734096467 ], [ 11448276.866156151518226, -368932.793690438789781 ], [ 11448413.974254138767719, -369110.813691111339722 ], [ 11448416.108248773962259, -369113.58461404958507 ], [ 11448424.239914942532778, -369124.142890399147291 ], [ 11448424.242920568212867, -369124.146681599959265 ], [ 11448423.321083864197135, -369137.615487978328019 ], [ 11448421.407835772261024, -369147.8172819778556 ], [ 11448420.594980854541063, -369151.858036093006376 ], [ 11448394.281279621645808, -369190.671718132216483 ], [ 11448403.164241028949618, -369215.57101802813122 ], [ 11448406.849695408716798, -369225.901274218922481 ], [ 11448406.848693531006575, -369225.906291996012442 ], [ 11448417.541821178048849, -369255.604822208057158 ], [ 11448439.306562742218375, -369245.464792618586216 ], [ 11448601.988198669627309, -369560.760080869193189 ], [ 11448606.747329540550709, -369575.626116043655202 ], [ 11448648.417999807745218, -369645.890572153381072 ], [ 11448649.537428610026836, -369647.799451825150754 ], [ 11448649.925933631137013, -369648.461911911901552 ], [ 11448652.437078705057502, -369638.69461236713687 ], [ 11448665.120264887809753, -369589.361477955186274 ], [ 11448727.945645902305841, -369470.844807723595295 ], [ 11448745.409447619691491, -369446.643925591139123 ], [ 11448787.253108376637101, -369380.091415630304255 ], [ 11448815.431077122688293, -369342.228368658048566 ], [ 11448836.009375553578138, -369325.480475336080417 ], [ 11448886.088452234864235, -369303.670428386714775 ], [ 11448979.714489202946424, -369301.489368175913114 ], [ 11448985.289257982745767, -369305.866095943783876 ], [ 11449032.535253629088402, -369335.838729881215841 ], [ 11449055.922365449368954, -369361.242739627778064 ], [ 11449056.302632825449109, -369361.618627044721507 ], [ 11449062.760833082720637, -369368.004810634069145 ], [ 11449085.836695607751608, -369398.342644398217089 ], [ 11449164.789153899997473, -369502.141624374606181 ], [ 11449232.287059227004647, -369585.01986345363548 ], [ 11449227.932352064177394, -369676.622100447537377 ], [ 11449247.129398250952363, -369704.264348240103573 ], [ 11449262.769898029044271, -369726.78532887424808 ], [ 11449272.757148783653975, -369732.994684180419426 ], [ 11449287.333768183365464, -369738.50846174947219 ], [ 11449324.824391571804881, -369746.41439053916838 ], [ 11449409.741014217957854, -369731.147354666201863 ], [ 11449514.253763429820538, -369752.957374705118127 ], [ 11449586.106375915929675, -369755.138443850388285 ], [ 11449655.781579162925482, -369722.423303255112842 ], [ 11449717.000619929283857, -369679.640582096239086 ], [ 11449720.642659710720181, -369675.903998428722844 ], [ 11449872.969690565019846, -369573.918506705493201 ], [ 11449872.929281586781144, -369573.892525711795315 ], [ 11449928.9043950997293, -369534.389376327744685 ], [ 11449965.210133830085397, -369496.623955914925318 ], [ 11450018.390571523457766, -369432.700176237442065 ], [ 11450030.863141231238842, -369417.708046760119032 ], [ 11450062.534315597265959, -369383.914295082795434 ], [ 11450145.39063711091876, -369315.928857324295677 ], [ 11450152.324394231662154, -369311.993135994998738 ], [ 11450194.685690619051456, -369280.023545370378997 ], [ 11450233.404167992994189, -369250.803258217056282 ], [ 11450233.450142942368984, -369250.870384885289241 ], [ 11450253.956306340172887, -369280.826946986198891 ], [ 11450266.299411481246352, -369298.859718794585206 ], [ 11450296.184241976588964, -369359.357392732461449 ], [ 11450309.826445575803518, -369386.974137526354752 ], [ 11450327.866770932450891, -369456.032421216194052 ], [ 11450331.00186175480485, -369468.033733529562596 ], [ 11450360.116695331409574, -369602.210365300881676 ], [ 11450359.848971959203482, -369602.15907233802136 ], [ 11450400.779924212023616, -369836.891659272660036 ], [ 11450522.216241646558046, -370533.313221539312508 ], [ 11450565.616371521726251, -370782.20803861762397 ], [ 11450591.592774694785476, -371126.577638235583436 ], [ 11450608.115926716476679, -371345.634197267587297 ], [ 11450588.834277713671327, -372177.369340549572371 ], [ 11450540.222169283777475, -372419.321974895487074 ], [ 11450537.430276453495026, -372426.503174732904881 ], [ 11450517.661048082634807, -372427.740928167186212 ], [ 11450513.181551769375801, -372424.898555662133731 ], [ 11450355.368362456560135, -372492.814440875430591 ], [ 11449970.955444069579244, -372538.581247526628431 ], [ 11449567.43898786790669, -372184.902893163438421 ], [ 11449550.796723993495107, -372181.568771979480516 ], [ 11449378.290475083515048, -372147.008771940891165 ], [ 11449333.507200539112091, -372152.20988789020339 ], [ 11448560.389440797269344, -372241.998897972749546 ], [ 11448512.155818624421954, -372168.815480596676935 ], [ 11448452.409534722566605, -372040.271262562891934 ], [ 11448430.450651967898011, -371993.026056664646603 ], [ 11448389.767830869182944, -371827.658518312906381 ], [ 11448370.515124931931496, -371663.096321290591732 ], [ 11448359.546815503388643, -371569.344441140594427 ], [ 11448346.461209364235401, -371505.396596868580673 ], [ 11448315.065773377195001, -371351.964518946711905 ], [ 11448432.856266167014837, -371341.444833622546867 ], [ 11448453.224393395707011, -371339.626134685706347 ], [ 11448459.842337125912309, -371304.081783050030936 ], [ 11448493.436333054676652, -371123.666164532187395 ], [ 11448494.912429504096508, -371122.388282955565955 ], [ 11448668.630947668105364, -370972.017630796995945 ], [ 11448736.648269737139344, -370841.987303291563876 ], [ 11448754.075669979676604, -370808.669251959945541 ], [ 11448705.485602805390954, -370808.669251959945541 ], [ 11448646.401224590837955, -370800.777965824352577 ], [ 11448432.3841602075845, -370811.299606455781031 ], [ 11448301.085381167009473, -370820.506126472901087 ], [ 11448239.374976163730025, -370820.506126472901087 ], [ 11448188.168455675244331, -370806.038786014076322 ], [ 11448154.030775351449847, -370777.104222319729161 ], [ 11448071.31249000877142, -370675.833365168597084 ], [ 11448014.854027265682817, -370569.301680749398656 ], [ 11447934.855945, -370416.790400030440651 ], [ 11447913.561528284102678, -370356.81611752056051 ], [ 11447911.016319449990988, -370349.647653537336737 ], [ 11447905.491867082193494, -370334.088608155143447 ], [ 11447844.251898251473904, -370216.762254795583431 ], [ 11447783.686302891001105, -370097.59370870993007 ], [ 11447655.577383857220411, -369845.527517956041265 ], [ 11447576.216160401701927, -369771.144548928248696 ], [ 11447566.194734558463097, -369761.751789203146473 ] ] ] ] } },
{ "type": "Feature", "properties": { "fid": 40541, "kdkab": "74", "kdkec": "042", "nmkab": "LUBUKLINGGAU", "nmkec": "LUBUK LINGGAU UTARA II", "kddesa": "005", "kdprov": "16", "nmdesa": "BATU URIP", "nmprov": "SUMATERA SELATAN", "iddesa": "1674042005" }, "geometry": { "type": "MultiPolygon", "coordinates": [ [ [ [ 11451982.393557105213404, -365630.153374951507431 ], [ 11451964.07203871384263, -365637.505289296852425 ], [ 11451945.190138002857566, -365644.744921140605584 ], [ 11451929.445888459682465, -365651.367275773372967 ], [ 11451913.757632624357939, -365658.550822774705011 ], [ 11451912.779356937855482, -365659.243364672758617 ], [ 11451904.429949851706624, -365663.503763017070014 ], [ 11451861.115090703591704, -365683.97383697994519 ], [ 11451860.081600552424788, -365683.97383697994519 ], [ 11451840.135151552036405, -365691.886947020946536 ], [ 11451827.304355721920729, -365696.320510017278139 ], [ 11451816.546774094924331, -365699.323049841332249 ], [ 11451806.825688237324357, -365701.427548430801835 ], [ 11451796.01200158521533, -365704.710740247450303 ], [ 11451784.806136364117265, -365705.805026039713994 ], [ 11451778.670873947441578, -365706.225948076695204 ], [ 11451774.020502218976617, -365706.057579260494094 ], [ 11451771.947399340569973, -365705.019379238772672 ], [ 11451770.77075232565403, -365703.027052119316068 ], [ 11451769.818302761763334, -365700.726086061680689 ], [ 11451768.837800685316324, -365697.611374667030759 ], [ 11451765.644044497981668, -365695.141928420169279 ], [ 11451762.08627357147634, -365692.812975392444059 ], [ 11451757.435790525749326, -365691.606295198551379 ], [ 11451751.636712970212102, -365690.736464098154102 ], [ 11451746.426070241257548, -365690.708365464408416 ], [ 11451743.512505210936069, -365692.504224933567457 ], [ 11451739.226259540766478, -365695.170027055079117 ], [ 11451737.684929870069027, -365696.128279682539869 ], [ 11451718.087578792124987, -365653.97175055090338 ], [ 11451717.97904228977859, -365653.738264366344083 ], [ 11451714.60828810557723, -365656.798338320746552 ], [ 11451714.484278192743659, -365656.694641016772948 ], [ 11451711.065322672948241, -365653.835606024018489 ], [ 11451706.72764739766717, -365646.594301050994545 ], [ 11451691.336503278464079, -365626.145419427310117 ], [ 11451660.153798840939999, -365586.691958110895939 ], [ 11451610.365154707804322, -365520.704852942668367 ], [ 11451577.590024949982762, -365466.984821849910077 ], [ 11451569.12974364683032, -365453.118063717614859 ], [ 11451566.951777808368206, -365449.54820698115509 ], [ 11451571.840261926874518, -365446.332704561238643 ], [ 11451571.965162398293614, -365446.117282178078312 ], [ 11451597.70078151486814, -365430.145364131603856 ], [ 11451598.115446619689465, -365430.021596630220301 ], [ 11451598.25960535928607, -365430.10789937217487 ], [ 11451652.067551024258137, -365414.028272459632717 ], [ 11451653.339487528428435, -365383.547691259242129 ], [ 11451653.498229119926691, -365383.446670265751891 ], [ 11451638.315920371562243, -365307.954017080366611 ], [ 11451667.626119658350945, -365307.540567187708803 ], [ 11451675.694333711639047, -365275.663562850037124 ], [ 11451734.861533625051379, -365283.296104601526167 ], [ 11451816.440463978797197, -365288.683774885314051 ], [ 11451840.645217461511493, -365283.296104601526167 ], [ 11451846.259170699864626, -365279.957397153950296 ], [ 11451941.050166139379144, -365223.582841401279438 ], [ 11451943.280563460662961, -365222.748806111747399 ], [ 11451917.517782382667065, -365154.441337273980025 ], [ 11451891.295919725671411, -365083.279461494879797 ], [ 11451864.177601212635636, -365006.281067832664121 ], [ 11451853.644105717539787, -364937.139698393293656 ], [ 11451845.482828574255109, -364886.205372538301162 ], [ 11452035.17970116250217, -364814.346448099357076 ], [ 11452170.450136996805668, -364764.020865423022769 ], [ 11452135.007124323397875, -364666.586474495416041 ], [ 11452134.942447697743773, -364666.408629621088039 ], [ 11452134.899589698761702, -364666.290884047048166 ], [ 11452133.839605504646897, -364664.619588270259555 ], [ 11452133.664499949663877, -364664.343510589911602 ], [ 11452063.822094824165106, -364554.219345866702497 ], [ 11452063.823541980236769, -364554.216335329751018 ], [ 11452117.220496084541082, -364443.353583284129854 ], [ 11452108.015598708763719, -364434.51420936541399 ], [ 11452108.022389201447368, -364434.509414811444003 ], [ 11452108.051777547225356, -364434.488341075077187 ], [ 11452109.782572992146015, -364433.011618450924288 ], [ 11452130.007320713251829, -364416.805469792743679 ], [ 11452130.865148710086942, -364415.024572032038122 ], [ 11452131.300296599045396, -364414.121077513089404 ], [ 11452132.633347501978278, -364393.354420312913135 ], [ 11452124.826622933149338, -364293.655987976293545 ], [ 11452087.047236789017916, -364148.738639648945536 ], [ 11452103.009227255359292, -364108.768559235963039 ], [ 11452103.37635893188417, -364107.134847604960669 ], [ 11452103.636178622022271, -364105.978917473519687 ], [ 11452112.82938745431602, -364065.073248390457593 ], [ 11452119.67152863740921, -364034.628381200600415 ], [ 11452123.78367062471807, -364011.221231701492798 ], [ 11452125.64014577306807, -364000.653740667621605 ], [ 11452125.55198073387146, -364000.59453373553697 ], [ 11452073.16525100544095, -363965.415249015437439 ], [ 11452010.535458331927657, -363923.357382612302899 ], [ 11452010.143613724038005, -363922.443968502804637 ], [ 11452008.651041993871331, -363921.433548752276693 ], [ 11451978.449952822178602, -363850.074321601598058 ], [ 11451978.443273654207587, -363850.05759650003165 ], [ 11451960.744587814435363, -363808.238161799905356 ], [ 11451957.609942272305489, -363800.831844089319929 ], [ 11451939.855485362932086, -363758.883533099782653 ], [ 11451938.832236602902412, -363757.503936400928069 ], [ 11451938.817097153514624, -363757.483531794976443 ], [ 11451933.75740365870297, -363750.661480450769886 ], [ 11451665.108963333070278, -363388.463600678718649 ], [ 11451630.75799486041069, -363342.151996478030924 ], [ 11451610.372056514024734, -363316.115595353941899 ], [ 11451480.150516182184219, -363149.797647270141169 ], [ 11451379.887277217581868, -362965.353423044260126 ], [ 11451305.967795746400952, -362829.37281786382664 ], [ 11451250.836817927658558, -362589.215076568827499 ], [ 11451211.601150205358863, -362349.092413535690866 ], [ 11451194.711757058277726, -362228.249666000367142 ], [ 11451270.363369807600975, -362166.204915491340216 ], [ 11451323.846819158643484, -362122.341217560635414 ], [ 11451390.093048129230738, -362075.166019069030881 ], [ 11451592.169093377888203, -361931.265618556411937 ], [ 11451683.380944548174739, -361818.32299936824711 ], [ 11451752.396802451461554, -361732.863772741984576 ], [ 11451804.75703814253211, -361660.62721717817476 ], [ 11451922.667755985632539, -361497.956599902478047 ], [ 11451946.487010067328811, -361465.095480104966555 ], [ 11451947.377343354746699, -361463.867103287484497 ], [ 11451948.644381800666451, -361462.11914438707754 ], [ 11451940.176753412932158, -361462.477499931468628 ], [ 11450073.282769035547972, -361440.254663930682 ], [ 11450058.771828128024936, -359776.092992295802105 ], [ 11450058.692679973319173, -359767.021180234965868 ], [ 11450058.638356059789658, -359760.7911947867251 ], [ 11450069.611674861982465, -359760.816058536816854 ], [ 11450084.301060909405351, -359760.849284527532291 ], [ 11451020.187174461781979, -359762.970061806903686 ], [ 11453234.130692025646567, -359769.556613600812852 ], [ 11453235.043289210647345, -359767.989082478277851 ], [ 11453235.427341455593705, -359767.329468417272437 ], [ 11453238.750228252261877, -359761.621956122748088 ], [ 11453240.951014583930373, -359757.843335621641017 ], [ 11453256.171728562563658, -359731.69961127982242 ], [ 11453284.033883912488818, -359708.423584737058263 ], [ 11453294.876402316614985, -359696.00063748593675 ], [ 11453298.672396952286363, -359686.741963631066028 ], [ 11453307.300770681351423, -359665.692531988373958 ], [ 11453306.579420384019613, -359649.752989345171954 ], [ 11453306.561609264463186, -359649.35717672703322 ], [ 11453293.47043714672327, -359628.328936371952295 ], [ 11453288.357532933354378, -359617.332037891144864 ], [ 11453287.317808886989951, -359615.094303540652618 ], [ 11453287.508165221661329, -359607.345298507367261 ], [ 11453288.160497438162565, -359580.871579434897285 ], [ 11453293.668585838750005, -359563.437996583466884 ], [ 11453297.492410350590944, -359551.335059952747542 ], [ 11453297.49574993737042, -359549.779684958630241 ], [ 11453304.186051333323121, -359543.351916828425601 ], [ 11453316.074972946196795, -359531.929110365570523 ], [ 11453340.042059317231178, -359524.201295340550132 ], [ 11453367.069318482652307, -359531.257902056502644 ], [ 11453388.710940688848495, -359527.414621334231924 ], [ 11453390.357355959713459, -359526.054365349700674 ], [ 11453415.024641927331686, -359505.690666260605212 ], [ 11453432.971570232883096, -359490.096784841036424 ], [ 11453438.243661316111684, -359485.516514628077857 ], [ 11453453.724862899631262, -359456.924393865978345 ], [ 11453461.561755048111081, -359417.896227568679024 ], [ 11453465.598199784755707, -359333.901647412159946 ], [ 11453462.482367239892483, -359328.228720781742595 ], [ 11453461.749884990975261, -359326.894111314788461 ], [ 11453463.335074538365006, -359322.13991364906542 ], [ 11453464.08202832005918, -359319.897725272108801 ], [ 11453448.194510594010353, -359290.430401447345503 ], [ 11453436.373493866994977, -359268.505798759113532 ], [ 11453433.799787241965532, -359266.258036638144404 ], [ 11453419.407290276139975, -359253.692422838124912 ], [ 11453416.967167038470507, -359252.211754327290691 ], [ 11453415.548956727609038, -359251.349889308970887 ], [ 11453409.409686805680394, -359231.114460102340672 ], [ 11453410.225658675655723, -359210.115286349959206 ], [ 11453423.372490538284183, -359203.920564289437607 ], [ 11453442.69755413942039, -359199.294592255726457 ], [ 11453445.41041012853384, -359199.40497336385306 ], [ 11453462.784043058753014, -359200.114088369591627 ], [ 11453483.630844101309776, -359206.380167717114091 ], [ 11453498.313884936273098, -359204.854901396669447 ], [ 11453516.747279416769743, -359185.14239698718302 ], [ 11453521.542923081666231, -359180.013578529178631 ], [ 11453533.211432104930282, -359141.92653393157525 ], [ 11453531.770957896485925, -359090.588206154236104 ], [ 11453522.813078463077545, -359075.72914014122216 ], [ 11453511.76684539578855, -359067.641224331979174 ], [ 11453504.788226518779993, -359062.531365499889944 ], [ 11453485.527728224173188, -359036.045509136107285 ], [ 11453478.916463667526841, -359022.056118250184227 ], [ 11453477.065220534801483, -359018.138152543397155 ], [ 11453475.604708814993501, -358976.912554059992544 ], [ 11453477.217728238552809, -358944.247619219589978 ], [ 11453479.209233926609159, -358933.345558550267015 ], [ 11453480.343579538166523, -358927.143046894634608 ], [ 11453478.534637814387679, -358914.719070320308674 ], [ 11453471.963448267430067, -358869.567744137952104 ], [ 11453458.110850837081671, -358843.094197348807938 ], [ 11453453.867351846769452, -358835.289497235382441 ], [ 11453449.643890364095569, -358827.520476280828007 ], [ 11453448.257962705567479, -358822.361570154957008 ], [ 11453442.743195133283734, -358801.838558626710437 ], [ 11453444.358440943062305, -358767.619424875068944 ], [ 11453451.524076567962766, -358747.653901371988468 ], [ 11453455.237694777548313, -358737.307107750733849 ], [ 11453459.775077220052481, -358733.185114908614196 ], [ 11453480.007394675165415, -358714.802834882983007 ], [ 11453500.92210060544312, -358688.401796316204127 ], [ 11453528.078490380197763, -358632.45667903998401 ], [ 11453523.258356425911188, -358618.553189435158856 ], [ 11453522.701758971437812, -358616.94765425811056 ], [ 11453524.227949196472764, -358617.38583156367531 ], [ 11453526.682543972507119, -358607.992336241470184 ], [ 11453528.233224475756288, -358602.058546481886879 ], [ 11453560.935551283881068, -358476.920545097615104 ], [ 11453572.292365739122033, -358433.459662013221532 ], [ 11453567.967603521421552, -358409.478136698890012 ], [ 11453563.857687920331955, -358386.688500888645649 ], [ 11453563.885517794638872, -358350.929742998210713 ], [ 11453564.81392234377563, -358342.458335238858126 ], [ 11453566.256622944027185, -358329.269565457419958 ], [ 11453572.921320861205459, -358296.080789565050509 ], [ 11453573.172902908176184, -358294.828698671597522 ], [ 11453574.989636996760964, -358289.004190538544208 ], [ 11453600.73449563421309, -358206.450962453091051 ], [ 11453620.286650998517871, -358129.542787009500898 ], [ 11453604.426963144913316, -358121.988999692373909 ], [ 11453581.536336254328489, -358111.08590299327625 ], [ 11453550.045165505260229, -358082.603393524652347 ], [ 11453538.26533698476851, -358071.947819419030566 ], [ 11453475.559067824855447, -358040.553072083566803 ], [ 11453429.997113432735205, -358017.742326198553201 ], [ 11453402.531255474314094, -358011.362587641517166 ], [ 11453350.177698951214552, -357999.200724210706539 ], [ 11453268.035046696662903, -358000.177419467072468 ], [ 11453256.936493463814259, -358001.830888735945337 ], [ 11453199.564654299989343, -358010.371397952898405 ], [ 11453099.132209703326225, -358029.686776513408404 ], [ 11453067.407268026843667, -358033.935848050517961 ], [ 11453066.041377872228622, -358033.062842790561263 ], [ 11453065.918926430866122, -358032.542161491699517 ], [ 11453065.183104595169425, -358029.411384060920682 ], [ 11453053.661537302657962, -358030.031295822176617 ], [ 11453029.772374577820301, -358016.222650593088474 ], [ 11453024.490264739841223, -358009.356794343795627 ], [ 11453005.917720893397927, -357985.213690917473286 ], [ 11452978.674501914530993, -357940.438471702160314 ], [ 11452976.621770502999425, -357935.389985729649197 ], [ 11452966.775561539456248, -357911.174426376237534 ], [ 11452951.146305037662387, -357893.268362042668741 ], [ 11452941.208814088255167, -357881.88251488894457 ], [ 11452910.505785338580608, -357857.739438509976026 ], [ 11452885.732745854184031, -357839.283713541459292 ], [ 11452960.255578968673944, -357834.651107400713954 ], [ 11452967.359988868236542, -357834.209588267607614 ], [ 11452972.801285577937961, -357833.866184499929659 ], [ 11453018.55025671236217, -357830.981815881095827 ], [ 11453116.974497692659497, -357824.776019558834378 ], [ 11453330.455224771052599, -357811.316377666371409 ], [ 11453490.932289499789476, -357794.467298712872434 ], [ 11453531.242190312594175, -357790.234960322093684 ], [ 11453766.073216490447521, -357758.974307297903579 ], [ 11454676.225492037832737, -357637.815135729324538 ], [ 11454692.78871906735003, -357630.010518365714233 ], [ 11454995.972918223589659, -357487.141517300333362 ], [ 11455002.679917542263865, -358039.122592112631537 ], [ 11455049.906098313629627, -358469.007719664892647 ], [ 11455127.523613272234797, -359175.554851540073287 ], [ 11455136.215439110994339, -359495.477599111502059 ], [ 11455138.609921358525753, -359583.643381099624094 ], [ 11455133.372339321300387, -359665.311213862034492 ], [ 11455113.979370826855302, -359967.655638946220279 ], [ 11455012.483825096860528, -360450.856042396451812 ], [ 11454969.504482896998525, -360655.470503060205374 ], [ 11454909.868405286222696, -360854.954210151219741 ], [ 11454785.433252088725567, -361271.192623817769345 ], [ 11454677.825153117999434, -361706.814364775607828 ], [ 11454645.171806884929538, -361839.00042682653293 ], [ 11454607.61149749904871, -361917.641585065925028 ], [ 11454557.36299254745245, -362022.849627925897948 ], [ 11454563.282963067293167, -362096.213670180353802 ], [ 11454572.86200524866581, -362214.916609047853854 ], [ 11454598.280475137755275, -362352.980167050089221 ], [ 11454619.87890538200736, -362470.294430250010919 ], [ 11454664.2511883713305, -362506.837217225169297 ], [ 11454771.58276972360909, -362595.230247410130687 ], [ 11454869.156529795378447, -362899.84842876897892 ], [ 11455038.606613403186202, -363428.861027399951126 ], [ 11455038.849957812577486, -363429.260755811235867 ], [ 11455043.327895643189549, -363436.615758827188984 ], [ 11455047.266713187098503, -363443.085338696197141 ], [ 11455048.972684381529689, -363445.887340466084424 ], [ 11455239.311091201379895, -363918.238829466979951 ], [ 11455239.452244317159057, -363918.589164799079299 ], [ 11455220.37119304202497, -363919.85882374731591 ], [ 11455220.302508914843202, -363919.863395280146506 ], [ 11455230.785131402313709, -363945.23762219940545 ], [ 11455285.209453094750643, -364076.977306781918742 ], [ 11455297.646511878818274, -364107.082553670858033 ], [ 11455298.053161980584264, -364108.067106883274391 ], [ 11455294.703558504581451, -364107.099278810783289 ], [ 11455293.207647187635303, -364106.766337032953743 ], [ 11455286.920990262180567, -364105.367000380705576 ], [ 11455264.12943771481514, -364098.816209571203217 ], [ 11455251.445472296327353, -364093.45636042021215 ], [ 11455231.263916529715061, -364084.898442457953934 ], [ 11455224.118652379140258, -364082.183729898533784 ], [ 11455221.519008308649063, -364081.923375289305113 ], [ 11455209.762445569038391, -364080.745814243680798 ], [ 11455194.688339361920953, -364081.464772065635771 ], [ 11455169.564977440983057, -364086.497699979925528 ], [ 11455150.184031452983618, -364091.530516620841809 ], [ 11455127.21414508856833, -364095.844375556684099 ], [ 11455093.476992290467024, -364098.001360846217722 ], [ 11455080.809502152726054, -364096.525980676116887 ], [ 11455077.240710601210594, -364096.110305248643272 ], [ 11455024.926227217540145, -364124.325616229325533 ], [ 11454839.564358234405518, -364224.298636142164469 ], [ 11454836.922190126031637, -364225.723619524913374 ], [ 11454831.225526502355933, -364228.796030933561269 ], [ 11454767.009097123518586, -364263.430492685525678 ], [ 11454766.156723786145449, -364261.800123830267694 ], [ 11454766.153829477727413, -364261.794660277839284 ], [ 11454729.820260878652334, -364279.027154086506926 ], [ 11454702.325459847226739, -364292.068323605170008 ], [ 11454684.766925245523453, -364300.476734420575667 ], [ 11454684.75501406006515, -364300.357651220168918 ], [ 11454601.119901392608881, -364339.662807190441526 ], [ 11454561.04466206394136, -364363.525619280175306 ], [ 11454554.665721284225583, -364367.241284837189596 ], [ 11454509.189482903108001, -364393.730625414522365 ], [ 11454497.552143337205052, -364395.462239299435169 ], [ 11454494.410707307979465, -364395.930544409377035 ], [ 11454482.891366397961974, -364397.645433151279576 ], [ 11454479.90800404548645, -364396.887224864098243 ], [ 11454477.618050800636411, -364396.305969013017602 ], [ 11454474.970984628424048, -364395.633951176889241 ], [ 11454470.020718194544315, -364399.823051980347373 ], [ 11454463.248374335467815, -364405.553991906985175 ], [ 11454463.131711509078741, -364405.320396835042629 ], [ 11454463.365259800106287, -364405.115569079935085 ], [ 11454463.29724358767271, -364404.977307557070162 ], [ 11454334.871731923893094, -364509.791185656446032 ], [ 11454258.956737261265516, -364536.397636442852672 ], [ 11454248.38951195590198, -364540.101265601930209 ], [ 11454246.611851008608937, -364540.724335213308223 ], [ 11454215.695200154557824, -364536.753883284982294 ], [ 11454152.671447798609734, -364523.652139982907102 ], [ 11454050.010275680571795, -364489.905148027115501 ], [ 11453960.429477689787745, -364490.302204193838406 ], [ 11453923.116965489462018, -364505.112478398077656 ], [ 11453826.843417068943381, -364543.325773515680339 ], [ 11453811.890983069315553, -364550.637252736371011 ], [ 11453765.118763176724315, -364609.793652230699081 ], [ 11453763.267854, -364615.995807992236223 ], [ 11453761.425405109301209, -364621.843724019941874 ], [ 11453742.39934566244483, -364682.233033335360233 ], [ 11453719.06177101098001, -364756.307632057811134 ], [ 11453720.725552123039961, -364757.614542047784198 ], [ 11453734.116952903568745, -364768.133601462526713 ], [ 11453736.679193627089262, -364770.146205161581747 ], [ 11453737.213415859267116, -364770.669705129577778 ], [ 11453756.773363586515188, -364789.835715342895128 ], [ 11453801.582130303606391, -364834.583439212699886 ], [ 11453861.601703552529216, -364871.195794270839542 ], [ 11453867.753552576526999, -364874.982837795338128 ], [ 11453879.076637221500278, -364881.953255023690872 ], [ 11453986.890677245333791, -364920.067665559239686 ], [ 11454045.554156467318535, -364940.712883782049175 ], [ 11454052.688956588506699, -364947.85936640354339 ], [ 11454056.652709694579244, -364958.181977611384355 ], [ 11454057.115687457844615, -364965.138350807887036 ], [ 11454057.3689392991364, -364968.944018324778881 ], [ 11454057.280662944540381, -364968.944687334878836 ], [ 11454055.517584847286344, -364981.895286441082135 ], [ 11454054.435782035812736, -364984.06232399615692 ], [ 11454044.002140123397112, -365003.882775060890708 ], [ 11454033.49814429320395, -365016.19057013472775 ], [ 11454020.522299168631434, -365037.733730609179474 ], [ 11454019.39340821094811, -365039.174892133567482 ], [ 11453962.167174940928817, -365071.019381831574719 ], [ 11453919.506874399259686, -365094.758360086532775 ], [ 11453832.304306011646986, -365115.4037221352919 ], [ 11453805.964333372190595, -365114.905865996552166 ], [ 11453805.879730561748147, -365114.354934936156496 ], [ 11453806.019770480692387, -365114.358726000064053 ], [ 11453806.007302697747946, -365114.274653542845044 ], [ 11453747.938380884006619, -365113.282063317776192 ], [ 11453679.960020637139678, -365099.38624718063511 ], [ 11453646.862620949745178, -365092.239754853420891 ], [ 11453597.363073533400893, -365090.480477682722267 ], [ 11453584.97176705673337, -365089.827187987917569 ], [ 11453570.34037846326828, -365089.055817774613388 ], [ 11453528.544696412980556, -365086.28432634472847 ], [ 11453465.781876944005489, -365096.060144955408759 ], [ 11453465.781097710132599, -365096.036283544031903 ], [ 11453378.578640641644597, -365109.634389114449732 ], [ 11453282.65574861690402, -365152.513133638247382 ], [ 11453238.261758329346776, -365197.376965048082639 ], [ 11453185.161693304777145, -365275.507571412774269 ], [ 11453142.855611383914948, -365337.756198475603014 ], [ 11453098.500805553048849, -365365.460920194687787 ], [ 11453095.860641190782189, -365367.110037541191559 ], [ 11453012.257365891709924, -365419.330203840101603 ], [ 11452947.594100084155798, -365420.354909431363922 ], [ 11452934.907017720863223, -365422.794578492583241 ], [ 11452912.39053563773632, -365427.12632922665216 ], [ 11452879.179478751495481, -365433.515408209466841 ], [ 11452879.001924160867929, -365433.201640863728244 ], [ 11452879.021961672231555, -365433.197738288145047 ], [ 11452878.245174266397953, -365431.72468202165328 ], [ 11452871.933693092316389, -365419.755250384565443 ], [ 11452871.589938508346677, -365419.103296785790008 ], [ 11452871.372642863541842, -365419.0488836914883 ], [ 11452811.714190037921071, -365309.014179323916323 ], [ 11452811.761278178542852, -365308.910147840739228 ], [ 11452810.744819913059473, -365307.246313071751501 ], [ 11452709.422932587563992, -365363.199878892861307 ], [ 11452634.156707914546132, -365404.76455568743404 ], [ 11452584.690556347370148, -365432.081489227595739 ], [ 11452531.872686229646206, -365461.249478832702152 ], [ 11452493.436737731099129, -365485.468892113945913 ], [ 11452490.963886559009552, -365487.027136852964759 ], [ 11452490.112403774634004, -365487.49020593368914 ], [ 11452472.973098371177912, -365496.812579802644905 ], [ 11452467.291462885215878, -365499.902978073689155 ], [ 11452465.030341386795044, -365509.436203888442833 ], [ 11452460.323864635080099, -365524.981859833525959 ], [ 11452455.673492906615138, -365531.660293026070576 ], [ 11452449.510289302095771, -365535.701026845315937 ], [ 11452436.735598495230079, -365540.078497941140085 ], [ 11452421.297254910692573, -365544.07775318750646 ], [ 11452417.237321764230728, -365545.129443498444743 ], [ 11452399.92424663901329, -365550.685383519739844 ], [ 11452387.934024283662438, -365553.772103707655333 ], [ 11452382.427049078047276, -365555.297121696756221 ], [ 11452369.55317260324955, -365553.6947210606304 ], [ 11452369.151865843683481, -365553.395560191420373 ], [ 11452356.396989908069372, -365550.172807121183723 ], [ 11452337.979180155321956, -365545.915535176289268 ], [ 11452332.514617670327425, -365540.441995641042013 ], [ 11452316.12081890180707, -365528.683849274064414 ], [ 11452300.637724883854389, -365528.075715460232459 ], [ 11452298.380722207948565, -365528.61516382440459 ], [ 11452291.732388259842992, -365530.204295321018435 ], [ 11452291.481808084994555, -365536.843368492205627 ], [ 11452291.451417861506343, -365536.879606761795003 ], [ 11452291.675615318119526, -365544.848792039381806 ], [ 11452297.502634067088366, -365564.828010694414843 ], [ 11452297.45877418294549, -365565.51932549016783 ], [ 11452297.924423618242145, -365566.561872802907601 ], [ 11452298.531560117378831, -365579.333579978672788 ], [ 11452297.317175794392824, -365597.376119303749874 ], [ 11452292.662128647789359, -365615.215950117621105 ], [ 11452291.519656708464026, -365620.892204770469107 ], [ 11452291.450972588732839, -365621.233179237984587 ], [ 11452291.397205272689462, -365621.500450592197012 ], [ 11452291.356573659926653, -365621.51996351586422 ], [ 11452289.714611170813441, -365626.505460824351758 ], [ 11452282.766939107328653, -365640.255162955669221 ], [ 11452279.797380371019244, -365645.867304966144729 ], [ 11452275.483082188293338, -365650.749886587494984 ], [ 11452272.590890495106578, -365651.698438118968625 ], [ 11452269.151786150410771, -365652.826397136261221 ], [ 11452265.846042549237609, -365652.882482876884751 ], [ 11452253.40753660723567, -365649.45913398207631 ], [ 11452240.913036959245801, -365646.372411142569035 ], [ 11452228.586518423631787, -365641.321460994717199 ], [ 11452217.884930497035384, -365637.61746076901909 ], [ 11452217.825263254344463, -365637.591369197063614 ], [ 11452209.144346717745066, -365633.801177696674131 ], [ 11452194.576744196936488, -365629.479900147998706 ], [ 11452182.138238254934549, -365621.903531918185763 ], [ 11452165.2733353972435, -365615.898456525348593 ], [ 11452148.968814859166741, -365609.556755622732453 ], [ 11452137.594857206568122, -365606.077210834890138 ], [ 11452122.242897551506758, -365603.215055081236642 ], [ 11452101.904158670455217, -365603.832444003608543 ], [ 11452086.216014152392745, -365604.842544470040593 ], [ 11452068.902939025312662, -365604.898741694050841 ], [ 11452052.725211389362812, -365608.164090274949558 ], [ 11452046.659301014617085, -365609.388386952632573 ], [ 11452024.919828973710537, -365616.010739483230282 ], [ 11452003.964936707168818, -365622.576895174453966 ], [ 11451982.393557105213404, -365630.153374951507431 ] ] ] ] } },
{ "type": "Feature", "properties": { "fid": 40682, "kdkab": "74", "kdkec": "021", "nmkab": "LUBUKLINGGAU", "nmkec": "LUBUK LINGGAU SELATAN I", "kddesa": "002", "kdprov": "16", "nmdesa": "PERUMNAS RAHMA", "nmprov": "SUMATERA SELATAN", "iddesa": "1674021002" }, "geometry": { "type": "MultiPolygon", "coordinates": [ [ [ [ 11456703.657098950818181, -368064.665679494501092 ], [ 11456697.311442699283361, -368089.885525267687626 ], [ 11456698.701600497588515, -368169.255091430619359 ], [ 11456729.284515522420406, -368337.741507237718906 ], [ 11456761.257477033883333, -368495.08857374440413 ], [ 11456769.189547346904874, -368538.426578383659944 ], [ 11456701.48180478438735, -368536.165918455517385 ], [ 11456162.110596736893058, -368488.822531891695689 ], [ 11455799.286201158538461, -368459.580933613353409 ], [ 11455229.332078091800213, -368408.060258885496296 ], [ 11454943.797695524990559, -368382.709321925416589 ], [ 11454909.368358131498098, -368417.223537074751221 ], [ 11454876.878317594528198, -368348.066775094077457 ], [ 11454759.440596263855696, -368021.479395618196577 ], [ 11454702.536187643185258, -367840.982289138250053 ], [ 11454675.998066317290068, -367756.804992036195472 ], [ 11454632.73151982948184, -367580.355815438670106 ], [ 11454566.286585569381714, -367461.175284626020584 ], [ 11454499.841539982706308, -367337.351513980422169 ], [ 11454444.213186686858535, -367256.866165095823817 ], [ 11454440.130989637225866, -367254.237567873089574 ], [ 11454510.49526053480804, -367207.784197199041955 ], [ 11454627.160313272848725, -367134.264036979933735 ], [ 11454681.243440721184015, -367101.760414464515634 ], [ 11454729.1456647682935, -367083.960709501174279 ], [ 11454800.226276580244303, -367072.352261135820299 ], [ 11454849.673726474866271, -367066.935067412501667 ], [ 11454933.888925012201071, -367083.186872375023086 ], [ 11454946.250731825828552, -367045.265960662683938 ], [ 11454970.974456772208214, -366979.484829400549643 ], [ 11454999.561302008107305, -366939.242221732682083 ], [ 11455025.057584220543504, -366919.121034876268823 ], [ 11455036.646833760663867, -366909.060387064702809 ], [ 11455072.187139676883817, -366900.547523356450256 ], [ 11455132.451281849294901, -366903.643089810095262 ], [ 11455256.069795267656446, -366911.38200631889049 ], [ 11455257.615021115168929, -366905.19087306613801 ], [ 11455239.072310894727707, -366791.42835925455438 ], [ 11455235.981859190389514, -366767.437689998769201 ], [ 11455247.570997420698404, -366753.50765872374177 ], [ 11455317.608990887179971, -366689.790518860449083 ], [ 11455391.054362650960684, -366622.973508197173942 ], [ 11455391.482831368222833, -366622.530951022868976 ], [ 11455391.512219714000821, -366622.666650713654235 ], [ 11455425.571531116962433, -366599.151691506966017 ], [ 11455439.579975839704275, -366597.258363413624465 ], [ 11455444.207527071237564, -366596.633944260480348 ], [ 11455456.552858598530293, -366605.788375401229132 ], [ 11455456.890156658366323, -366606.038143077632412 ], [ 11455460.178534410893917, -366622.095753075962421 ], [ 11455461.082448678091168, -366626.50794448814122 ], [ 11455461.079109096899629, -366627.890587273461279 ], [ 11455460.98114794306457, -366675.10227353341179 ], [ 11455545.477094233036041, -366765.650956462544855 ], [ 11455553.147007146850228, -366747.736791239876766 ], [ 11455555.68843112513423, -366741.800341256544925 ], [ 11455557.04207613132894, -366740.373095623974223 ], [ 11455571.814172558486462, -366724.783783431630582 ], [ 11455590.514733819290996, -366691.574686590698548 ], [ 11455653.433623211458325, -366644.475611831876449 ], [ 11455657.520161719992757, -366641.415956713317428 ], [ 11455679.589250767603517, -366616.739127691311296 ], [ 11455705.020188439637423, -366604.857321770396084 ], [ 11455715.543219907209277, -366610.181610586121678 ], [ 11455728.706749686971307, -366616.842825890344102 ], [ 11455733.993312310427427, -366625.245725444867276 ], [ 11455740.524426832795143, -366635.623351874761283 ], [ 11455725.053244, -366744.716159531089943 ], [ 11455717.286483127623796, -366754.05904391448712 ], [ 11455708.073682069778442, -366765.141385061724577 ], [ 11455676.355419557541609, -366786.994975599984173 ], [ 11455653.797637943178415, -366802.538580041204114 ], [ 11455647.840931992977858, -366816.166554099530913 ], [ 11455647.815328506752849, -366828.464291251963004 ], [ 11455647.7663479372859, -366851.972608795796987 ], [ 11455685.629446338862181, -366906.755493413074873 ], [ 11455702.645743703469634, -366931.375519978289958 ], [ 11455717.882042402401567, -366934.8176409737207 ], [ 11455750.087884286418557, -366922.950296502327546 ], [ 11455774.652756318449974, -366919.591803679533768 ], [ 11455782.902643783017993, -366923.92037911148509 ], [ 11455797.49328944273293, -366931.576226739794947 ], [ 11455801.716750923544168, -366958.042761430493556 ], [ 11455803.344241874292493, -366968.247588088968769 ], [ 11455801.534186953678727, -367024.511301211721729 ], [ 11455820.101164827123284, -367055.242881412792485 ], [ 11455830.315841300413013, -367061.736867591156624 ], [ 11455849.701017430052161, -367074.061392885807436 ], [ 11455873.498898172751069, -367074.111569642205723 ], [ 11455874.26032348535955, -367074.112684682011604 ], [ 11455889.562300693243742, -367046.011475542676635 ], [ 11455914.170587327331305, -367022.192021165974438 ], [ 11455918.343955038115382, -367019.203718103759456 ], [ 11455937.917261105030775, -367005.191030901274644 ], [ 11455965.052500179037452, -366988.197848508076277 ], [ 11455983.70630724914372, -366977.153396383218933 ], [ 11455994.199282452464104, -366974.460579601058271 ], [ 11456013.361819600686431, -366969.543262171326205 ], [ 11456025.150553675368428, -366969.568908038840163 ], [ 11456039.614295108243823, -366969.599014068138786 ], [ 11456073.178457420319319, -366950.91945400997065 ], [ 11456093.028726378455758, -366939.872106496128254 ], [ 11456121.366215957328677, -366925.366582737362478 ], [ 11456131.177915876731277, -366920.344453955360223 ], [ 11456187.973120074719191, -366893.18326009233715 ], [ 11456237.0961849745363, -366890.729063296457753 ], [ 11456270.862726116552949, -366930.297278664715122 ], [ 11456269.443959206342697, -366931.172806145390496 ], [ 11456317.775319883599877, -367000.33180559676839 ], [ 11456340.620083145797253, -367064.403148567362223 ], [ 11456341.744855282828212, -367067.136443441791926 ], [ 11456341.8611841481179, -367067.419105815002695 ], [ 11456386.925540413707495, -367092.753908130980562 ], [ 11456396.808484805747867, -367093.309197641036008 ], [ 11456414.033951489254832, -367094.277832191204652 ], [ 11456452.924640115350485, -367096.464758581365459 ], [ 11456506.83555630967021, -367099.226710761722643 ], [ 11456511.118017118424177, -367099.446373489976395 ], [ 11456520.43456794694066, -367105.157381655764766 ], [ 11456525.642316360026598, -367108.349627725896426 ], [ 11456534.510694917291403, -367113.785779143450782 ], [ 11456550.066480562090874, -367143.82828953943681 ], [ 11456569.855746438726783, -367173.854082471458241 ], [ 11456591.814629193395376, -367170.823403803340625 ], [ 11456605.37111677788198, -367168.952366756857373 ], [ 11456616.409557484090328, -367162.809611864970066 ], [ 11456630.951222566887736, -367154.716652680013794 ], [ 11456672.834067787975073, -367151.232153349614237 ], [ 11456684.466954572126269, -367150.619996514811646 ], [ 11456699.236824613064528, -367149.842813808121718 ], [ 11456711.371539663523436, -367149.204565054154955 ], [ 11456738.138533866032958, -367147.796715877833776 ], [ 11456780.352554567158222, -367145.629524672753178 ], [ 11456788.504592197015882, -367421.43995801435085 ], [ 11456807.940530013293028, -367446.009810397052206 ], [ 11456802.961431825533509, -367675.981256845174357 ], [ 11456842.3312395401299, -367733.404419069644064 ], [ 11456842.580261239781976, -367733.767700933909509 ], [ 11456839.908816097304225, -367737.78153075533919 ], [ 11456776.500677544623613, -367833.051742720359471 ], [ 11456775.853911302983761, -367834.023617362196092 ], [ 11456750.426647178828716, -367914.638173506769817 ], [ 11456703.109407059848309, -368064.653302448918112 ], [ 11456703.657098950818181, -368064.665679494501092 ] ] ] ] } },
{ "type": "Feature", "properties": { "fid": 40116, "kdkab": "74", "kdkec": "011", "nmkab": "LUBUKLINGGAU", "nmkec": "LUBUK LINGGAU BARAT I", "kddesa": "011", "kdprov": "16", "nmdesa": "MUARA ENIM", "nmprov": "SUMATERA SELATAN", "iddesa": "1674011011" }, "geometry": { "type": "MultiPolygon", "coordinates": [ [ [ [ 11450359.848971959203482, -369602.15907233802136 ], [ 11450360.116695331409574, -369602.210365300881676 ], [ 11450331.00186175480485, -369468.033733529562596 ], [ 11450327.866770932450891, -369456.032421216194052 ], [ 11450309.826445575803518, -369386.974137526354752 ], [ 11450296.184241976588964, -369359.357392732461449 ], [ 11450266.299411481246352, -369298.859718794585206 ], [ 11450253.956306340172887, -369280.826946986198891 ], [ 11450233.450142942368984, -369250.870384885289241 ], [ 11450260.720412559807301, -369232.217089612095151 ], [ 11450383.641064086928964, -369142.268186556582805 ], [ 11450417.481855330988765, -369109.37961307761725 ], [ 11450463.09490535967052, -369065.049985352903605 ], [ 11450494.482103710994124, -369041.967707766918465 ], [ 11450499.535674635320902, -369037.127795045496896 ], [ 11450530.503198500722647, -369016.591871016891673 ], [ 11450542.02810538187623, -369008.949148355692159 ], [ 11450545.440381735563278, -369006.686360188177787 ], [ 11450545.310471883043647, -369006.328426422143821 ], [ 11450539.494807727634907, -368990.308828661625739 ], [ 11450530.386646993458271, -368966.205062018183526 ], [ 11450491.336103580892086, -368862.861864098056685 ], [ 11450532.954787645488977, -368797.649557979137171 ], [ 11450561.732657125219703, -368710.083771074481774 ], [ 11450564.465995900332928, -368701.76668413070729 ], [ 11450583.788944432511926, -368644.594352536310907 ], [ 11450583.785493526607752, -368644.550976906553842 ], [ 11450582.753784488886595, -368631.565383870678488 ], [ 11450572.234649207442999, -368499.1702264296473 ], [ 11450570.331308552995324, -368475.213753975287545 ], [ 11450570.201064748689532, -368473.574960446450859 ], [ 11450570.114235546439886, -368472.481873911747243 ], [ 11450569.573222821578383, -368471.769354998890776 ], [ 11450545.885437054559588, -368364.133557915512938 ], [ 11450537.716478863731027, -368324.429797663120553 ], [ 11450537.221663726493716, -368322.025300460751168 ], [ 11450536.5585335213691, -368308.390116359340027 ], [ 11450527.678132461383939, -368125.801266337453853 ], [ 11450527.382913174107671, -368125.154314570652787 ], [ 11450526.86973031796515, -368124.029675581667107 ], [ 11450516.604626113548875, -368101.532883965934161 ], [ 11450497.876234982162714, -368063.269303687731735 ], [ 11450454.689838528633118, -368012.544623638794292 ], [ 11450448.743930567055941, -368005.56074099073885 ], [ 11450444.028436936438084, -368000.022072886873502 ], [ 11450443.623345309868455, -367999.546281773073133 ], [ 11450443.241408139467239, -367998.595145572442561 ], [ 11450416.422539051622152, -367931.803438292467035 ], [ 11450423.8697016723454, -367918.721811855095439 ], [ 11450424.733429597690701, -367917.204678251000587 ], [ 11450426.530014863237739, -367914.048870926199015 ], [ 11450427.767776276916265, -367911.374987189716194 ], [ 11450430.754478216171265, -367905.636841825267766 ], [ 11450431.746780157089233, -367903.750850736163557 ], [ 11450444.710491456091404, -367889.005465692782309 ], [ 11450445.12716031447053, -367888.532462676346768 ], [ 11450445.268758703023195, -367888.372676411876455 ], [ 11450459.122914610430598, -367861.727735083259176 ], [ 11450459.137942740693688, -367861.699412893154658 ], [ 11450459.404107645153999, -367861.38285107514821 ], [ 11450461.672687551006675, -367858.684437572606839 ], [ 11450470.656059134751558, -367847.645250942674465 ], [ 11450479.091516189277172, -367837.279219079646282 ], [ 11450481.231410760432482, -367834.649604550097138 ], [ 11450483.307185303419828, -367832.098935378948227 ], [ 11450490.697241021320224, -367823.017661575111561 ], [ 11450491.213206864893436, -367822.383646120491903 ], [ 11450491.95682105794549, -367821.812630797037855 ], [ 11450494.696616366505623, -367814.918298409786075 ], [ 11450498.545376444235444, -367805.233228418568615 ], [ 11450498.669942954555154, -367804.919900393753778 ], [ 11450508.407392773777246, -367785.954301745456178 ], [ 11450509.100133961066604, -367784.600189706252422 ], [ 11450509.099911322817206, -367784.594168457493652 ], [ 11450510.44286965765059, -367781.967454293742776 ], [ 11450511.196168651804328, -367780.493474847753532 ], [ 11450511.202291229739785, -367780.491690773866139 ], [ 11450511.378955259919167, -367780.145468958478887 ], [ 11450516.600618615746498, -367769.886264825530816 ], [ 11450522.98412349075079, -367757.444805349514354 ], [ 11450524.964051954448223, -367753.532555493526161 ], [ 11450526.83043453656137, -367749.880222945066635 ], [ 11450526.842679683119059, -367749.877769844897557 ], [ 11450529.553865881636739, -367744.614642329863273 ], [ 11450529.592382421717048, -367744.539934263331816 ], [ 11450529.644145989790559, -367744.592118403350469 ], [ 11450529.703479276970029, -367744.658798143151216 ], [ 11450529.81914022564888, -367744.789146986964624 ], [ 11450529.821477934718132, -367744.791711590311024 ], [ 11450529.969532862305641, -367744.960083497746382 ], [ 11450530.103004930540919, -367745.108384584949818 ], [ 11450532.22063560411334, -367747.451207219914068 ], [ 11450532.921169159933925, -367748.227167573350016 ], [ 11450534.707179071381688, -367750.202694187813904 ], [ 11450534.710407333448529, -367750.203697724849917 ], [ 11450535.404261723160744, -367750.975866943888832 ], [ 11450536.450998893007636, -367752.134176524996292 ], [ 11450536.453670557588339, -367752.140755295346025 ], [ 11450536.467585498467088, -367752.156142929685302 ], [ 11450537.982643768191338, -367753.810201903339475 ], [ 11450543.197627948597074, -367759.575769529445097 ], [ 11450555.400804489850998, -367773.075742423592601 ], [ 11450555.412604356184602, -367773.082321195222903 ], [ 11450577.080497963353992, -367785.275573150138371 ], [ 11450603.22332377359271, -367800.23848991736304 ], [ 11450617.720461064949632, -367808.084178953082301 ], [ 11450644.445265175774693, -367822.547334949194919 ], [ 11450650.368575276806951, -367825.753428259573411 ], [ 11450650.413437033072114, -367825.777290256984998 ], [ 11450650.264380235224962, -367825.901394938176963 ], [ 11450656.496379293501377, -367829.369301286118571 ], [ 11450664.18376936390996, -367835.030392977583688 ], [ 11450687.17191213555634, -367816.468324483430479 ], [ 11450727.333869339898229, -367810.087248288211413 ], [ 11450756.605440760031343, -367809.558939303271472 ], [ 11450759.952817853540182, -367802.592352674517315 ], [ 11450760.017494475468993, -367802.457655083795544 ], [ 11450762.22028455697, -367801.099863184499554 ], [ 11450767.218974970281124, -367798.018544265127275 ], [ 11450767.23856720328331, -367797.796650057949591 ], [ 11450781.135358473286033, -367788.64925682451576 ], [ 11450782.043391562998295, -367790.851473057991825 ], [ 11450782.13322639092803, -367791.069464592903387 ], [ 11450782.422100471332669, -367791.194126758782659 ], [ 11450782.439911590889096, -367791.201820572197903 ], [ 11450782.85502196662128, -367790.980037882225588 ], [ 11450810.005289178341627, -367874.699522646376863 ], [ 11450810.115050192922354, -367874.756724563543685 ], [ 11450823.115719567984343, -367923.713991094147786 ], [ 11450829.419853651896119, -367926.096959214599337 ], [ 11450829.501339517533779, -367926.127734531473834 ], [ 11450842.332024022936821, -367971.202649517450482 ], [ 11450842.898306276649237, -367973.192229713429697 ], [ 11450849.766384897753596, -367997.320533870602958 ], [ 11450852.296231646090746, -368007.424767359218094 ], [ 11450857.133286159485579, -368026.744097360409796 ], [ 11450890.515329778194427, -368183.480231413210277 ], [ 11450902.778952803462744, -368241.060656083340291 ], [ 11450903.946137666702271, -368250.491867147444282 ], [ 11450903.387425141409039, -368266.160897098947316 ], [ 11450903.371172497048974, -368266.616729948553257 ], [ 11450933.33804546110332, -368330.113773241988383 ], [ 11450930.620625369250774, -368337.054858398274519 ], [ 11450931.768774596974254, -368340.284828725853004 ], [ 11450935.863773386925459, -368351.805766912817489 ], [ 11450943.075495274737477, -368373.759913592832163 ], [ 11450945.281068343669176, -368380.289770252362359 ], [ 11450945.286523004993796, -368380.285421550623141 ], [ 11450945.765753412619233, -368381.931350030819885 ], [ 11450945.798815300688148, -368382.050326099386439 ], [ 11450947.423968547955155, -368386.997478132951073 ], [ 11450954.440881328657269, -368412.522141251945868 ], [ 11450967.366521362215281, -368442.115972244879231 ], [ 11450997.001328285783529, -368507.283689365081955 ], [ 11450998.69772600568831, -368511.014100659755059 ], [ 11451000.168924396857619, -368514.218429845059291 ], [ 11451000.682329887524247, -368515.337720545416232 ], [ 11451000.683999676257372, -368515.342961298592854 ], [ 11451003.486801819875836, -368521.610900244908407 ], [ 11451010.94465110450983, -368538.295894085720647 ], [ 11451015.992544731125236, -368545.306683175964281 ], [ 11451022.013927306979895, -368553.669475548958872 ], [ 11451022.222985314205289, -368553.959724075742997 ], [ 11451024.694834606721997, -368557.575174890691414 ], [ 11451026.819033129140735, -368560.673352283192798 ], [ 11451031.158378198742867, -368566.924456485488918 ], [ 11451034.129606729373336, -368571.352559123071842 ], [ 11451034.257178865373135, -368571.542675841075834 ], [ 11451034.803980203345418, -368572.413979098782875 ], [ 11451037.950202971696854, -368577.426816344377585 ], [ 11451072.784631991758943, -368611.920575295342132 ], [ 11451072.837954027578235, -368611.997737066994887 ], [ 11451072.8684555683285, -368612.042004724382423 ], [ 11451078.676772637292743, -368620.456206172762904 ], [ 11451088.771224066615105, -368626.130719002627302 ], [ 11451088.96636713296175, -368626.426654501701705 ], [ 11451089.115201285108924, -368626.652564569783863 ], [ 11451090.597976909950376, -368628.902744832215831 ], [ 11451127.993199491873384, -368652.972986207576469 ], [ 11451194.435350762680173, -368704.916827151202597 ], [ 11451219.915491649881005, -368716.592127041600179 ], [ 11451305.133901439607143, -368755.640152295818552 ], [ 11451314.844857219606638, -368760.089894583448768 ], [ 11451370.401966042816639, -368785.546848465455696 ], [ 11451569.768494887277484, -368879.30260045506293 ], [ 11451595.621444748714566, -368903.545953319349792 ], [ 11451645.138246685266495, -368913.43160686903866 ], [ 11451668.350586907938123, -368934.945528846932575 ], [ 11451695.03275565430522, -368985.087456787470728 ], [ 11451699.856229189783335, -368994.151765659626108 ], [ 11451702.249598242342472, -369000.94358621921856 ], [ 11451741.40099710971117, -369112.057651520823129 ], [ 11451744.772530529648066, -369121.62642379902536 ], [ 11451780.680858671665192, -369235.432813349121716 ], [ 11451800.617066280916333, -369288.461771547910757 ], [ 11451816.627035446465015, -369331.043741254892666 ], [ 11451866.188699139282107, -369399.388126937905326 ], [ 11451880.201596640050411, -369424.200499064230826 ], [ 11451884.195739965885878, -369431.27111179206986 ], [ 11451924.777260338887572, -369472.30208377353847 ], [ 11451958.571631351485848, -369498.588586172903888 ], [ 11452042.073494590818882, -369563.539935627835803 ], [ 11452135.584093248471618, -369631.836517682881095 ], [ 11452204.498650409281254, -369682.169438654033002 ], [ 11452278.480470800772309, -369737.181198851496447 ], [ 11452357.896908720955253, -369796.231757143104915 ], [ 11452448.099092112854123, -369878.3118292898871 ], [ 11452452.340364716947079, -369884.031009534257464 ], [ 11452515.687834145501256, -369969.442970889271237 ], [ 11452560.69207788258791, -370055.975642934150528 ], [ 11452578.593365198001266, -370137.899798964266665 ], [ 11452596.299843402579427, -370310.80936602858128 ], [ 11452596.415615675970912, -370311.480639173765667 ], [ 11452623.083312885835767, -370465.541279559955001 ], [ 11452645.387286061421037, -370602.067586042336188 ], [ 11452656.57155530154705, -370637.990835879987571 ], [ 11452672.315470883622766, -370688.561728228582069 ], [ 11452685.824091095477343, -370711.337147632671986 ], [ 11452702.65448490716517, -370736.871269726834726 ], [ 11452721.858210260048509, -370766.005979009903967 ], [ 11452771.449930213391781, -370820.704944675031584 ], [ 11452868.293434429913759, -370880.184274473693222 ], [ 11452897.814250193536282, -370898.315435194293968 ], [ 11453168.831569282338023, -370953.491720223799348 ], [ 11453317.252733163535595, -370988.878732216835488 ], [ 11453187.767014667391777, -371014.357164898014162 ], [ 11453049.926768384873867, -371069.800012222491205 ], [ 11452465.704269582405686, -371304.79097505036043 ], [ 11452116.526196422055364, -371599.33352638897486 ], [ 11451877.615644866600633, -371930.695957947231364 ], [ 11451785.726971194148064, -372188.422119521070272 ], [ 11451711.839327095076442, -372311.777430798509158 ], [ 11451675.459449583664536, -372372.513721644587349 ], [ 11451669.7930648624897, -372376.006749351799954 ], [ 11451490.490538405254483, -372486.534901522449218 ], [ 11451436.548898028209805, -372519.786334354255814 ], [ 11451401.018054278567433, -372522.159031671180855 ], [ 11451398.604091122746468, -372522.320274285797495 ], [ 11451291.629288731142879, -372529.464125226950273 ], [ 11451160.882877001538873, -372538.19542489037849 ], [ 11451047.014058550819755, -372496.172323049104307 ], [ 11450811.704803843051195, -372409.33185622759629 ], [ 11450537.430276453495026, -372426.503174732904881 ], [ 11450540.222169283777475, -372419.321974895487074 ], [ 11450588.834277713671327, -372177.369340549572371 ], [ 11450608.115926716476679, -371345.634197267587297 ], [ 11450591.592774694785476, -371126.577638235583436 ], [ 11450565.616371521726251, -370782.20803861762397 ], [ 11450522.216241646558046, -370533.313221539312508 ], [ 11450400.779924212023616, -369836.891659272660036 ], [ 11450359.848971959203482, -369602.15907233802136 ] ] ] ] } },
{ "type": "Feature", "properties": { "fid": 40757, "kdkab": "74", "kdkec": "032", "nmkab": "LUBUKLINGGAU", "nmkec": "LUBUK LINGGAU TIMUR II", "kddesa": "003", "kdprov": "16", "nmdesa": "JAWA KANAN", "nmprov": "SUMATERA SELATAN", "iddesa": "1674032003" }, "geometry": { "type": "MultiPolygon", "coordinates": [ [ [ [ 11451270.857628347352147, -366711.361098592868075 ], [ 11451242.754243660718203, -366707.712033973191865 ], [ 11451234.21258781477809, -366706.602908350992948 ], [ 11451234.2944076359272, -366706.327048619627021 ], [ 11451236.236042194068432, -366699.781568605219945 ], [ 11451236.463801873847842, -366699.013866849592887 ], [ 11451236.207210447639227, -366698.453115634154528 ], [ 11451225.582766927778721, -366666.884800508967601 ], [ 11451216.476053342223167, -366640.056283477286343 ], [ 11451216.11894041672349, -366631.113371565530542 ], [ 11451216.002500232309103, -366628.548123125743587 ], [ 11451215.67254925891757, -366621.276314254791941 ], [ 11451215.703273441642523, -366621.24364374880679 ], [ 11451217.477928765118122, -366619.357563002151437 ], [ 11451227.368331559002399, -366608.845687959634233 ], [ 11451228.08255741558969, -366586.04145440668799 ], [ 11451228.171835644170642, -366581.391204827872571 ], [ 11451255.848978003486991, -366549.375794446910731 ], [ 11451279.865601543337107, -366521.563511778658722 ], [ 11451282.276113798841834, -366518.791204159555491 ], [ 11451260.937948524951935, -366504.035521932702977 ], [ 11451260.491557367146015, -366503.67781925998861 ], [ 11451259.945201307535172, -366502.099935696984176 ], [ 11451255.1347521468997, -366488.206733792787418 ], [ 11451247.188766894862056, -366465.849541683506686 ], [ 11451227.279053328558803, -366409.778008658031467 ], [ 11451222.805790912359953, -366397.323321322503034 ], [ 11451220.602110272273421, -366395.034048746223561 ], [ 11451220.193901700899005, -366394.610002008208539 ], [ 11451229.587040329352021, -366389.020345883036498 ], [ 11451234.893083859235048, -366385.863355500390753 ], [ 11451235.135982990264893, -366385.718847343407106 ], [ 11451235.799558473750949, -366385.324014489189722 ], [ 11451251.385623015463352, -366376.050293088599574 ], [ 11451253.338166890665889, -366374.891774863586761 ], [ 11451254.587171575054526, -366374.151393638574518 ], [ 11451254.653963269665837, -366374.11236752057448 ], [ 11451313.006527146324515, -366339.401427886448801 ], [ 11451320.166596798226237, -366335.967130562756211 ], [ 11451336.215527784079313, -366328.266722727159504 ], [ 11451336.22332014888525, -366328.263377630035393 ], [ 11451367.236151043325663, -366313.385513260553125 ], [ 11451402.46064355969429, -366296.487214355787728 ], [ 11451402.668254410848022, -366296.482531223678961 ], [ 11451423.256571590900421, -366296.02101981715532 ], [ 11451462.891542330384254, -366295.132451476063579 ], [ 11451466.698668917641044, -366295.047709103266243 ], [ 11451468.493139110505581, -366295.007567980850581 ], [ 11451487.246131846681237, -366294.586866720521357 ], [ 11451507.116549635306001, -366294.141188767971471 ], [ 11451525.069043913856149, -366293.739777548762504 ], [ 11451570.789071975275874, -366292.715063917450607 ], [ 11451603.052799995988607, -366246.013109123276081 ], [ 11451607.007981503382325, -366240.28742673312081 ], [ 11451696.358125511556864, -366352.855734693293925 ], [ 11451700.669863348826766, -366358.287835004797671 ], [ 11451684.707761563360691, -366368.130778704420663 ], [ 11451733.484956799075007, -366435.72001918614842 ], [ 11451757.137788249179721, -366420.569403501693159 ], [ 11451757.472971234470606, -366420.570184022479225 ], [ 11451781.785148024559021, -366405.841721628792584 ], [ 11451782.061220357194543, -366405.674466780619696 ], [ 11451782.481451440602541, -366406.261865793610923 ], [ 11451786.236591817811131, -366411.510545895202085 ], [ 11451808.02203880995512, -366441.960968227940612 ], [ 11451799.047461461275816, -366447.063357726146933 ], [ 11451778.877816881984472, -366458.530689079547301 ], [ 11451775.648772409185767, -366460.366479114978574 ], [ 11451767.226785017177463, -366465.154764696839266 ], [ 11451767.223445428535342, -366465.156994764343835 ], [ 11451750.384146051481366, -366474.730667466646992 ], [ 11451667.533501841127872, -366521.349090846139006 ], [ 11451657.528106005862355, -366526.978894832893275 ], [ 11451647.737556794658303, -366532.157110519474372 ], [ 11451634.725421514362097, -366539.039543821010739 ], [ 11451624.935985492542386, -366544.217314054432791 ], [ 11451624.238680204376578, -366544.586055688501801 ], [ 11451606.518175741657615, -366553.958248633192852 ], [ 11451584.216651594266295, -366566.260193873720709 ], [ 11451580.17686727643013, -366568.488589135580696 ], [ 11451573.808056568726897, -366572.001726541784592 ], [ 11451573.285968152806163, -366572.289405301213264 ], [ 11451572.601353287696838, -366572.667401813843753 ], [ 11451566.96858705021441, -366575.773886459181085 ], [ 11451555.647394843399525, -366581.897653291816823 ], [ 11451540.439482603222132, -366590.123036770208273 ], [ 11451538.311610538512468, -366591.273975004907697 ], [ 11451487.880541622638702, -366614.795622749254107 ], [ 11451484.783633388578892, -366616.990010433888528 ], [ 11451460.622628469020128, -366634.106347328226548 ], [ 11451455.643975561484694, -366628.63108169764746 ], [ 11451454.94099297747016, -366629.097277631692123 ], [ 11451412.563666587695479, -366657.204290915455204 ], [ 11451391.895644646137953, -366686.963793328788597 ], [ 11451383.6903962995857, -366698.77825990767451 ], [ 11451380.510332405567169, -366703.357152143958956 ], [ 11451378.639051767066121, -366706.051634904637467 ], [ 11451349.012037208303809, -366754.669637509505264 ], [ 11451304.075475718826056, -366726.935578933393117 ], [ 11451270.857628347352147, -366711.361098592868075 ] ] ] ] } },
{ "type": "Feature", "properties": { "fid": 40519, "kdkab": "74", "kdkec": "042", "nmkab": "LUBUKLINGGAU", "nmkec": "LUBUK LINGGAU UTARA II", "kddesa": "003", "kdprov": "16", "nmdesa": "KENANGA", "nmprov": "SUMATERA SELATAN", "iddesa": "1674042003" }, "geometry": { "type": "MultiPolygon", "coordinates": [ [ [ [ 11451056.076800938695669, -366193.690641305118334 ], [ 11451051.351511187851429, -366194.567166510212701 ], [ 11451051.224940931424499, -366194.412177321442869 ], [ 11451045.113946165889502, -366186.930882697284687 ], [ 11451045.313542008399963, -366186.904567986668553 ], [ 11451023.111092211678624, -366158.322447923303116 ], [ 11450957.809186479076743, -366077.15979287243681 ], [ 11450923.463227387517691, -366024.57080117642181 ], [ 11450923.465231135487556, -366024.567010075377766 ], [ 11450921.500887401401997, -366021.389625025214627 ], [ 11450921.507009979337454, -366021.388509995827917 ], [ 11450920.00519872829318, -366018.841227582655847 ], [ 11450919.833210110664368, -366018.549536151054781 ], [ 11450913.412079244852066, -366007.658050778962206 ], [ 11450913.398720908910036, -366007.661730371473823 ], [ 11450912.036615615710616, -366005.36477212025784 ], [ 11450895.880372641608119, -365975.754642907704692 ], [ 11450867.205696327611804, -365917.927857840724755 ], [ 11450851.512097155675292, -365857.468413042544853 ], [ 11450850.441648932173848, -365853.344486551766749 ], [ 11450849.572577664628625, -365849.996618802426383 ], [ 11450839.946224698796868, -365812.910948085773271 ], [ 11450839.892680021002889, -365812.920091300155036 ], [ 11450834.955104006454349, -365787.549230881384574 ], [ 11450829.398925587534904, -365749.795011547452305 ], [ 11450824.517788551747799, -365716.628130815341137 ], [ 11450817.786966860294342, -365670.883666691370308 ], [ 11450925.246120354160666, -365611.583423817355651 ], [ 11450925.248680701479316, -365611.582197290845215 ], [ 11451110.530733611434698, -365502.150864881114103 ], [ 11451111.073750084266067, -365501.830072700453456 ], [ 11451195.142563488334417, -365485.467665588774253 ], [ 11451241.566130733117461, -365476.610480251023546 ], [ 11451241.358742525801063, -365475.341472615604289 ], [ 11451255.248965945094824, -365473.435563887178432 ], [ 11451259.503708204254508, -365464.445580287836492 ], [ 11451279.376797659322619, -365407.812246054178104 ], [ 11451310.861289240419865, -365408.415807617770042 ], [ 11451325.713424382731318, -365408.700472809025086 ], [ 11451328.837494572624564, -365474.933151203964371 ], [ 11451329.023286804556847, -365474.857775657146703 ], [ 11451333.467717470601201, -365519.71794572158251 ], [ 11451348.608058776706457, -365610.709356249892153 ], [ 11451350.998644838109612, -365625.874579983472358 ], [ 11451350.327944906428456, -365631.584954930469394 ], [ 11451336.641324833035469, -365633.749552054796368 ], [ 11451336.642771990969777, -365633.844552149123047 ], [ 11451337.134692819789052, -365668.301603516098112 ], [ 11451360.814686216413975, -365719.236509704845957 ], [ 11451380.396229926496744, -365754.054632833693177 ], [ 11451382.894573261961341, -365758.148672954470385 ], [ 11451416.675140656530857, -365813.503919092123397 ], [ 11451417.53207809664309, -365814.56497817102354 ], [ 11451426.301938902586699, -365832.600976945192087 ], [ 11451434.844373987987638, -365847.769241470086854 ], [ 11451435.067458249628544, -365848.165298951615114 ], [ 11451392.833845315501094, -365874.105840456613805 ], [ 11451393.099230978637934, -365874.508922703389544 ], [ 11451454.580429149791598, -365967.875855545746163 ], [ 11451454.590559223666787, -365967.891131430980749 ], [ 11451483.277480678632855, -365953.124929540324956 ], [ 11451483.353400571271777, -365953.166743082168978 ], [ 11451713.735098021104932, -366080.067565504403319 ], [ 11451717.028707798570395, -366081.881829230347648 ], [ 11451698.911126708611846, -366121.118592832004651 ], [ 11451684.88041809014976, -366151.505378940782975 ], [ 11451637.821216555312276, -366204.069007960148156 ], [ 11451612.455957382917404, -366232.40081542142434 ], [ 11451607.941952032968402, -366238.934894594887737 ], [ 11451607.007981503382325, -366240.28742673312081 ], [ 11451603.052799995988607, -366246.013109123276081 ], [ 11451570.789071975275874, -366292.715063917450607 ], [ 11451525.069043913856149, -366293.739777548762504 ], [ 11451507.116549635306001, -366294.141188767971471 ], [ 11451487.246131846681237, -366294.586866720521357 ], [ 11451468.493139110505581, -366295.007567980850581 ], [ 11451466.698668917641044, -366295.047709103266243 ], [ 11451462.891542330384254, -366295.132451476063579 ], [ 11451423.256571590900421, -366296.02101981715532 ], [ 11451402.668254410848022, -366296.482531223678961 ], [ 11451402.46064355969429, -366296.487214355787728 ], [ 11451367.236151043325663, -366313.385513260553125 ], [ 11451336.22332014888525, -366328.263377630035393 ], [ 11451336.215527784079313, -366328.266722727159504 ], [ 11451320.166596798226237, -366335.967130562756211 ], [ 11451313.006527146324515, -366339.401427886448801 ], [ 11451254.653963269665837, -366374.11236752057448 ], [ 11451254.587171575054526, -366374.151393638574518 ], [ 11451253.338166890665889, -366374.891774863586761 ], [ 11451251.385623015463352, -366376.050293088599574 ], [ 11451235.799558473750949, -366385.324014489189722 ], [ 11451056.114092966541648, -366193.730336377164349 ], [ 11451056.076800938695669, -366193.690641305118334 ] ] ] ] } },
{ "type": "Feature", "properties": { "fid": 40729, "kdkab": "74", "kdkec": "032", "nmkab": "LUBUKLINGGAU", "nmkec": "LUBUK LINGGAU TIMUR II", "kddesa": "004", "kdprov": "16", "nmdesa": "JAWA KANAN SS", "nmprov": "SUMATERA SELATAN", "iddesa": "1674032004" }, "geometry": { "type": "MultiPolygon", "coordinates": [ [ [ [ 11450955.957498073577881, -367099.05410268669948 ], [ 11450892.088162865489721, -367121.857103576941881 ], [ 11450892.071464942768216, -367121.267359201330692 ], [ 11450891.99009039439261, -367121.311626262729988 ], [ 11450847.867274384945631, -367145.331140045425855 ], [ 11450844.39800245501101, -367147.219794318603817 ], [ 11450830.644479366019368, -367155.14114833221538 ], [ 11450818.752106847241521, -367161.99061506963335 ], [ 11450800.78937117010355, -367163.231431455234997 ], [ 11450800.789148533716798, -367163.216935931530315 ], [ 11450788.208932878449559, -367163.536394859896973 ], [ 11450788.197021692991257, -367163.536617871897761 ], [ 11450788.197133017703891, -367163.532938241085503 ], [ 11450788.182772802188993, -367163.533495761454105 ], [ 11450802.53597398661077, -367031.993655774509534 ], [ 11450809.864470018073916, -366964.832115459546912 ], [ 11450810.018090918660164, -366961.050352999533061 ], [ 11450811.028537938371301, -366936.182670000125654 ], [ 11450815.341722924262285, -366830.025565405143425 ], [ 11450815.292408393695951, -366829.296220005839132 ], [ 11450815.222054472193122, -366828.25722896627849 ], [ 11450815.377456484362483, -366828.259124527277891 ], [ 11450815.65475333109498, -366808.25637464778265 ], [ 11450815.970121454447508, -366808.271762144810054 ], [ 11450818.80732131190598, -366739.687683221942279 ], [ 11450819.338649243116379, -366726.844815039832611 ], [ 11450819.421248303726315, -366724.847563465009443 ], [ 11450820.75752747617662, -366692.54454416729277 ], [ 11450821.292640266939998, -366679.609133531979751 ], [ 11450821.575503094121814, -366672.770958416862413 ], [ 11450821.741925731301308, -366668.747020320559386 ], [ 11450822.227278709411621, -366657.015738533867989 ], [ 11450822.724542874842882, -366644.994102957425639 ], [ 11450822.72175988741219, -366644.987858759472147 ], [ 11450823.049707105383277, -366636.118650243850425 ], [ 11450823.296391101554036, -366636.12634398357477 ], [ 11450837.362499319016933, -366636.566559638769832 ], [ 11450890.605275932699442, -366634.848291336151306 ], [ 11450896.673524010926485, -366634.652491268294398 ], [ 11450910.252164179459214, -366634.214282674307469 ], [ 11450910.269752657040954, -366634.195996110560372 ], [ 11450916.656931083649397, -366634.076241396251135 ], [ 11450917.37338332273066, -366634.062860983307473 ], [ 11450921.948948353528976, -366624.681629501923453 ], [ 11450921.932918353006244, -366624.680179959745146 ], [ 11450922.322759203612804, -366623.887055933650117 ], [ 11450923.058024441823363, -366622.407516708190087 ], [ 11450923.623416136950254, -366621.269958562334068 ], [ 11450932.335279487073421, -366603.74161847284995 ], [ 11450932.335279487073421, -366603.557860829459969 ], [ 11450932.592984104529023, -366603.046952126314864 ], [ 11450936.688539491966367, -366585.853459656995256 ], [ 11450936.733623884618282, -366585.826029816933442 ], [ 11450939.307330513373017, -366574.835808370437007 ], [ 11450940.40171242877841, -366570.257478949264623 ], [ 11450935.597608484327793, -366571.046365457645152 ], [ 11450934.765383969992399, -366561.225258452293929 ], [ 11450930.182583171874285, -366561.454732411599252 ], [ 11450929.320302397012711, -366553.753751435258891 ], [ 11450943.584225352853537, -366553.652060359949246 ], [ 11450945.418325280770659, -366543.912575349153485 ], [ 11450987.350485032424331, -366543.245896723179612 ], [ 11450987.368184827268124, -366543.245562210329808 ], [ 11450987.3814318459481, -366543.237645472632721 ], [ 11450987.382879003882408, -366543.197392758505885 ], [ 11450987.605629302561283, -366537.209885169111658 ], [ 11450990.119668684899807, -366469.632179310021456 ], [ 11450990.125234657898545, -366469.482987904630136 ], [ 11450990.138815637677908, -366469.178583916916978 ], [ 11450990.189911281690001, -366468.061320939741563 ], [ 11450990.191135795786977, -366468.033445113862399 ], [ 11451018.68836884573102, -366430.000571204873268 ], [ 11451041.23846941255033, -366399.904843899887055 ], [ 11451042.418567333370447, -366398.307894758472685 ], [ 11451045.912774831056595, -366393.580046800663695 ], [ 11451050.518507434055209, -366369.743672371434513 ], [ 11451050.212378846481442, -366368.889557917835191 ], [ 11451049.706988355144858, -366367.480157593847252 ], [ 11451048.312155136838555, -366363.526254555152263 ], [ 11451046.974094858393073, -366359.735146298946347 ], [ 11451048.284325258806348, -366360.378519664285704 ], [ 11451049.368577100336552, -366360.911504876858089 ], [ 11451051.97790596447885, -366362.19156142877182 ], [ 11451135.237092711031437, -366403.248156565707177 ], [ 11451136.796678781509399, -366404.01641379413195 ], [ 11451139.111010996624827, -366403.772221731313039 ], [ 11451218.981632445007563, -366395.330312793259509 ], [ 11451219.756416101008654, -366394.869804507412482 ], [ 11451220.184439541772008, -366394.615688675490674 ], [ 11451220.193901700899005, -366394.610002008208539 ], [ 11451220.602110272273421, -366395.034048746223561 ], [ 11451222.805790912359953, -366397.323321322503034 ], [ 11451227.279053328558803, -366409.778008658031467 ], [ 11451247.188766894862056, -366465.849541683506686 ], [ 11451255.1347521468997, -366488.206733792787418 ], [ 11451259.945201307535172, -366502.099935696984176 ], [ 11451260.491557367146015, -366503.67781925998861 ], [ 11451260.937948524951935, -366504.035521932702977 ], [ 11451282.276113798841834, -366518.791204159555491 ], [ 11451279.865601543337107, -366521.563511778658722 ], [ 11451255.848978003486991, -366549.375794446910731 ], [ 11451228.171835644170642, -366581.391204827872571 ], [ 11451228.08255741558969, -366586.04145440668799 ], [ 11451227.368331559002399, -366608.845687959634233 ], [ 11451217.477928765118122, -366619.357563002151437 ], [ 11451215.703273441642523, -366621.24364374880679 ], [ 11451215.67254925891757, -366621.276314254791941 ], [ 11451216.002500232309103, -366628.548123125743587 ], [ 11451216.11894041672349, -366631.113371565530542 ], [ 11451216.476053342223167, -366640.056283477286343 ], [ 11451225.582766927778721, -366666.884800508967601 ], [ 11451236.207210447639227, -366698.453115634154528 ], [ 11451236.463801873847842, -366699.013866849592887 ], [ 11451236.236042194068432, -366699.781568605219945 ], [ 11451234.2944076359272, -366706.327048619627021 ], [ 11451234.21258781477809, -366706.602908350992948 ], [ 11451242.754243660718203, -366707.712033973191865 ], [ 11451270.857628347352147, -366711.361098592868075 ], [ 11451304.075475718826056, -366726.935578933393117 ], [ 11451349.012037208303809, -366754.669637509505264 ], [ 11451350.054544238373637, -366755.313013155537192 ], [ 11451311.951552331447601, -366815.49797827238217 ], [ 11451304.919054822996259, -366826.606082895305008 ], [ 11451280.398933220654726, -366865.336325177515391 ], [ 11451242.262768110260367, -366915.091735672031064 ], [ 11451233.584077965468168, -366926.414606482780073 ], [ 11451196.294052304700017, -366975.065933728008531 ], [ 11451137.885939996689558, -367034.259079660347197 ], [ 11451130.298960100859404, -367038.282027468667366 ], [ 11451128.411538137122989, -367038.94101530557964 ], [ 11451132.099218906834722, -367044.117916823364794 ], [ 11451127.601020928472281, -367046.00144019263098 ], [ 11451084.181855419650674, -367064.182147856918164 ], [ 11451059.182058131322265, -367074.650133479677606 ], [ 11451056.522078901529312, -367075.279015474545304 ], [ 11451048.461211934685707, -367077.184728655556682 ], [ 11450955.957498073577881, -367099.05410268669948 ] ] ] ] } },
{ "type": "Feature", "properties": { "fid": 40147, "kdkab": "74", "kdkec": "011", "nmkab": "LUBUKLINGGAU", "nmkec": "LUBUK LINGGAU BARAT I", "kddesa": "007", "kdprov": "16", "nmdesa": "PELITA JAYA", "nmprov": "SUMATERA SELATAN", "iddesa": "1674011007" }, "geometry": { "type": "MultiPolygon", "coordinates": [ [ [ [ 11448515.345233360305429, -368399.77731527632568 ], [ 11448514.76837575994432, -368399.021867321163882 ], [ 11448514.353710656985641, -368398.478948340867646 ], [ 11448514.140311190858483, -368398.199516229506116 ], [ 11448513.989584598690271, -368398.002151963824872 ], [ 11448513.907096855342388, -368397.894103395636193 ], [ 11448482.014619339257479, -368360.538295870181173 ], [ 11448463.305486479774117, -368345.86655486759264 ], [ 11448407.179869020357728, -368303.571198750752956 ], [ 11448403.041455626487732, -368300.427757476980332 ], [ 11448392.605809966102242, -368292.501303819182795 ], [ 11448389.231048276647925, -368291.01650157594122 ], [ 11448383.105581978335977, -368288.321645759511739 ], [ 11448382.534958273172379, -368290.164379417372402 ], [ 11448354.669685972854495, -368357.617751861573197 ], [ 11448319.778150057420135, -368329.248604676744435 ], [ 11448321.040847044438124, -368318.481555171543732 ], [ 11448323.115508392453194, -368300.789257120457478 ], [ 11448325.033097943291068, -368284.4360268554301 ], [ 11448327.086497263982892, -368266.925599073001649 ], [ 11448327.087053863331676, -368266.480247704836074 ], [ 11448327.07837094552815, -368266.484819416247774 ], [ 11448313.6280821505934, -368268.775803213240579 ], [ 11448266.666173845529556, -368276.774733492347877 ], [ 11448245.949950570240617, -368280.303312757692765 ], [ 11448240.906621038913727, -368281.159560523869004 ], [ 11448190.360225135460496, -368315.864083258784376 ], [ 11448178.291856495663524, -368324.150142724683974 ], [ 11448169.411344116553664, -368330.481294261175208 ], [ 11448157.408208703622222, -368339.038758413575124 ], [ 11448153.972555259242654, -368341.510716613440309 ], [ 11448152.636053450405598, -368342.472337252576835 ], [ 11448147.854436045512557, -368345.912829515931662 ], [ 11448146.854898339137435, -368346.631926423229743 ], [ 11448132.183546049520373, -368351.207095578254666 ], [ 11448131.099294209852815, -368351.545179299311712 ], [ 11448130.977510683238506, -368351.53202168707503 ], [ 11448126.935277339071035, -368351.09559038723819 ], [ 11448118.745502395555377, -368350.211465780506842 ], [ 11448118.687950219959021, -368350.205221492855344 ], [ 11448118.679823901504278, -368350.200984296330716 ], [ 11448115.819803543388844, -368348.701685599284247 ], [ 11448096.392326006665826, -368338.517694744863547 ], [ 11448088.217245239764452, -368332.636689103208482 ], [ 11448077.42448665201664, -368323.328349715971854 ], [ 11448077.25516970641911, -368323.182389469060581 ], [ 11448077.378956981003284, -368323.07590204232838 ], [ 11448078.683510091155767, -368321.953379635408055 ], [ 11448078.868968365713954, -368321.75088627205696 ], [ 11448084.542700169607997, -368316.828268291603308 ], [ 11448084.501289319247007, -368316.817563796241302 ], [ 11448127.274022547528148, -368279.328981077822391 ], [ 11448127.308976864442229, -368279.29831717297202 ], [ 11448105.236214274540544, -368269.676541431050282 ], [ 11448097.672722788527608, -368266.670809920411557 ], [ 11448090.598257832229137, -368263.859320369723719 ], [ 11448086.972359377890825, -368262.418340012838598 ], [ 11448071.08929442986846, -368255.42942385742208 ], [ 11448070.139071257784963, -368255.011279774422292 ], [ 11448041.414857767522335, -368242.635219243180472 ], [ 11448040.79046674631536, -368240.434778106748126 ], [ 11448040.709426155313849, -368240.149102106923237 ], [ 11448040.616029102355242, -368239.819939133070875 ], [ 11448037.737195752561092, -368229.674316041346174 ], [ 11448037.364498097449541, -368228.360786416917108 ], [ 11448032.217864081263542, -368210.717788011301309 ], [ 11448028.015887260437012, -368196.414256489020772 ], [ 11448026.831336557865143, -368192.381900199921802 ], [ 11448025.454871056601405, -368187.696347653283738 ], [ 11448024.468691688030958, -368184.302692412107717 ], [ 11448021.242875484749675, -368173.202703068440314 ], [ 11448021.219609711319208, -368173.192890630278271 ], [ 11448019.421688614413142, -368172.431534450734034 ], [ 11447930.94495733268559, -368129.29192909487756 ], [ 11447891.377334885299206, -368121.991922529472504 ], [ 11447779.20513679087162, -368101.296828021528199 ], [ 11447739.973810525611043, -368094.05893154948717 ], [ 11447686.128684151917696, -368084.124846651800908 ], [ 11447685.617950323969126, -368084.030736503074877 ], [ 11447684.548503978177905, -368081.939127313497011 ], [ 11447681.629150331020355, -368076.230075889092404 ], [ 11447679.375153282657266, -368071.822063959494699 ], [ 11447625.936343044042587, -367618.850266038614791 ], [ 11447618.136297643184662, -367552.733946833061054 ], [ 11447658.186044804751873, -367539.479979417577852 ], [ 11447660.200927592813969, -367538.813183306658175 ], [ 11447661.695948351174593, -367537.973220912739635 ], [ 11447679.611595880240202, -367527.907833776378538 ], [ 11447680.151495408266783, -367527.604541929846164 ], [ 11447680.341295145452023, -367527.497943765309174 ], [ 11447680.383930509909987, -367527.444867695623543 ], [ 11447682.348162924870849, -367524.995563054690138 ], [ 11447683.98300096578896, -367522.956928995728958 ], [ 11447695.818155264481902, -367507.150407887238543 ], [ 11447696.914429614320397, -367505.686355979996733 ], [ 11447697.374067790806293, -367504.73020632826956 ], [ 11447704.897929532453418, -367489.077786784211639 ], [ 11447706.496588740497828, -367485.752059087855741 ], [ 11447706.575959540903568, -367485.586921197071206 ], [ 11447711.767789272591472, -367474.847718320146669 ], [ 11447714.446358855813742, -367469.307181179930922 ], [ 11447714.762728849425912, -367468.652762464073021 ], [ 11447715.163812972605228, -367467.823170505755115 ], [ 11447715.717182163149118, -367466.678467416786589 ], [ 11447721.178405061364174, -367448.388419581227936 ], [ 11447721.586502313613892, -367447.021600175881758 ], [ 11447724.865306597203016, -367436.040771298343316 ], [ 11447725.452962188050151, -367434.072721068107057 ], [ 11447728.625456355512142, -367411.021336037490983 ], [ 11447729.504212418571115, -367404.636380538053345 ], [ 11447730.135059971362352, -367400.052664678893052 ], [ 11447730.90383237414062, -367390.123882734798826 ], [ 11447732.215955212712288, -367373.178922685910948 ], [ 11447732.114320518448949, -367367.121345683757681 ], [ 11447732.012129224836826, -367361.030875276599545 ], [ 11447731.862293191254139, -367352.101843289274257 ], [ 11447731.759879261255264, -367345.994871086732019 ], [ 11447731.621397811919451, -367337.744454650965054 ], [ 11447732.560155076906085, -367309.651318520307541 ], [ 11447732.81051261536777, -367302.161028435337357 ], [ 11447732.822312477976084, -367302.046625198738184 ], [ 11447733.479431429877877, -367295.684534326079302 ], [ 11447733.527076175436378, -367295.706054615788162 ], [ 11447733.702293055132031, -367294.828517179819755 ], [ 11447736.802763514220715, -367284.480712211166974 ], [ 11447741.280812669545412, -367269.535036722081713 ], [ 11447741.469165243208408, -367268.90659964364022 ], [ 11447742.940140997990966, -367263.997185944695957 ], [ 11447742.992238519713283, -367263.823239565594122 ], [ 11447747.612108707427979, -367259.225480016320944 ], [ 11447754.511690745130181, -367252.359170151932631 ], [ 11447757.581325704231858, -367250.398259443813004 ], [ 11447761.200544990599155, -367248.086222445766907 ], [ 11447768.710491796955466, -367243.288759755436331 ], [ 11447769.078180070966482, -367243.053932184528094 ], [ 11447770.952800296247005, -367242.294477973307949 ], [ 11447773.679682547226548, -367241.189807174610905 ], [ 11447776.537142552435398, -367240.032171957776882 ], [ 11447785.799926064908504, -367236.279614182421938 ], [ 11447792.234860546886921, -367235.708044358470943 ], [ 11447796.384628528729081, -367235.339523434231523 ], [ 11447800.699260672554374, -367234.956283978826832 ], [ 11447800.886722693219781, -367234.939669871877413 ], [ 11447802.884684914723039, -367235.481133590452373 ], [ 11447816.270742364227772, -367239.108472273044754 ], [ 11447817.882982546463609, -367239.994037564785685 ], [ 11447829.131817093119025, -367246.173035558545962 ], [ 11447831.741257274523377, -367247.606420412892476 ], [ 11447832.397930955514312, -367247.967136092716828 ], [ 11447849.811527576297522, -367258.90869690728141 ], [ 11447855.363253224641085, -367262.39710226689931 ], [ 11447860.713490586727858, -367265.75883908366086 ], [ 11447871.712635517120361, -367267.694327126257122 ], [ 11447886.725070727989078, -367263.45103891385952 ], [ 11447891.956975469365716, -367258.82562636770308 ], [ 11447897.280496157705784, -367254.119150543527212 ], [ 11447902.555036276578903, -367249.455938499013428 ], [ 11447906.074735933914781, -367244.935005849110894 ], [ 11447907.640333255752921, -367242.923918445769232 ], [ 11447908.551371965557337, -367241.753794747928623 ], [ 11447908.790374914184213, -367241.44693555374397 ], [ 11447908.872194735333323, -367241.341787220968399 ], [ 11447909.046743700280786, -367240.990995421016123 ], [ 11447909.636625682935119, -367239.806041707517579 ], [ 11447921.608591636642814, -367215.757516416953877 ], [ 11447922.580967387184501, -367213.804300135874655 ], [ 11447922.621153723448515, -367213.723682718526106 ], [ 11447933.471798453480005, -367194.964244679431431 ], [ 11447941.781687121838331, -367190.280183869996108 ], [ 11447953.017608603462577, -367183.946867443912197 ], [ 11447953.017497286200523, -367183.990465513372328 ], [ 11447953.299803514033556, -367183.832352826429997 ], [ 11447971.196749366819859, -367196.531322200433351 ], [ 11447985.52245463617146, -367213.772075473272707 ], [ 11448031.535809561610222, -367269.969010662927758 ], [ 11448074.696045931428671, -367322.408618970541283 ], [ 11448083.334438417106867, -367332.904281996248756 ], [ 11448117.817209165543318, -367375.673271668551024 ], [ 11448126.25322281755507, -367386.136492005491164 ], [ 11448169.441177738830447, -367440.312053683272097 ], [ 11448226.352376854047179, -367507.829469287826214 ], [ 11448250.771754311397672, -367538.016819121374283 ], [ 11448271.693028090521693, -367564.565677291713655 ], [ 11448293.623301740735769, -367591.855600193550345 ], [ 11448304.21846823208034, -367604.826798624359071 ], [ 11448307.674270501360297, -367600.481024935201276 ], [ 11448323.770066998898983, -367580.240519882703666 ], [ 11448323.878714818507433, -367580.607257882831618 ], [ 11448352.615173455327749, -367546.059517813846469 ], [ 11448353.252922810614109, -367546.544784852245357 ], [ 11448405.130811149254441, -367584.764699840336107 ], [ 11448411.209189306944609, -367592.375210792175494 ], [ 11448419.187011934816837, -367607.596345767262392 ], [ 11448435.416948411613703, -367631.981588040478528 ], [ 11448437.601370779797435, -367635.044950121548027 ], [ 11448444.135156974196434, -367640.242173282371368 ], [ 11448448.996701776981354, -367640.838499182835221 ], [ 11448456.241930831223726, -367649.770453552191611 ], [ 11448457.436500290408731, -367651.29940296872519 ], [ 11448463.783492373302579, -367659.422839136153925 ], [ 11448463.832472950220108, -367659.485504661337472 ], [ 11448462.965739399194717, -367661.008321466506459 ], [ 11448463.079730553552508, -367666.375590201932937 ], [ 11448463.397992979735136, -367681.358227197371889 ], [ 11448463.243481528013945, -367690.722153343434911 ], [ 11448463.179806774482131, -367694.581101824471261 ], [ 11448463.439626472070813, -367694.789057754562236 ], [ 11448536.165095081552863, -367752.992427290941123 ], [ 11448535.859968356788158, -367753.697359260870144 ], [ 11448522.972510909661651, -367783.474104613938835 ], [ 11448520.791205484420061, -367800.754533345112577 ], [ 11448517.162301409989595, -367829.44456693372922 ], [ 11448515.238923244178295, -367844.650904373207595 ], [ 11448519.60142276994884, -367861.732752798416186 ], [ 11448528.921424496918917, -367890.136346561310347 ], [ 11448544.388488508760929, -367923.50547720346367 ], [ 11448552.032463980838656, -367937.670373021275736 ], [ 11448553.909755872562528, -367942.403081501135603 ], [ 11448557.395725725218654, -367947.587496041029226 ], [ 11448557.72077864408493, -367947.852765911142342 ], [ 11448557.72623329795897, -367947.847748192201834 ], [ 11448566.862557865679264, -367939.467272374778986 ], [ 11448585.278809141367674, -367929.169026806659531 ], [ 11448589.404309470206499, -367927.132949915307108 ], [ 11448590.537653205916286, -367926.228311823157128 ], [ 11448592.443554205819964, -367924.707052433222998 ], [ 11448593.969744427129626, -367923.099822908232454 ], [ 11448594.295465260744095, -367922.756834288768005 ], [ 11448597.097265522927046, -367920.996843275497667 ], [ 11448613.612736497074366, -367917.584017403481994 ], [ 11448639.332102969288826, -367950.999542306584772 ], [ 11448649.026249503716826, -367957.229649146902375 ], [ 11448649.250558277592063, -367957.577544082887471 ], [ 11448666.217986382544041, -367969.732012692140415 ], [ 11448701.198911854997277, -367929.302274998743087 ], [ 11448702.099597852677107, -367930.140010257251561 ], [ 11448702.541202273219824, -367930.550793800037354 ], [ 11448705.97496328689158, -367937.12745630525751 ], [ 11448710.176494823768735, -367945.174309660098515 ], [ 11448733.910923456773162, -367962.234541667799931 ], [ 11448738.961377438157797, -367965.864691761147697 ], [ 11448738.965830214321613, -367965.940180508827325 ], [ 11448739.610704027116299, -367976.759379956871271 ], [ 11448741.740802483633161, -368012.49768010166008 ], [ 11448778.156858826056123, -368012.138299989048392 ], [ 11448788.023216612637043, -368042.325898811512161 ], [ 11448758.609156237915158, -368085.754044986213557 ], [ 11448759.051873855292797, -368085.720482006086968 ], [ 11448793.802145337685943, -368082.900076667079702 ], [ 11448794.163822367787361, -368115.985262329282705 ], [ 11448794.390580169856548, -368116.610024551511742 ], [ 11448811.613931778818369, -368164.052937207801733 ], [ 11448811.57619447261095, -368164.0733426217339 ], [ 11448811.5808698926121, -368164.086054190003779 ], [ 11448805.14415429905057, -368167.561999499041121 ], [ 11448781.340707581490278, -368180.472718164965045 ], [ 11448804.078604131937027, -368224.567830318294 ], [ 11448809.79619581438601, -368246.648509994556662 ], [ 11448809.839833054691553, -368246.661333082418423 ], [ 11448801.595956848934293, -368251.401525623805355 ], [ 11448779.853479182347655, -368263.929011059866752 ], [ 11448779.757187822833657, -368264.053785262512974 ], [ 11448779.712103432044387, -368264.075082732539158 ], [ 11448772.521309601143003, -368267.471751059114467 ], [ 11448760.025919400155544, -368273.307928174559493 ], [ 11448722.663870023563504, -368325.967565309780184 ], [ 11448720.895448595285416, -368328.460040165751707 ], [ 11448711.178147606551647, -368348.318888312787749 ], [ 11448710.8272685687989, -368348.598877824435476 ], [ 11448710.348706075921655, -368348.980783073639031 ], [ 11448709.882834009826183, -368349.352541351865511 ], [ 11448705.943125907331705, -368352.496207024494652 ], [ 11448692.013606704771519, -368363.611044557357673 ], [ 11448679.496063923463225, -368373.288692580768839 ], [ 11448672.225565342232585, -368378.90978173102485 ], [ 11448671.445327030494809, -368379.513024931715336 ], [ 11448656.523283252492547, -368382.973031763511244 ], [ 11448652.729292366653681, -368383.954723699367605 ], [ 11448648.774333495646715, -368386.403712830215227 ], [ 11448642.086481127887964, -368390.544905296119396 ], [ 11448594.336319513618946, -368433.433391207538079 ], [ 11448585.323782214894891, -368441.52833944093436 ], [ 11448585.311982352286577, -368441.499905592063442 ], [ 11448580.792411023750901, -368430.634832023351919 ], [ 11448559.265670532360673, -368441.056783627776895 ], [ 11448558.959207974374294, -368440.436814299435355 ], [ 11448558.900097323581576, -368440.317169137182645 ], [ 11448548.507420988753438, -368446.492665951896925 ], [ 11448546.52704724483192, -368447.669381187995896 ], [ 11448538.293412424623966, -368435.023456340306439 ], [ 11448524.424451030790806, -368413.722160723991692 ], [ 11448517.284864163026214, -368402.756400656478945 ], [ 11448515.345233360305429, -368399.77731527632568 ] ] ] ] } },
{ "type": "Feature", "properties": { "fid": 40462, "kdkab": "74", "kdkec": "041", "nmkab": "LUBUKLINGGAU", "nmkec": "LUBUK LINGGAU UTARA I", "kddesa": "001", "kdprov": "16", "nmdesa": "SUMBER AGUNG", "nmprov": "SUMATERA SELATAN", "iddesa": "1674041001" }, "geometry": { "type": "MultiPolygon", "coordinates": [ [ [ [ 11446976.502775222063065, -363439.495364622736815 ], [ 11446976.289598392322659, -363439.524800691811834 ], [ 11446518.927347898483276, -363502.794863160292152 ], [ 11446367.846316104754806, -363525.60337248002179 ], [ 11446322.821700900793076, -363530.15303285967093 ], [ 11446221.740597635507584, -363540.367134821950458 ], [ 11446057.815968269482255, -363556.932745255180635 ], [ 11445946.675701856613159, -363564.148046672751661 ], [ 11445773.210992136970162, -363575.409474981483072 ], [ 11445700.117501283064485, -363580.154932096193079 ], [ 11445559.652341408655047, -363579.848305981839076 ], [ 11445543.040467761456966, -363579.811956854187883 ], [ 11445350.418452905490994, -363579.391154330573045 ], [ 11445293.781322378665209, -363589.093919880280737 ], [ 11445119.849070793017745, -363618.892409322201274 ], [ 11444927.531292108818889, -363658.495143695676234 ], [ 11444923.07294650375843, -363659.412792669318151 ], [ 11444946.024799117818475, -363615.759246921457816 ], [ 11445002.283443372696638, -363509.338817572686821 ], [ 11445017.848134577274323, -363479.898273249447811 ], [ 11445245.253816759213805, -363064.338522958336398 ], [ 11445396.741832612082362, -362840.63874386443058 ], [ 11445604.120025206357241, -362497.045234318182338 ], [ 11445611.076380185782909, -362487.286813565646298 ], [ 11445613.213380446657538, -362484.288373940158635 ], [ 11445617.549608571454883, -362478.204079469956923 ], [ 11445659.330039855092764, -362419.586677909246646 ], [ 11445803.411969983950257, -362217.442062508373056 ], [ 11445939.228427924215794, -362021.457007207383867 ], [ 11446002.719499496743083, -361929.838434352248441 ], [ 11446057.457519508898258, -361880.196964957460295 ], [ 11446169.944751761853695, -361778.181260773155373 ], [ 11446304.138171523809433, -361655.898565945972223 ], [ 11446432.728881312534213, -361538.720399548707064 ], [ 11446615.831632547080517, -361395.098315325507428 ], [ 11446711.425018876791, -361291.291275519877672 ], [ 11446738.197356414049864, -361261.061905693728477 ], [ 11446910.32177947089076, -361066.711959241714794 ], [ 11446921.794700149446726, -361053.757686678727623 ], [ 11446923.037916224449873, -361052.354039645870216 ], [ 11446942.680129053071141, -361030.17554914962966 ], [ 11447057.979291638359427, -360899.989255901891738 ], [ 11447090.653788577765226, -360834.551247530500405 ], [ 11447145.776974031701684, -360724.156331863545347 ], [ 11447194.624189227819443, -360584.150589120341465 ], [ 11447211.36018411628902, -360536.181838570977561 ], [ 11447265.721498971804976, -360380.371929402870592 ], [ 11447449.023512095212936, -360140.735639771563001 ], [ 11447608.483116678893566, -359901.048569474776741 ], [ 11447639.972061043605208, -359876.310785883280914 ], [ 11447798.575618742033839, -359751.713251639914233 ], [ 11447875.269738527014852, -359691.462058659293689 ], [ 11447903.032262928783894, -359669.651773800607771 ], [ 11447906.526247790083289, -359667.55140213429695 ], [ 11447908.301904983818531, -359666.483934355783276 ], [ 11448264.444793405011296, -359660.381617959646974 ], [ 11448622.525976803153753, -359653.208600835932884 ], [ 11448622.314692409709096, -359650.318834156088997 ], [ 11448637.674778390675783, -359649.61952802335145 ], [ 11448637.980684349313378, -359649.605590960942209 ], [ 11448611.764610309153795, -359265.41378789965529 ], [ 11448771.402103444561362, -359247.187962175696157 ], [ 11448884.077576950192451, -359238.086757506767754 ], [ 11449041.589424407109618, -359224.588481994811445 ], [ 11449062.792113864794374, -359224.834999858343508 ], [ 11449053.345541873946786, -359100.321804142789915 ], [ 11449049.992598807439208, -359056.11365963780554 ], [ 11449167.972334738820791, -359064.276276898570359 ], [ 11449280.868109524250031, -359060.307021607877687 ], [ 11449382.572935892269015, -359056.731347088585608 ], [ 11449441.925148801878095, -359017.078941579267848 ], [ 11449454.201462248340249, -359008.877304159395862 ], [ 11449454.687928423285484, -358776.850149752513971 ], [ 11449453.31201951391995, -358767.006198827410117 ], [ 11449415.53575031273067, -358496.733272328856401 ], [ 11449725.457005048170686, -358513.391798220924102 ], [ 11450113.162753971293569, -358519.152765477774665 ], [ 11450353.296706728637218, -358522.720618383318651 ], [ 11450687.25963188894093, -358508.808222586638294 ], [ 11450689.719458676874638, -358508.70575832168106 ], [ 11450901.731102438643575, -358499.874097217107192 ], [ 11451089.033938063308597, -358500.268790875095874 ], [ 11451089.050635987892747, -358500.268790875095874 ], [ 11451124.688457768410444, -358500.343492777668871 ], [ 11451132.211428957059979, -358500.359102131158579 ], [ 11451354.893825141713023, -358428.819226993597113 ], [ 11451605.376037765294313, -358365.337158380250912 ], [ 11451864.954165982082486, -358335.50214816420339 ], [ 11451947.207024538889527, -358326.048468732042238 ], [ 11452241.253006689250469, -358334.665934008779004 ], [ 11452300.197790257632732, -358345.113036655937321 ], [ 11452606.713781768456101, -358399.439100867602974 ], [ 11452750.703316716477275, -358409.739035685081035 ], [ 11452837.162938823923469, -358415.923679826082662 ], [ 11453115.77224718593061, -358499.662255993287545 ], [ 11453158.847324149683118, -358512.609100544068497 ], [ 11453215.235099017620087, -358528.778163907059934 ], [ 11453522.701758971437812, -358616.94765425811056 ], [ 11453523.258356425911188, -358618.553189435158856 ], [ 11453528.078490380197763, -358632.45667903998401 ], [ 11453500.92210060544312, -358688.401796316204127 ], [ 11453480.007394675165415, -358714.802834882983007 ], [ 11453459.775077220052481, -358733.185114908614196 ], [ 11453455.237694777548313, -358737.307107750733849 ], [ 11453451.524076567962766, -358747.653901371988468 ], [ 11453444.358440943062305, -358767.619424875068944 ], [ 11453442.743195133283734, -358801.838558626710437 ], [ 11453448.257962705567479, -358822.361570154957008 ], [ 11453449.643890364095569, -358827.520476280828007 ], [ 11453453.867351846769452, -358835.289497235382441 ], [ 11453458.110850837081671, -358843.094197348807938 ], [ 11453471.963448267430067, -358869.567744137952104 ], [ 11453478.534637814387679, -358914.719070320308674 ], [ 11453480.343579538166523, -358927.143046894634608 ], [ 11453479.209233926609159, -358933.345558550267015 ], [ 11453477.217728238552809, -358944.247619219589978 ], [ 11453475.604708814993501, -358976.912554059992544 ], [ 11453477.065220534801483, -359018.138152543397155 ], [ 11453478.916463667526841, -359022.056118250184227 ], [ 11453485.527728224173188, -359036.045509136107285 ], [ 11453504.788226518779993, -359062.531365499889944 ], [ 11453511.76684539578855, -359067.641224331979174 ], [ 11453522.813078463077545, -359075.72914014122216 ], [ 11453531.770957896485925, -359090.588206154236104 ], [ 11453533.211432104930282, -359141.92653393157525 ], [ 11453521.542923081666231, -359180.013578529178631 ], [ 11453516.747279416769743, -359185.14239698718302 ], [ 11453498.313884936273098, -359204.854901396669447 ], [ 11453483.630844101309776, -359206.380167717114091 ], [ 11453462.784043058753014, -359200.114088369591627 ], [ 11453445.41041012853384, -359199.40497336385306 ], [ 11453442.69755413942039, -359199.294592255726457 ], [ 11453423.372490538284183, -359203.920564289437607 ], [ 11453410.225658675655723, -359210.115286349959206 ], [ 11453409.409686805680394, -359231.114460102340672 ], [ 11453415.548956727609038, -359251.349889308970887 ], [ 11453416.967167038470507, -359252.211754327290691 ], [ 11453419.407290276139975, -359253.692422838124912 ], [ 11453433.799787241965532, -359266.258036638144404 ], [ 11453436.373493866994977, -359268.505798759113532 ], [ 11453448.194510594010353, -359290.430401447345503 ], [ 11453464.08202832005918, -359319.897725272108801 ], [ 11453463.335074538365006, -359322.13991364906542 ], [ 11453461.749884990975261, -359326.894111314788461 ], [ 11453462.482367239892483, -359328.228720781742595 ], [ 11453465.598199784755707, -359333.901647412159946 ], [ 11453461.561755048111081, -359417.896227568679024 ], [ 11453453.724862899631262, -359456.924393865978345 ], [ 11453438.243661316111684, -359485.516514628077857 ], [ 11453432.971570232883096, -359490.096784841036424 ], [ 11453415.024641927331686, -359505.690666260605212 ], [ 11453390.357355959713459, -359526.054365349700674 ], [ 11453388.710940688848495, -359527.414621334231924 ], [ 11453367.069318482652307, -359531.257902056502644 ], [ 11453340.042059317231178, -359524.201295340550132 ], [ 11453316.074972946196795, -359531.929110365570523 ], [ 11453304.186051333323121, -359543.351916828425601 ], [ 11453297.49574993737042, -359549.779684958630241 ], [ 11453297.492410350590944, -359551.335059952747542 ], [ 11453293.668585838750005, -359563.437996583466884 ], [ 11453288.160497438162565, -359580.871579434897285 ], [ 11453287.508165221661329, -359607.345298507367261 ], [ 11453287.317808886989951, -359615.094303540652618 ], [ 11453288.357532933354378, -359617.332037891144864 ], [ 11453293.47043714672327, -359628.328936371952295 ], [ 11453306.561609264463186, -359649.35717672703322 ], [ 11453306.579420384019613, -359649.752989345171954 ], [ 11453307.300770681351423, -359665.692531988373958 ], [ 11453298.672396952286363, -359686.741963631066028 ], [ 11453294.876402316614985, -359696.00063748593675 ], [ 11453284.033883912488818, -359708.423584737058263 ], [ 11453256.171728562563658, -359731.69961127982242 ], [ 11453240.951014583930373, -359757.843335621641017 ], [ 11453238.750228252261877, -359761.621956122748088 ], [ 11453235.427341455593705, -359767.329468417272437 ], [ 11453235.043289210647345, -359767.989082478277851 ], [ 11453234.130692025646567, -359769.556613600812852 ], [ 11451020.187174461781979, -359762.970061806903686 ], [ 11450084.301060909405351, -359760.849284527532291 ], [ 11450069.611674861982465, -359760.816058536816854 ], [ 11450058.638356059789658, -359760.7911947867251 ], [ 11450058.692679973319173, -359767.021180234965868 ], [ 11450058.771828128024936, -359776.092992295802105 ], [ 11450073.282769035547972, -361440.254663930682 ], [ 11451940.176753412932158, -361462.477499931468628 ], [ 11451948.644381800666451, -361462.11914438707754 ], [ 11451947.377343354746699, -361463.867103287484497 ], [ 11451946.487010067328811, -361465.095480104966555 ], [ 11451922.667755985632539, -361497.956599902478047 ], [ 11451804.75703814253211, -361660.62721717817476 ], [ 11451752.396802451461554, -361732.863772741984576 ], [ 11451683.380944548174739, -361818.32299936824711 ], [ 11451592.169093377888203, -361931.265618556411937 ], [ 11451390.093048129230738, -362075.166019069030881 ], [ 11451323.846819158643484, -362122.341217560635414 ], [ 11451270.363369807600975, -362166.204915491340216 ], [ 11451194.711757058277726, -362228.249666000367142 ], [ 11451194.217498520389199, -362224.715145811904222 ], [ 11451194.190781846642494, -362224.521137449715752 ], [ 11451178.189718240872025, -362237.072587059054058 ], [ 11451168.106398763135076, -362244.98233136307681 ], [ 11451141.599001614376903, -362250.803698372270446 ], [ 11450698.96376315318048, -362348.000836553866975 ], [ 11450375.549472942948341, -362371.202703321934678 ], [ 11450310.887209003791213, -362375.842296759190504 ], [ 11450151.023403344675899, -362368.945624977932312 ], [ 11450037.756155420094728, -362364.059172611043323 ], [ 11450008.240237718448043, -362366.239427910535596 ], [ 11449943.405985165387392, -362371.028430072765332 ], [ 11449528.283247534185648, -362399.280547641974408 ], [ 11449530.433272177353501, -362401.532943626400083 ], [ 11449529.559080217033625, -362401.597501684038434 ], [ 11449517.82945679500699, -362390.214991542685311 ], [ 11449504.517872085794806, -362377.297472927195486 ], [ 11449504.404103567823768, -362377.284093024267349 ], [ 11449502.106023997068405, -362377.01326144504128 ], [ 11449487.488216385245323, -362364.291982929513324 ], [ 11449458.833577575162053, -362339.355190465983469 ], [ 11449458.847715154290199, -362339.274465070222504 ], [ 11449458.6190649215132, -362339.074770055769477 ], [ 11449336.763406964018941, -362232.633809172548354 ], [ 11449061.909127660095692, -361955.079973692714702 ], [ 11448934.219771787524223, -361798.596770562347956 ], [ 11448895.725157916545868, -361793.870455007185228 ], [ 11448864.125339340418577, -361789.742106778663583 ], [ 11448818.966361507773399, -361784.059690918365959 ], [ 11448796.571774268522859, -361781.327082745381631 ], [ 11448743.961069721728563, -361774.796720362675842 ], [ 11448743.919992834329605, -361774.761821292515378 ], [ 11448730.792307924479246, -361763.611068676458672 ], [ 11448714.697401985526085, -361749.949368957604747 ], [ 11448675.703408876433969, -361717.050935115199536 ], [ 11448618.576361268758774, -361668.854022716521285 ], [ 11448574.109901992604136, -361631.338683837268036 ], [ 11448475.856425108388066, -361548.444508011627477 ], [ 11448456.061815895140171, -361531.744169242330827 ], [ 11448449.169692264869809, -361525.929417840612587 ], [ 11448410.571551263332367, -361493.365098450798541 ], [ 11448388.195220416411757, -361474.48664824833395 ], [ 11448337.599843936040998, -361431.800530119682662 ], [ 11448325.614964917302132, -361421.689198254083749 ], [ 11448325.422716159373522, -361421.738257490331307 ], [ 11448325.259299147874117, -361421.779957843129523 ], [ 11448323.529616897925735, -361422.220933466334827 ], [ 11448268.083382287994027, -361436.359360070666298 ], [ 11448231.885623460635543, -361445.589187793957535 ], [ 11448199.866798330098391, -361456.257344294863287 ], [ 11448158.892320152372122, -361469.909196537337266 ], [ 11447979.75699557363987, -361529.594257672026288 ], [ 11447731.945337533950806, -361612.161060173297301 ], [ 11447587.418797355145216, -361723.180010830925312 ], [ 11447580.386077206581831, -361728.582227724837139 ], [ 11447423.137277703732252, -361849.37314907455584 ], [ 11447315.900985835120082, -362009.34042715060059 ], [ 11447247.047654390335083, -362112.049864370608702 ], [ 11447246.98976825363934, -362138.977978046226781 ], [ 11447186.6183140873909, -362530.96634547796566 ], [ 11447181.325740220025182, -362565.330788479128387 ], [ 11447174.551949203014374, -362609.30950373376254 ], [ 11447112.348844137042761, -363013.176809455850162 ], [ 11447060.649957546964288, -363205.035083660448436 ], [ 11447023.881018416956067, -363341.487455479626078 ], [ 11447025.544576885178685, -363363.447750021121465 ], [ 11447028.035795772448182, -363421.672383257304318 ], [ 11446997.726504053920507, -363432.498388741631061 ], [ 11446976.707157801836729, -363440.005366833938751 ], [ 11446976.502775222063065, -363439.495364622736815 ] ] ] ] } },
{ "type": "Feature", "properties": { "fid": 40414, "kdkab": "74", "kdkec": "022", "nmkab": "LUBUKLINGGAU", "nmkec": "LUBUK LINGGAU SELATAN II", "kddesa": "007", "kdprov": "16", "nmdesa": "KARANG KETUAN", "nmprov": "SUMATERA SELATAN", "iddesa": "1674022007" }, "geometry": { "type": "MultiPolygon", "coordinates": [ [ [ [ 11460335.54699070379138, -360592.971708990458865 ], [ 11460200.838606979697943, -360690.298092039243784 ], [ 11460133.257768630981445, -360739.1251049839193 ], [ 11460054.036696413531899, -360796.362183025281411 ], [ 11460044.980855835601687, -360802.904864964017179 ], [ 11459971.567766726016998, -360836.972642708278727 ], [ 11459968.123319046571851, -360838.571073518192861 ], [ 11459841.717365581542253, -360897.23046719894046 ], [ 11459841.368156336247921, -360897.392584915214684 ], [ 11459839.6521663852036, -360898.140400286589283 ], [ 11459831.016000291332603, -360906.093980674748309 ], [ 11459830.61747651360929, -360906.481212374928873 ], [ 11459815.854396965354681, -360920.829524597385898 ], [ 11459815.134493818506598, -360921.529173084534705 ], [ 11459795.439515545964241, -360930.156647682015318 ], [ 11459743.93643993884325, -360952.713876535650343 ], [ 11459622.491884859278798, -361005.602646645624191 ], [ 11459510.642290653660893, -361054.374047059565783 ], [ 11459491.614672727882862, -361062.664585142047144 ], [ 11459487.919978832826018, -361064.280635816510767 ], [ 11459486.355828661471605, -361064.964786989439745 ], [ 11459483.985391428694129, -361065.995250670413952 ], [ 11459483.899007499217987, -361066.03293696482433 ], [ 11459483.871956864371896, -361066.044644248497207 ], [ 11459483.866947490721941, -361066.046874208434019 ], [ 11459459.871697288006544, -361076.379163049103227 ], [ 11459387.309311728924513, -361107.624229696055409 ], [ 11459338.305915288627148, -361128.724884520517662 ], [ 11459311.137725638225675, -361138.743758274591528 ], [ 11459258.268648557364941, -361158.118429838621523 ], [ 11459088.417814783751965, -361201.538993434107397 ], [ 11459087.789750220254064, -361201.699550618883222 ], [ 11459088.1486442591995, -361192.712474091153126 ], [ 11459101.069274911656976, -361161.078144330764189 ], [ 11459120.665735432878137, -361135.248965571750887 ], [ 11459126.979888271540403, -361126.926645232015289 ], [ 11459131.986593686044216, -361120.327415036794264 ], [ 11459132.024887591600418, -361120.277017951244488 ], [ 11459153.559197809547186, -361099.427123592118733 ], [ 11459182.831659790128469, -361071.431554421200417 ], [ 11459233.610602112486959, -361022.587784514180385 ], [ 11459266.043424434959888, -360991.179843082849402 ], [ 11459258.359596582129598, -360990.324766176519915 ], [ 11459233.146511152386665, -360987.269168035418261 ], [ 11459219.687539441511035, -360985.741313241247553 ], [ 11459199.768252393230796, -360983.314897470991127 ], [ 11459174.622515259310603, -360980.343145879101939 ], [ 11459128.288560204207897, -360975.042650866089389 ], [ 11459088.879011433571577, -360971.003976882027928 ], [ 11459088.866432333365083, -360971.002638909674715 ], [ 11459056.295796481892467, -360967.857174047734588 ], [ 11459019.636284410953522, -360964.140728992642835 ], [ 11458982.736433563753963, -360960.538346313871443 ], [ 11458945.752870451658964, -360957.072771552077029 ], [ 11458919.193821061402559, -360954.466510440804996 ], [ 11458887.071802759543061, -360951.321046046097763 ], [ 11458874.30000626295805, -360949.899783632252365 ], [ 11458869.305879943072796, -360949.343967124936171 ], [ 11458862.717101925984025, -360948.728499297052622 ], [ 11458851.988686, -360947.726245628728066 ], [ 11458847.65735593251884, -360947.071419086772949 ], [ 11458837.722202694043517, -360945.569432329910342 ], [ 11458826.199410885572433, -360943.820700982410926 ], [ 11458751.439355939626694, -360932.728678414423484 ], [ 11458720.808684851974249, -360928.224502734781709 ], [ 11458697.659240143373609, -360924.899304664111696 ], [ 11458665.985839385539293, -360920.136119986767881 ], [ 11458637.098654164001346, -360915.766411114600487 ], [ 11458626.775441184639931, -360914.204773469769862 ], [ 11458618.978067455813289, -360913.078646095411386 ], [ 11458607.484218712896109, -360911.418778962513898 ], [ 11458588.641725102439523, -360908.632784530404024 ], [ 11458586.263050219044089, -360908.217232394847088 ], [ 11458581.572380838915706, -360907.397835401352495 ], [ 11458580.925280641764402, -360907.284776676911861 ], [ 11458576.020432552322745, -360906.056628929683939 ], [ 11458573.029277835041285, -360905.307587030751165 ], [ 11458551.315520603209734, -360900.005311578686815 ], [ 11458546.714240770787001, -360898.932034276251215 ], [ 11458538.215442923828959, -360896.949715877417475 ], [ 11458528.996630614623427, -360894.625656937947497 ], [ 11458525.025641737505794, -360893.624518728349358 ], [ 11458510.908771831542253, -360890.243349809548818 ], [ 11458496.133781101554632, -360886.704523197724484 ], [ 11458486.574331145733595, -360884.467432704987004 ], [ 11458486.341562090441585, -360884.429746471112594 ], [ 11458477.919352054595947, -360883.199592009419575 ], [ 11458467.103772971779108, -360881.379614579549525 ], [ 11458466.412701573222876, -360881.270458304788917 ], [ 11458451.719196705147624, -360879.155346428393386 ], [ 11458429.377374902367592, -360875.560548310051672 ], [ 11458420.396897619590163, -360874.006939054932445 ], [ 11458419.786755489185452, -360873.901350714615546 ], [ 11458419.507454890757799, -360873.853072198748123 ], [ 11458413.406033601611853, -360872.05561746150488 ], [ 11458387.56477228552103, -360864.236951702099759 ], [ 11458358.583188133314252, -360855.519614996155724 ], [ 11458340.752032097429037, -360850.113426032301504 ], [ 11458319.72467084415257, -360843.813694822427351 ], [ 11458290.549613419920206, -360834.926548726391047 ], [ 11458278.454973381012678, -360831.509702312410809 ], [ 11458274.689035011455417, -360830.445791462203488 ], [ 11458274.253998443484306, -360829.455580592853948 ], [ 11458272.269283240661025, -360824.937806323752739 ], [ 11458206.461430421099067, -360797.147460932726972 ], [ 11458082.22587307356298, -360744.889641902351286 ], [ 11458073.193632224574685, -360740.868927266914397 ], [ 11458059.302740888670087, -360735.002816258405801 ], [ 11458059.229826621711254, -360734.97204292123206 ], [ 11458061.132833311334252, -360733.88226554915309 ], [ 11458268.059068776667118, -360598.28233233030187 ], [ 11458283.518006462603807, -360589.201980501937214 ], [ 11458307.676562352105975, -360575.011702277814038 ], [ 11458304.335864434018731, -360574.724038920656312 ], [ 11458299.899782726541162, -360574.342717729043216 ], [ 11458319.096828917041421, -360552.530478630971629 ], [ 11458367.934915915131569, -360497.03745419770712 ], [ 11458392.518155664205551, -360469.104361439298373 ], [ 11458418.47507793083787, -360439.610424985876307 ], [ 11458419.396803317591548, -360438.562350453343242 ], [ 11458423.212835459038615, -360435.861886104103178 ], [ 11458513.661034923046827, -360371.864690822781995 ], [ 11458506.752547323703766, -360310.972727780463174 ], [ 11458506.684642437845469, -360310.370643095928244 ], [ 11458506.513210417702794, -360308.863201441068668 ], [ 11458510.284158173948526, -360306.906983738241252 ], [ 11458530.927801143378019, -360296.198239437537268 ], [ 11458533.245695576071739, -360291.885752740781754 ], [ 11458534.505609575659037, -360289.541859761695378 ], [ 11458546.228665148839355, -360267.73079061525641 ], [ 11458548.909238487482071, -360234.414340443909168 ], [ 11458565.083960503339767, -360204.633471804088913 ], [ 11458578.615957802161574, -360189.316006750159431 ], [ 11458589.893735412508249, -360181.490029439562932 ], [ 11458601.295077662914991, -360173.578199959592894 ], [ 11458631.35913254134357, -360166.625245428993367 ], [ 11458647.084123810753226, -360165.667486010876019 ], [ 11458666.205472741276026, -360164.503457107639406 ], [ 11458701.045133778825402, -360165.014113461598754 ], [ 11458708.622651517391205, -360164.026249863032717 ], [ 11458717.599455250427127, -360162.855531163106207 ], [ 11458723.765441844239831, -360158.900731977017131 ], [ 11458728.502086183056235, -360155.862438361102249 ], [ 11458738.092260310426354, -360147.208040630153846 ], [ 11458738.09893948584795, -360147.128877758397721 ], [ 11458738.101165870204568, -360147.113268178305589 ], [ 11458739.282265668734908, -360142.278758220665623 ], [ 11458742.492719786241651, -360129.146642505947966 ], [ 11458743.834119651466608, -360122.271738584677223 ], [ 11458745.572930097579956, -360113.368705186818261 ], [ 11458756.182790758088231, -360088.85609899670817 ], [ 11458756.948668856173754, -360087.085527507471852 ], [ 11458770.064331261441112, -360062.559547385724727 ], [ 11458785.339591789990664, -360046.367965843528509 ], [ 11458795.539796728640795, -360044.546106448106002 ], [ 11458802.33139886520803, -360043.334135130513459 ], [ 11458814.519769910722971, -360046.428174168569967 ], [ 11458814.987311771139503, -360046.967819188605063 ], [ 11458824.891406871378422, -360058.409632107883226 ], [ 11458824.923689523711801, -360058.387332719692495 ], [ 11458825.579361325129867, -360057.949149842606857 ], [ 11458845.826150305569172, -360071.482646233926062 ], [ 11458856.68870622292161, -360084.22005608381005 ], [ 11458867.542356573045254, -360101.341527674172539 ], [ 11458881.13001361489296, -360106.846132629783824 ], [ 11458884.948272153735161, -360108.392595521756448 ], [ 11458896.275030340999365, -360107.100345705635846 ], [ 11458910.658621747046709, -360100.991427227447275 ], [ 11458913.743284836411476, -360098.586437874124385 ], [ 11458926.362462311983109, -360088.746831985481549 ], [ 11458941.044389951974154, -360075.56008899101289 ], [ 11458947.304998112842441, -360069.937298816861585 ], [ 11458959.724913699552417, -360061.435658441041596 ], [ 11458965.186247922480106, -360057.697166817146353 ], [ 11458986.105406630784273, -360050.724149964633398 ], [ 11458993.27883461676538, -360050.88693544670241 ], [ 11459007.444239821285009, -360051.206931574444752 ], [ 11459025.605124190449715, -360053.420368225022685 ], [ 11459025.731805766001344, -360053.435754800739232 ], [ 11459028.228701945394278, -360053.980974697857164 ], [ 11459031.826547887176275, -360054.763683018391021 ], [ 11459041.289817802608013, -360051.12219392642146 ], [ 11459048.825034130364656, -360048.222159371187445 ], [ 11459057.7039880361408, -360037.702092312567402 ], [ 11459061.828263852745295, -360032.815517983399332 ], [ 11459063.230889433994889, -360031.151984387310222 ], [ 11459069.00725781172514, -360019.169414372183383 ], [ 11459069.354574628174305, -360018.450259517063387 ], [ 11459083.745958393439651, -360008.833654339367058 ], [ 11459084.630948344245553, -360007.583774465427268 ], [ 11459093.353943645954132, -359995.261141545895953 ], [ 11459098.180756766349077, -359977.73383752303198 ], [ 11459118.231623446568847, -359969.444048053643201 ], [ 11459118.764843806624413, -359968.373678509320598 ], [ 11459120.640577226877213, -359964.617350467771757 ], [ 11459121.729281850159168, -359962.436472624714952 ], [ 11459124.807265769690275, -359947.973105903540272 ], [ 11459128.762447277083993, -359935.502188736398239 ], [ 11459131.56547205708921, -359934.299138331320137 ], [ 11459134.967395693063736, -359924.092722315923311 ], [ 11459134.803756045177579, -359922.925351005396806 ], [ 11459132.80000521056354, -359908.591325587185565 ], [ 11459126.222136493772268, -359898.615710179554299 ], [ 11459119.614211523905396, -359893.605045971926302 ], [ 11459117.439028676599264, -359891.956009005720261 ], [ 11459112.734666991978884, -359888.64678546146024 ], [ 11459092.185088988393545, -359874.193462880444713 ], [ 11459083.241681102663279, -359860.976640775275882 ], [ 11459077.93285458534956, -359853.131731743866112 ], [ 11459066.982356276363134, -359830.970647144655231 ], [ 11459064.88843665830791, -359820.318253724602982 ], [ 11459061.539946369826794, -359803.286021995125338 ], [ 11459061.588926946744323, -359778.932923188898712 ], [ 11459063.821995930746198, -359762.333304582105484 ], [ 11459061.635681131854653, -359754.199626151123084 ], [ 11459060.548089710995555, -359750.150069130584598 ], [ 11459056.913508333265781, -359747.700488593487535 ], [ 11459047.37120158597827, -359741.268249366839882 ], [ 11459046.067650346085429, -359741.002887449925765 ], [ 11459036.379515064880252, -359739.031627527438104 ], [ 11459029.984210316091776, -359741.591589513409417 ], [ 11459025.375583397224545, -359743.436858317814767 ], [ 11459018.241117229685187, -359742.288443289522547 ], [ 11459004.490933729335666, -359740.073005782149266 ], [ 11458973.595322251319885, -359720.845418384647928 ], [ 11458961.66187284514308, -359713.419746193045285 ], [ 11458938.586455592885613, -359705.623905872926116 ], [ 11458902.318565495312214, -359696.694146081921645 ], [ 11458902.482205148786306, -359615.88704350439366 ], [ 11458911.634893678128719, -359614.524556536634918 ], [ 11458924.480049716308713, -359612.611276974843349 ], [ 11458945.788826648145914, -359594.411708564613946 ], [ 11458954.219051690772176, -359587.212382456636988 ], [ 11458954.986042976379395, -359580.389134317112621 ], [ 11458955.085117325186729, -359579.507977918779943 ], [ 11458956.457686647772789, -359567.29242817388149 ], [ 11458952.471335684880614, -359557.604169124970213 ], [ 11458952.387400783598423, -359557.400130668655038 ], [ 11458951.464116927236319, -359555.156042204063851 ], [ 11459159.938583871349692, -359620.864246472367086 ], [ 11459168.086280042305589, -359623.432345039211214 ], [ 11459168.10787602327764, -359623.620439607824665 ], [ 11459168.596011985093355, -359627.873138710332569 ], [ 11459195.967137064784765, -359633.688461375655606 ], [ 11459198.334457354620099, -359634.191422074683942 ], [ 11459200.125142684206367, -359634.571848127408884 ], [ 11459206.804534770548344, -359768.371627413027454 ], [ 11459209.190334094688296, -359816.163775965920649 ], [ 11459213.202065907418728, -359825.985853162535932 ], [ 11459225.507656376808882, -359856.114045879570767 ], [ 11459252.700224991887808, -359865.192666373332031 ], [ 11459263.254871187731624, -359868.716520433488768 ], [ 11459275.277710156515241, -359868.84005880827317 ], [ 11459290.104019178077579, -359868.992363345634658 ], [ 11459444.944421492516994, -359870.582975693396293 ], [ 11459451.650752894580364, -359870.582975693396293 ], [ 11459452.599306274205446, -359870.582975693396293 ], [ 11459510.379020057618618, -359873.921745341969654 ], [ 11459585.284124299883842, -359878.250048635352869 ], [ 11459589.00865182466805, -359878.666488954157103 ], [ 11459589.566473791375756, -359880.93087623937754 ], [ 11459704.337536714971066, -359869.982900286035147 ], [ 11459867.441296149045229, -359876.89469429088058 ], [ 11459864.65519193559885, -359963.328224204131402 ], [ 11459869.89166078530252, -359984.545959934592247 ], [ 11459900.120579827576876, -360031.987876567989588 ], [ 11459888.372366048395634, -360077.034412941080518 ], [ 11459828.216649059206247, -360152.906764111365192 ], [ 11459826.474499026313424, -360155.10414718784159 ], [ 11459823.809399096295238, -360158.46544762753183 ], [ 11459831.95364436134696, -360175.832558420370333 ], [ 11459907.493047060444951, -360336.914887604070827 ], [ 11459907.208959724754095, -360337.334451531874947 ], [ 11459871.76650364883244, -360380.722253713349346 ], [ 11459744.035736924037337, -360537.086862871132325 ], [ 11459847.062370931729674, -360542.486347003956325 ], [ 11459908.002222411334515, -360545.680189878621604 ], [ 11459937.288710650056601, -360547.215063048119191 ], [ 11459937.292718155309558, -360547.21528604690684 ], [ 11460361.718536950647831, -360569.45913062908221 ], [ 11460356.192748745903373, -360571.243535348854493 ], [ 11460369.485631782561541, -360568.451639947714284 ], [ 11460335.54699070379138, -360592.971708990458865 ] ] ] ] } },
{ "type": "Feature", "properties": { "fid": 40697, "kdkab": "74", "kdkec": "021", "nmkab": "LUBUKLINGGAU", "nmkec": "LUBUK LINGGAU SELATAN I", "kddesa": "007", "kdprov": "16", "nmdesa": "AIR TEMAM", "nmprov": "SUMATERA SELATAN", "iddesa": "1674021007" }, "geometry": { "type": "MultiPolygon", "coordinates": [ [ [ [ 11458736.739394538104534, -366629.491999849793501 ], [ 11458685.209379613399506, -366711.138091523898765 ], [ 11458652.603121522814035, -366746.908654216618743 ], [ 11458612.233442146331072, -366773.347826503391843 ], [ 11458573.796937042847276, -366790.535438305872958 ], [ 11458517.689242014661431, -366794.220632824173663 ], [ 11458416.209614973515272, -366781.688853399769869 ], [ 11458325.851027701050043, -366774.72667999000987 ], [ 11458282.227590929716825, -366787.578250988561194 ], [ 11458283.451994005590677, -366783.081198929634411 ], [ 11458279.909028574824333, -366761.788137683062814 ], [ 11458275.111158518120646, -366732.953760226839222 ], [ 11458291.792718170210719, -366682.826232649036683 ], [ 11458289.012513890862465, -366624.344220068887807 ], [ 11458286.337061250582337, -366618.448475437762681 ], [ 11458275.111158518120646, -366593.710770649719052 ], [ 11458577.704251170158386, -365428.937683260475751 ], [ 11458611.523112477734685, -365298.759551942814142 ], [ 11458647.915346449241042, -365139.065215976093896 ], [ 11458659.576397068798542, -365124.758400454069488 ], [ 11458683.709349473938346, -365095.147947779216338 ], [ 11458683.793952284380794, -365095.599530542152934 ], [ 11458683.83736689016223, -365095.835914602095727 ], [ 11458693.875156695023179, -365097.828565369767603 ], [ 11458733.355615979060531, -365105.665923989785369 ], [ 11458743.578084820881486, -365107.695259066007566 ], [ 11458744.672355411574244, -365107.642853156081401 ], [ 11458787.461341282352805, -365112.986025683407206 ], [ 11458858.21790206246078, -365092.567012967658229 ], [ 11458863.357856908813119, -365091.083703026466537 ], [ 11458881.46731167472899, -365085.85760854795808 ], [ 11458911.003712164238095, -365066.56666537723504 ], [ 11458974.49812332354486, -365025.098006231011823 ], [ 11459003.366606872528791, -364990.729797612759285 ], [ 11459007.98413934931159, -364985.232758446945809 ], [ 11459026.193336378782988, -364985.270557558746077 ], [ 11459028.51980241574347, -364985.275352136406582 ], [ 11459042.433068973943591, -364985.304119602427818 ], [ 11459045.8861995767802, -364989.250168584287167 ], [ 11459060.621560569852591, -365006.090288209088612 ], [ 11459063.697318103164434, -365009.604825842252467 ], [ 11459066.385683806613088, -365012.67670130438637 ], [ 11459067.369748102501035, -365042.104269034229219 ], [ 11459073.317548498511314, -365055.349576098727994 ], [ 11459074.046579841524363, -365056.973154919687659 ], [ 11459082.956703202798963, -365076.81703433545772 ], [ 11459095.228563871234655, -365088.491283607145306 ], [ 11459100.668747385963798, -365093.668317365867551 ], [ 11459108.016946975141764, -365094.355169159651268 ], [ 11459112.150239668786526, -365094.74208080797689 ], [ 11459120.506993839517236, -365091.606646989996079 ], [ 11459126.371304616332054, -365086.119638027041219 ], [ 11459136.195249676704407, -365076.927421219239477 ], [ 11459137.730345457792282, -365069.286196440807544 ], [ 11459138.783427840098739, -365064.037802607868798 ], [ 11459140.414258377626538, -365055.917120642377995 ], [ 11459148.229220589622855, -365050.041640917945188 ], [ 11459148.283989783376455, -365050.000496725435369 ], [ 11459149.363232241943479, -365049.189097614958882 ], [ 11459178.052491413429379, -365027.621293027186766 ], [ 11459231.321094145998359, -365013.019011932134163 ], [ 11459251.743322649970651, -365009.791145401482936 ], [ 11459263.23305257037282, -364993.085161901137326 ], [ 11459273.882431657984853, -364984.386013735143933 ], [ 11459282.401823606342077, -364977.426740291062742 ], [ 11459283.646375514566898, -364976.410178403486498 ], [ 11459366.686930784955621, -364926.385131367482245 ], [ 11459386.70395634137094, -364922.017831022909377 ], [ 11459398.595104346051812, -364922.216304124158341 ], [ 11459408.842508750036359, -364925.825727099901997 ], [ 11459414.978216441348195, -364914.702313425717875 ], [ 11459417.343755625188351, -364910.415071777708363 ], [ 11459460.373191598802805, -364865.26691495947307 ], [ 11459462.326848661527038, -364863.21639897453133 ], [ 11459490.843562619760633, -364842.459247415768914 ], [ 11459550.144568555057049, -364799.292501850053668 ], [ 11459646.215515498071909, -364737.205071981123183 ], [ 11459661.988374151289463, -364727.011600004567299 ], [ 11459674.453930728137493, -364717.935374371299986 ], [ 11459688.177063595503569, -364707.942606906464789 ], [ 11459716.826581705361605, -364687.08067279815441 ], [ 11459716.81734219007194, -364687.001506728003733 ], [ 11459724.798059124499559, -364674.879286436713301 ], [ 11459739.060980200767517, -364658.645004323974717 ], [ 11459749.433952990919352, -364649.878423833870329 ], [ 11459762.400224640965462, -364638.839109746390022 ], [ 11459786.38779379054904, -364623.254217278969008 ], [ 11459818.155036881566048, -364609.942060631350614 ], [ 11459838.90109378285706, -364603.773021127679385 ], [ 11459853.812228258699179, -364600.201519045280293 ], [ 11459870.992610549554229, -364596.954597700969316 ], [ 11459888.172881511971354, -364596.629905570356641 ], [ 11459909.891314174979925, -364600.201519045280293 ], [ 11459933.23055861517787, -364610.266752800613176 ], [ 11459959.487264269962907, -364631.046718990954105 ], [ 11459974.074236381798983, -364647.280997098423541 ], [ 11459989.309644533321261, -364665.13873918709578 ], [ 11460005.452863125130534, -364692.722203242068645 ], [ 11460005.841590790078044, -364693.386417759407777 ], [ 11460019.132024796679616, -364715.789750279742293 ], [ 11460043.767918664962053, -364754.427492479444481 ], [ 11460079.100947681814432, -364800.532957382441964 ], [ 11460104.385166259482503, -364836.573186270776205 ], [ 11460123.510300062596798, -364857.67788746044971 ], [ 11460144.256356963887811, -364873.912198520614766 ], [ 11460159.815816149115562, -364879.431867049424909 ], [ 11460181.858522478491068, -364888.523158542637248 ], [ 11460202.604468060657382, -364893.068748813471757 ], [ 11460228.537011357024312, -364900.536576349346433 ], [ 11460244.744795260950923, -364900.861157856823411 ], [ 11460261.276741517707705, -364898.913111298403237 ], [ 11460278.132961452007294, -364896.315567268466111 ], [ 11460283.96777256578207, -364891.120590890641324 ], [ 11460285.588473027572036, -364884.62684288318269 ], [ 11460285.264310674741864, -364878.782481146394275 ], [ 11460282.346960777416825, -364871.314655072521418 ], [ 11460276.187987310811877, -364860.275319090578705 ], [ 11460251.876255797222257, -364831.702905480284244 ], [ 11460236.640847651287913, -364809.948935199470725 ], [ 11460231.454361254349351, -364795.987370879796799 ], [ 11460227.240361928939819, -364780.402456479379907 ], [ 11460226.592037217691541, -364774.55810019938508 ], [ 11460234.047660110518336, -364769.038325355853885 ], [ 11460241.17912064678967, -364768.064358972827904 ], [ 11460255.117768052965403, -364769.687710620404687 ], [ 11460269.056526770815253, -364773.259329623717349 ], [ 11460317.042463067919016, -364788.840674975188449 ], [ 11460552.180285762995481, -365019.926550744392443 ], [ 11460609.555464511737227, -365085.924509687756654 ], [ 11460626.413910837844014, -365105.316922956786584 ], [ 11460636.550663666799664, -365116.977348971238825 ], [ 11460782.151882210746408, -365284.46386613859795 ], [ 11460870.251797014847398, -365435.948275916860439 ], [ 11460940.569536358118057, -365556.857151450589299 ], [ 11460957.112725891172886, -365586.463266670820303 ], [ 11460957.116065470501781, -365586.467726770672016 ], [ 11460967.420354135334492, -365604.908442403946538 ], [ 11460969.508930424228311, -365608.646338283317164 ], [ 11460974.651111654937267, -365617.848968670004979 ], [ 11461146.48499084636569, -365925.372003960772417 ], [ 11461199.013318968936801, -365974.807872659992427 ], [ 11461199.09569538757205, -365974.885924615897238 ], [ 11461330.036359630525112, -366098.118883212096989 ], [ 11461330.039699217304587, -366098.121113265922759 ], [ 11461376.556774832308292, -366141.900513242639136 ], [ 11461391.311060139909387, -366154.882804048771504 ], [ 11461398.780597975477576, -366161.453674660238903 ], [ 11461403.237941702827811, -366165.375346144312061 ], [ 11461576.19937601312995, -366317.553166036668699 ], [ 11461805.019928922876716, -366518.878176765341777 ], [ 11461823.548167606815696, -366532.37699513649568 ], [ 11461926.559216886758804, -366607.426249275566079 ], [ 11462039.268531519919634, -366689.54130850743968 ], [ 11462153.372456736862659, -366772.672449216654059 ], [ 11462153.926827805116773, -366773.076315244776197 ], [ 11462186.308109199628234, -366796.667914259072859 ], [ 11462250.941875346004963, -366843.756572227168363 ], [ 11462344.735782109200954, -366912.089832035824656 ], [ 11462456.666416907683015, -366980.604439103626646 ], [ 11462524.206178361549973, -367021.946712704491802 ], [ 11462515.937366582453251, -367207.34319874556968 ], [ 11462503.019964193925261, -367496.94207500340417 ], [ 11462461.232742417603731, -368433.789539032615721 ], [ 11462392.426165157929063, -368380.784407388884574 ], [ 11462314.057243641465902, -368320.412155389494728 ], [ 11462072.291347146034241, -368155.539642572402954 ], [ 11461972.730534162372351, -368087.644276363484096 ], [ 11461544.051420265808702, -367814.685030694876332 ], [ 11461278.275022801011801, -367566.07009456527885 ], [ 11461141.987683419138193, -367455.844710738572758 ], [ 11461079.88365269638598, -367405.617617785814218 ], [ 11460985.117370188236237, -367324.942439275153447 ], [ 11460873.371303102001548, -367302.955941368709318 ], [ 11460802.47459108568728, -367302.955941368709318 ], [ 11460702.385121842846274, -367325.931146592774894 ], [ 11460623.131433011963964, -367357.685192168690264 ], [ 11460507.235041357576847, -367572.476022186805494 ], [ 11460396.709258534014225, -367869.273257830529474 ], [ 11460355.375218402594328, -367980.269551357312594 ], [ 11460315.549557376652956, -368020.197201327129733 ], [ 11460172.22682617790997, -368139.931175485369749 ], [ 11460108.489738527685404, -368211.817339252040256 ], [ 11460044.817216185852885, -368251.696010549843777 ], [ 11459989.144112449139357, -368267.584371205011848 ], [ 11459913.253162793815136, -368275.064133614185266 ], [ 11459909.63973212428391, -368275.420949965366162 ], [ 11459833.374748982489109, -368303.160079311113805 ], [ 11459822.139272779226303, -368307.246742638759315 ], [ 11459819.379662603139877, -368305.95774322404759 ], [ 11459779.862356564030051, -368287.495838830887806 ], [ 11459777.569063732400537, -368286.424497638829052 ], [ 11459620.813520897179842, -368213.193311510898639 ], [ 11459615.670560423284769, -368210.79149284522282 ], [ 11459593.031515579670668, -368219.852393046836369 ], [ 11459575.893879970535636, -368226.712184097850695 ], [ 11459489.808291349560022, -368234.430564585549291 ], [ 11459488.442401202395558, -368234.532034194970038 ], [ 11459067.129298007115722, -368249.656582568190061 ], [ 11458884.343807321041822, -368233.270911891071592 ], [ 11458867.657015644013882, -368148.362066741916351 ], [ 11458829.280734393745661, -367953.083566693821922 ], [ 11458822.716224016621709, -367866.171197137737181 ], [ 11458798.932814810425043, -367551.289073076855857 ], [ 11458791.890743823722005, -367458.055840699875262 ], [ 11458790.593871751800179, -367440.871916610863991 ], [ 11458786.784518780186772, -367401.711624580959324 ], [ 11458774.369055975228548, -367274.041586345992982 ], [ 11458743.890892585739493, -366960.654180049838033 ], [ 11458737.966469287872314, -366686.31595793471206 ], [ 11458736.775907332077622, -366631.183061229239684 ], [ 11458736.739394538104534, -366629.491999849793501 ] ] ] ] } },
{ "type": "Feature", "properties": { "fid": 40521, "kdkab": "74", "kdkec": "042", "nmkab": "LUBUKLINGGAU", "nmkec": "LUBUK LINGGAU UTARA II", "kddesa": "010", "kdprov": "16", "nmdesa": "KALI SERAYU", "nmprov": "SUMATERA SELATAN", "iddesa": "1674042010" }, "geometry": { "type": "MultiPolygon", "coordinates": [ [ [ [ 11450496.391455616801977, -365606.856835807149764 ], [ 11450494.491565868258476, -365649.076011496537831 ], [ 11450494.342286428436637, -365652.393990541168023 ], [ 11450496.022542821243405, -365666.313960165483877 ], [ 11450502.463265918195248, -365719.673599667439703 ], [ 11450513.770765837281942, -365776.303858866391238 ], [ 11450513.734030406922102, -365776.310103015508503 ], [ 11450516.944261880591512, -365792.99624494073214 ], [ 11450517.906730201095343, -365797.998586827132385 ], [ 11450394.658020131289959, -365790.401579145225696 ], [ 11450391.575472110882401, -365790.25539922126336 ], [ 11450360.990664655342698, -365788.80519626691239 ], [ 11450327.712816080078483, -365758.862400966405403 ], [ 11450327.850629607215524, -365758.680317252525128 ], [ 11450324.797135975211859, -365755.213925109943375 ], [ 11450326.05170663818717, -365753.478053020138759 ], [ 11450329.241121366620064, -365749.065004219533876 ], [ 11450333.753011651337147, -365742.822310009330977 ], [ 11450339.141654243692756, -365735.828311916440725 ], [ 11450342.030840301886201, -365727.473314154776745 ], [ 11450339.078758731484413, -365727.944189413334243 ], [ 11450338.133433613926172, -365728.095052363874856 ], [ 11450337.747266296297312, -365728.156601772876456 ], [ 11450334.929436029866338, -365728.606180050584953 ], [ 11450311.72377497702837, -365739.895479248953052 ], [ 11450311.630489243194461, -365739.977545134257525 ], [ 11450128.638389581814408, -365568.668598927208222 ], [ 11450038.759032718837261, -365484.526697625347879 ], [ 11450028.692411165684462, -365475.102523193694651 ], [ 11449950.844464860856533, -365418.625509690900799 ], [ 11449942.016272645443678, -365412.22082124958979 ], [ 11449941.930445315316319, -365412.158603002491873 ], [ 11449803.145764473825693, -365311.473024314967915 ], [ 11449768.979586359113455, -365286.686103114974685 ], [ 11449663.644631395116448, -365210.268160099978559 ], [ 11449574.740433264523745, -365131.179797669290565 ], [ 11449578.169073579832911, -365131.141887007222977 ], [ 11449787.412424247711897, -365128.838814216607716 ], [ 11449840.033704141154885, -365128.259561594051775 ], [ 11450096.454477639868855, -365125.438004813389853 ], [ 11450096.783872010186315, -365133.721819198050071 ], [ 11450096.775411728769541, -365133.72616777260555 ], [ 11450097.154899878427386, -365143.456943748868071 ], [ 11450110.133305348455906, -365143.228922235488426 ], [ 11450113.418343521654606, -365143.184432947135065 ], [ 11450113.431145260110497, -365143.18420994549524 ], [ 11450125.828908270224929, -365143.01651099108858 ], [ 11450504.720157274976373, -365143.887898840242997 ], [ 11450505.385291235521436, -365151.314487433992326 ], [ 11450508.441011259332299, -365204.228318255220074 ], [ 11450509.852653719484806, -365228.673021334165242 ], [ 11450514.341166911646724, -365306.399008410400711 ], [ 11450513.47755029797554, -365340.599503548408393 ], [ 11450513.374245813116431, -365344.695870021765586 ], [ 11450513.354542262852192, -365344.694978007581085 ], [ 11450512.071919089183211, -365372.771561262663454 ], [ 11450509.601962227374315, -365426.836757890705485 ], [ 11450509.597620768472552, -365426.836646389681846 ], [ 11450508.469509044662118, -365440.47805518162204 ], [ 11450507.866714004427195, -365447.767404240439646 ], [ 11450498.554504642263055, -365560.369364895334002 ], [ 11450498.484596, -365561.962176416243892 ], [ 11450496.511903302744031, -365606.89831471524667 ], [ 11450496.391455616801977, -365606.856835807149764 ] ] ] ] } },
{ "type": "Feature", "properties": { "fid": 40509, "kdkab": "74", "kdkec": "041", "nmkab": "LUBUKLINGGAU", "nmkec": "LUBUK LINGGAU UTARA I", "kddesa": "009", "kdprov": "16", "nmdesa": "DURIAN RAMPAK", "nmprov": "SUMATERA SELATAN", "iddesa": "1674041009" }, "geometry": { "type": "MultiPolygon", "coordinates": [ [ [ [ 11451454.115558955818415, -355672.763914904964622 ], [ 11451395.406216107308865, -355722.83191617007833 ], [ 11451382.618055647239089, -355744.372747533139773 ], [ 11451383.199254706501961, -355763.002731334941927 ], [ 11451416.332387944683433, -355826.460941282508429 ], [ 11451420.40133797749877, -355846.255257617100142 ], [ 11451409.356997337192297, -355893.994583918829449 ], [ 11451412.844636978581548, -355918.446414496283978 ], [ 11451423.30766724050045, -355932.418811824638397 ], [ 11451430.283057855442166, -356061.664320545911323 ], [ 11451424.470288002863526, -356080.876461045525502 ], [ 11451408.194376569241285, -356087.280620085657574 ], [ 11451350.647543163970113, -356090.773696540622041 ], [ 11451328.558861885219812, -356097.177744643006008 ], [ 11451312.283061776310205, -356107.074981548881624 ], [ 11451311.701751397922635, -356128.615885260282084 ], [ 11451314.026881603524089, -356139.677447051100899 ], [ 11451334.371743055060506, -356154.814305208972655 ], [ 11451340.285813642665744, -356168.141743813932408 ], [ 11450942.384980473667383, -356139.680680347781163 ], [ 11450362.256812544539571, -356122.462806263123639 ], [ 11450301.977308278903365, -356125.738472323922906 ], [ 11449937.020810494199395, -356145.573089451005217 ], [ 11449476.055704679340124, -356152.603843260847498 ], [ 11449197.906145811080933, -356201.125644735293463 ], [ 11449022.88964238576591, -356231.655813608202152 ], [ 11448899.528722273185849, -356261.670892080292106 ], [ 11448696.881608039140701, -356310.975422396499198 ], [ 11448593.667289374396205, -356262.752376050921157 ], [ 11448530.071577474474907, -356270.619336078932974 ], [ 11448519.736675951629877, -356272.830246283498127 ], [ 11448499.325913354754448, -356277.199107549327891 ], [ 11448494.619659245014191, -356278.206448687415104 ], [ 11448493.951185703277588, -356278.349159994104411 ], [ 11448493.893522202968597, -356278.361424250411801 ], [ 11448490.142611959949136, -356256.182305318186991 ], [ 11448481.670085521414876, -356206.083298526820727 ], [ 11448460.021895464509726, -356078.076425467268564 ], [ 11448460.019446436315775, -356078.061819878581446 ], [ 11448459.23408742621541, -356078.241658109123819 ], [ 11448423.905288549140096, -355875.767736825975589 ], [ 11447928.474332552403212, -356016.934899522573687 ], [ 11447827.349926002323627, -356222.967486189736519 ], [ 11447801.109695635735989, -356228.977524868270848 ], [ 11447795.922875279560685, -356230.165484501223546 ], [ 11447749.709033953025937, -356240.750311308365781 ], [ 11447749.420048553496599, -356240.816538255894557 ], [ 11447740.717090763151646, -356240.609049463702831 ], [ 11447739.045517293736339, -356240.569246397528332 ], [ 11447153.639469664543867, -356226.612197485228535 ], [ 11445520.01648011431098, -356187.663964568346273 ], [ 11444484.851637171581388, -356160.308350265433546 ], [ 11444673.851983712986112, -356002.576614811026957 ], [ 11444902.749347070232034, -355811.548115516547114 ], [ 11444898.365585524588823, -355792.111585370788816 ], [ 11444796.013992907479405, -355338.330363432469312 ], [ 11444795.991729011759162, -355338.227790517441463 ], [ 11444795.989502619951963, -355338.218871139572002 ], [ 11444788.913256550207734, -355306.845836071646772 ], [ 11444760.224776620045304, -355179.65352655260358 ], [ 11444806.041652640327811, -354974.334246975718997 ], [ 11444848.820619756355882, -354782.630706947180443 ], [ 11444885.311148831620812, -354505.827120504865889 ], [ 11444910.849287176504731, -354312.092545244202483 ], [ 11444915.709162186831236, -354275.225055254122708 ], [ 11444822.585955360904336, -353935.234073715342674 ], [ 11444806.849832145497203, -353877.782811341341585 ], [ 11445035.398765498772264, -353648.872203643899411 ], [ 11445039.041139233857393, -353645.224229518848006 ], [ 11445060.209653602913022, -353624.023169459018391 ], [ 11445070.675912126898766, -353613.539706040930469 ], [ 11445436.930395172908902, -353559.759988533507567 ], [ 11445663.22065606340766, -353526.530229737458285 ], [ 11446216.714522624388337, -353479.994089767860714 ], [ 11446221.593655904754996, -353479.583804762747604 ], [ 11446224.130627101287246, -353479.370857929636259 ], [ 11446273.580971302464604, -353475.21226274932269 ], [ 11446288.697044957429171, -353473.941271221148781 ], [ 11446338.894342940300703, -353469.721356468333397 ], [ 11446382.541602084413171, -353466.051089917251375 ], [ 11446423.945773489773273, -353462.570357291901018 ], [ 11446431.234973745420575, -353461.957159692188725 ], [ 11446432.097699800506234, -353462.307239775720518 ], [ 11446451.339273784309626, -353470.095964481588453 ], [ 11446718.732030251994729, -353578.338778165460099 ], [ 11446779.191872095689178, -353602.814308953587897 ], [ 11446790.904908914119005, -353702.84595659840852 ], [ 11446796.271621564403176, -353748.682024711219128 ], [ 11446795.953247820958495, -353901.208161533926614 ], [ 11446811.121641639620066, -354051.907162305840757 ], [ 11446821.336318111047149, -354153.405308847373817 ], [ 11446823.784233713522553, -354177.721529587404802 ], [ 11446891.672759134322405, -354273.830634065612685 ], [ 11446918.197633441537619, -354311.381676742399577 ], [ 11446918.538271080702543, -354311.486478561069816 ], [ 11446918.772042013704777, -354311.558947903802618 ], [ 11446925.060480050742626, -354325.178725406120066 ], [ 11446971.468462565913796, -354425.687069530889858 ], [ 11447134.8275889120996, -354466.849704202089924 ], [ 11447148.744751658290625, -354468.130740931548644 ], [ 11447322.549319783225656, -354484.123967234103475 ], [ 11447322.824724201112986, -354484.511177092150319 ], [ 11447334.113299809396267, -354481.315943279420026 ], [ 11447349.75702784396708, -354501.28495752660092 ], [ 11447399.142250144854188, -354504.357105293602217 ], [ 11447396.724947402253747, -354520.09412918012822 ], [ 11447397.261173387989402, -354520.135938493302092 ], [ 11447399.979817993938923, -354520.347883833746891 ], [ 11447456.162987636402249, -354525.037104862101842 ], [ 11447510.248007513582706, -354528.918904582911637 ], [ 11447513.387996392324567, -354529.144228918186855 ], [ 11447521.497176021337509, -354529.726214585010894 ], [ 11447538.923463068902493, -354511.674626025196631 ], [ 11447555.576413610950112, -354494.423995039833244 ], [ 11447699.778457470238209, -354495.964584228931926 ], [ 11447712.557489734143019, -354496.100603828497697 ], [ 11447716.328326163813472, -354496.140740759496111 ], [ 11447961.479448376223445, -354312.030556086276192 ], [ 11448127.361074386164546, -354187.451364060631022 ], [ 11448140.014760907739401, -354180.501004389137961 ], [ 11448249.76464687846601, -354076.946938612440135 ], [ 11448301.31002389639616, -354028.31231508118799 ], [ 11448303.989484038203955, -354026.97107810509624 ], [ 11448377.144200609996915, -353990.339594450604636 ], [ 11448485.567158253863454, -353842.145873483619653 ], [ 11448586.06194175966084, -353704.789239619101863 ], [ 11448669.932272516191006, -353612.29993035888765 ], [ 11448680.97182640992105, -353600.126270405482501 ], [ 11448696.450801610946655, -353380.830030925688334 ], [ 11448700.482793569564819, -353323.711286344681866 ], [ 11448710.207664284855127, -353199.803220103494823 ], [ 11448737.928443877026439, -353120.90273398172576 ], [ 11448834.037239452823997, -352847.344154660706408 ], [ 11448900.754349870607257, -352637.75898212188622 ], [ 11448892.605763141065836, -352519.465151792624965 ], [ 11448891.560473121702671, -352504.279159578611143 ], [ 11448872.798686143010855, -352418.444504010723904 ], [ 11448878.250001611188054, -352364.68987129512243 ], [ 11448882.464557534083724, -352323.135544951888733 ], [ 11448886.330683447420597, -352277.574307018192485 ], [ 11448892.169390739873052, -352208.760884210700169 ], [ 11448894.875456238165498, -352191.030971204629168 ], [ 11448897.841118795797229, -352171.600404240831267 ], [ 11448928.364923167973757, -351971.585560669889674 ], [ 11448940.162562804296613, -351894.276860925601795 ], [ 11448940.417484436184168, -351770.350260071165394 ], [ 11448939.112820006906986, -351701.93403899401892 ], [ 11448931.869260741397738, -351322.290859218977857 ], [ 11448936.099401393905282, -351268.389570980740245 ], [ 11448941.594131458550692, -351198.383823309268337 ], [ 11448894.61953273229301, -351017.164210379647557 ], [ 11448876.565737713128328, -350941.175050981109962 ], [ 11448828.903184534981847, -350740.577020215860102 ], [ 11448817.026508061215281, -350692.327318829018623 ], [ 11448810.12136005051434, -350664.27587612287607 ], [ 11448773.409305179491639, -350610.01813284761738 ], [ 11448687.39607422798872, -350482.898784706136212 ], [ 11448628.958907535299659, -350352.151773102581501 ], [ 11448829.886135639622808, -350061.302493368100841 ], [ 11449063.052601471543312, -349723.78218128537992 ], [ 11449163.318066826090217, -349595.969239255704451 ], [ 11449444.350800508633256, -349237.722720735997427 ], [ 11449894.580254632979631, -348856.128778249782044 ], [ 11450356.237767679616809, -348520.921939447580371 ], [ 11450363.836436118930578, -348534.040465389902238 ], [ 11450445.363491594791412, -348674.784604115120601 ], [ 11450451.54840249940753, -348685.461606512661092 ], [ 11450631.860374100506306, -348996.743981263309252 ], [ 11450688.863745752722025, -349073.517848768387921 ], [ 11450693.835274212062359, -349080.213713272940367 ], [ 11450804.25752991065383, -349228.932017696439289 ], [ 11451085.898068007081747, -349439.210052540292963 ], [ 11451333.587274605408311, -349624.13748540886445 ], [ 11451468.368461277335882, -349830.455101229541469 ], [ 11451712.72587551549077, -350204.505657127534505 ], [ 11451814.158414416015148, -350391.155115861387458 ], [ 11452025.739585703238845, -350780.494136629335117 ], [ 11452044.90100965462625, -350804.270045975863468 ], [ 11452324.830567179247737, -351151.631218668248039 ], [ 11452325.187902744859457, -351152.07494187814882 ], [ 11452328.684447951614857, -351156.414064442040399 ], [ 11452350.507520919665694, -351183.493448357679881 ], [ 11452372.313895976170897, -351210.552770706184674 ], [ 11452522.549567557871342, -351396.979197794280481 ], [ 11452558.631554106250405, -351441.752980087359902 ], [ 11452583.481404036283493, -351472.588479951606132 ], [ 11452625.138270689174533, -351524.280159044836182 ], [ 11452640.071780379861593, -351542.810681180562824 ], [ 11452667.304980602115393, -351576.605116759368684 ], [ 11452689.053469520062208, -351576.649712217971683 ], [ 11452719.336823800578713, -351576.712145862577017 ], [ 11452759.087900763377547, -351576.797992130217608 ], [ 11452708.08019688911736, -351681.808087314944714 ], [ 11452642.828050969168544, -351816.142080206423998 ], [ 11452400.484406314790249, -352220.88757188100135 ], [ 11452016.902487928047776, -352861.509947985352483 ], [ 11452015.717491950839758, -352863.489005079958588 ], [ 11452011.090942595154047, -352871.129965220578015 ], [ 11451554.103393500670791, -353625.871684113517404 ], [ 11451528.701398899778724, -353645.068142605421599 ], [ 11451285.482783049345016, -353828.858395847084466 ], [ 11451286.552229395136237, -353830.431308453087695 ], [ 11451302.440081082284451, -353853.798896747815888 ], [ 11451332.595417944714427, -353898.151081147603691 ], [ 11451336.784370377659798, -353950.056793943163939 ], [ 11451347.0380086787045, -353977.05990406870842 ], [ 11451356.167208796367049, -354001.103826510545332 ], [ 11451358.148807054385543, -354006.322943076374941 ], [ 11451380.160009970888495, -354035.996276515012141 ], [ 11451396.704312693327665, -354058.298944038222544 ], [ 11451445.176158567890525, -354095.996304117143154 ], [ 11451452.462019236758351, -354101.662281287775841 ], [ 11451453.900267058983445, -354106.033847099926788 ], [ 11451469.37924225628376, -354153.108742414449807 ], [ 11451469.539542324841022, -354153.594843794242479 ], [ 11451465.047800870612264, -354248.72916023619473 ], [ 11451499.255167191848159, -354326.644836132472847 ], [ 11451494.928178587928414, -354363.031145967484917 ], [ 11451490.513247581198812, -354400.147735874226782 ], [ 11451494.693294459953904, -354456.377313111792319 ], [ 11451506.2293332926929, -354475.223827053967398 ], [ 11451550.354153051972389, -354547.313109309005085 ], [ 11451551.948248159140348, -354548.761384224286303 ], [ 11451552.858841594308615, -354549.586421521380544 ], [ 11451564.85129033960402, -354591.300983841298148 ], [ 11451553.699303751811385, -354649.586560181574896 ], [ 11451484.575465945526958, -354732.742617958399933 ], [ 11451458.837843073531985, -354753.991043468005955 ], [ 11451424.837308360263705, -354753.955812081461772 ], [ 11451454.115558955818415, -355672.763914904964622 ] ] ] ] } },
{ "type": "Feature", "properties": { "fid": 40092, "kdkab": "74", "kdkec": "031", "nmkab": "LUBUKLINGGAU", "nmkec": "LUBUK LINGGAU TIMUR I", "kddesa": "005", "kdprov": "16", "nmdesa": "MAJAPAHIT", "nmprov": "SUMATERA SELATAN", "iddesa": "1674031005" }, "geometry": { "type": "MultiPolygon", "coordinates": [ [ [ [ 11455755.173960501328111, -365149.684328616596758 ], [ 11455736.016432736068964, -365220.380391233367845 ], [ 11455688.456738764420152, -365225.493317437765654 ], [ 11455688.859381364658475, -365225.710969430860132 ], [ 11455609.305241227149963, -365231.402703031431884 ], [ 11455410.240388207137585, -365493.599640570289921 ], [ 11455402.305534899234772, -365504.050975977850612 ], [ 11455306.501198137179017, -365500.955448482010979 ], [ 11455204.996190249919891, -365375.560454155667685 ], [ 11455227.694345744326711, -365285.815606169810053 ], [ 11455222.304255994036794, -365264.220103299478069 ], [ 11455218.154933299869299, -365265.324642957071774 ], [ 11455193.409501053392887, -365150.944746895343997 ], [ 11455214.835608720779419, -365142.865202829416376 ], [ 11455154.086113568395376, -364997.93838995276019 ], [ 11455152.321588320657611, -364994.656110964890104 ], [ 11455082.385229550302029, -365018.304198975674808 ], [ 11455060.535105934366584, -365025.692534074129071 ], [ 11455044.673080375418067, -364971.219100862974301 ], [ 11455040.798271538689733, -364906.209561064199079 ], [ 11455058.234911296516657, -364902.32840901974123 ], [ 11455032.079840337857604, -364836.348510430718306 ], [ 11454988.992963507771492, -364768.255807204695884 ], [ 11454988.972258085384965, -364768.223025735642295 ], [ 11455007.711558524519205, -364753.613642483833246 ], [ 11455007.406543118879199, -364753.049444514384959 ], [ 11455007.213960397988558, -364752.690409447357524 ], [ 11455025.812107728794217, -364738.500720095005818 ], [ 11455038.166790094226599, -364729.074155660811812 ], [ 11455057.332110226154327, -364714.451062835461926 ], [ 11455061.055413236841559, -364711.6102267531096 ], [ 11455092.318824306130409, -364687.756371936353389 ], [ 11455117.751988369971514, -364654.614783411147073 ], [ 11455120.795463245362043, -364651.142627516121138 ], [ 11455126.076571207493544, -364645.118203136371449 ], [ 11455145.865725766867399, -364622.543618574389257 ], [ 11455154.617664134129882, -364612.559779760427773 ], [ 11455191.60245175845921, -364579.071444190863986 ], [ 11455190.646217327564955, -364577.551680120988749 ], [ 11455190.06401639059186, -364576.626218510093167 ], [ 11455228.478480234742165, -364533.646228980913293 ], [ 11455228.918860139325261, -364533.153504489164334 ], [ 11455245.331917185336351, -364514.789790443202946 ], [ 11455272.844863289967179, -364484.006728816370014 ], [ 11455283.685600582510233, -364471.877394477196503 ], [ 11455299.043571488931775, -364454.693931497400627 ], [ 11455319.660052506253123, -364431.627664890198503 ], [ 11455320.543372664600611, -364430.639317781489808 ], [ 11455324.58916823938489, -364426.112813046842348 ], [ 11455350.338479656726122, -364406.833133989421185 ], [ 11455373.115560663864017, -364389.779022411035839 ], [ 11455396.892735980451107, -364371.975959919684101 ], [ 11455429.544523743912578, -364347.527876390842721 ], [ 11455464.467563075944781, -364331.868095781654119 ], [ 11455478.192254412919283, -364325.713789778237697 ], [ 11455518.464306594803929, -364307.656180410471279 ], [ 11455547.321658197790384, -364294.71647508739261 ], [ 11455550.863844396546483, -364293.127584189292975 ], [ 11455615.322282344102859, -364260.215804946667049 ], [ 11455633.378303747624159, -364253.801147872232832 ], [ 11455649.063553957268596, -364248.228324250667356 ], [ 11455711.348701493814588, -364226.098709050973412 ], [ 11455741.684375923126936, -364209.638925544975791 ], [ 11455766.178560085594654, -364201.989509026752785 ], [ 11455766.559829339385033, -364201.870425937464461 ], [ 11455782.964982695877552, -364196.747177004173864 ], [ 11455782.970548674464226, -364196.744946988241281 ], [ 11455806.462300816550851, -364189.408514695765916 ], [ 11455812.440157467499375, -364187.541653275722638 ], [ 11455819.294098518788815, -364185.400833911669906 ], [ 11455822.540174869820476, -364184.387289752718061 ], [ 11455832.190461525693536, -364180.411163934390061 ], [ 11455886.986367676407099, -364157.831098193535581 ], [ 11455956.487578559666872, -364128.741611304634716 ], [ 11455984.516156546771526, -364123.040567828167696 ], [ 11455981.59813873283565, -364491.309395549353212 ], [ 11455982.542239336296916, -364491.281631724559702 ], [ 11455981.696322523057461, -364514.329289923713077 ], [ 11455979.298166733235121, -364579.663962635502685 ], [ 11455974.068822337314487, -364722.135525917517953 ], [ 11455973.983106326311827, -364722.161282774060965 ], [ 11455969.644095217809081, -364766.165821432659868 ], [ 11455969.853709816932678, -364766.725782408553641 ], [ 11455970.732911152765155, -364769.074228868354112 ], [ 11455983.926719844341278, -364804.315315446408931 ], [ 11455988.007469737902284, -364891.514191929541994 ], [ 11456015.892779543995857, -364889.470477064489387 ], [ 11456025.414603503420949, -364984.163121626654174 ], [ 11456012.666629379615188, -365049.831125387921929 ], [ 11456012.62332609295845, -365050.054129128460772 ], [ 11456011.942496092990041, -365050.519314932753332 ], [ 11456011.936930114403367, -365050.47582920017885 ], [ 11456011.934703728184104, -365050.456873885996174 ], [ 11456008.673042643815279, -365025.670010698377155 ], [ 11456003.984265692532063, -365016.681847230705898 ], [ 11455998.005295842885971, -365005.219458945735823 ], [ 11455974.36771516688168, -364988.146300670749042 ], [ 11455943.94521152973175, -364980.705785222409759 ], [ 11455927.597944302484393, -364981.238763832370751 ], [ 11455925.846888715401292, -364981.747212047863286 ], [ 11455910.114105081185699, -364986.30986589594977 ], [ 11455897.699755471199751, -364993.092521019105334 ], [ 11455883.590010007843375, -365002.142008593364153 ], [ 11455866.66833421587944, -365007.780655912356451 ], [ 11455843.555068340152502, -365009.435343059012666 ], [ 11455841.118284687399864, -365008.548903513874393 ], [ 11455823.074508426710963, -365001.984791019116528 ], [ 11455822.372082438319921, -365001.729451845865697 ], [ 11455821.588393222540617, -365001.444007182726637 ], [ 11455795.113278726115823, -364993.444866751786321 ], [ 11455782.362744253128767, -364990.640596162644215 ], [ 11455774.267590884119272, -364988.861027270322666 ], [ 11455767.546120027080178, -364990.928270836127922 ], [ 11455766.936089219525456, -364991.115593882568646 ], [ 11455755.643840068951249, -365000.170656379195862 ], [ 11455747.182445576414466, -365002.990537462988868 ], [ 11455739.461325695738196, -365002.973812195064966 ], [ 11455735.910233937203884, -365002.967122080444824 ], [ 11455724.642475081607699, -365000.105985328904353 ], [ 11455712.823684746399522, -364991.569406256137881 ], [ 11455701.004894403740764, -364983.032827836403158 ], [ 11455699.55785234645009, -364982.244510089221876 ], [ 11455698.341909548267722, -364981.582077881961595 ], [ 11455686.366381365805864, -364975.058219127298798 ], [ 11455666.653925940394402, -364967.64000490156468 ], [ 11455655.416223337873816, -364963.423007348901592 ], [ 11455651.446570299565792, -364961.933343520388007 ], [ 11455640.524124503135681, -364959.426448969286866 ], [ 11455657.413628967478871, -364982.915862445428502 ], [ 11455743.256095815449953, -365102.302356928063091 ], [ 11455746.099418248981237, -365106.25677269307198 ], [ 11455755.173960501328111, -365149.684328616596758 ] ] ] ] } },
{ "type": "Feature", "properties": { "fid": 40125, "kdkab": "74", "kdkec": "012", "nmkab": "LUBUKLINGGAU", "nmkec": "LUBUK LINGGAU BARAT II", "kddesa": "008", "kdprov": "16", "nmdesa": "PASAR PERMIRI", "nmprov": "SUMATERA SELATAN", "iddesa": "1674012008" }, "geometry": { "type": "MultiPolygon", "coordinates": [ [ [ [ 11450490.144873708486557, -367222.919755761919077 ], [ 11450489.858782617375255, -367223.051888057030737 ], [ 11450417.601078502833843, -367256.420706286735367 ], [ 11450363.171190839260817, -367281.556628447782714 ], [ 11450363.255125740543008, -367281.68407764530275 ], [ 11450352.803672702983022, -367288.531322114344221 ], [ 11450350.47420104034245, -367290.057367445668206 ], [ 11450345.045149475336075, -367293.614014301099814 ], [ 11450335.294341320171952, -367278.614704109670129 ], [ 11450289.866415601223707, -367211.063419370912015 ], [ 11450298.76462777517736, -367203.088539431337267 ], [ 11450309.067914562299848, -367189.015393825073261 ], [ 11450306.257876658812165, -367170.251165293448139 ], [ 11450287.519912052899599, -367132.255181657907087 ], [ 11450292.490772597491741, -367130.595445261336863 ], [ 11450293.834287529811263, -367130.967422455258202 ], [ 11450293.687345799058676, -367130.542592381068971 ], [ 11450293.665304543450475, -367130.47803159506293 ], [ 11450293.646157592535019, -367130.422168108110782 ], [ 11450294.546175673604012, -367129.909249917371199 ], [ 11450302.619287783280015, -367125.307927786372602 ], [ 11450303.047199904918671, -367125.064514663128648 ], [ 11450303.052988519892097, -367125.060723530768882 ], [ 11450300.637021608650684, -367106.391841679054778 ], [ 11450299.163485508412123, -367095.881593072146643 ], [ 11450296.183351423591375, -367073.086514302704018 ], [ 11450259.561799302697182, -367005.28525163634913 ], [ 11450258.613023281097412, -367003.528731812839396 ], [ 11450270.046314220875502, -366997.153835124860052 ], [ 11450276.668154133483768, -366993.46172063582344 ], [ 11450276.685965253040195, -366993.451796793262474 ], [ 11450275.230128953233361, -366987.533731800562236 ], [ 11450274.39345165528357, -366984.132865574152675 ], [ 11450270.687625808641315, -366968.827965330448933 ], [ 11450270.568402636796236, -366968.317500963108614 ], [ 11450270.303684882819653, -366967.183730406337418 ], [ 11450284.080919025465846, -366960.919113043812104 ], [ 11450300.91865992359817, -366953.283334074774757 ], [ 11450301.252507077530026, -366953.439439360925462 ], [ 11450301.253508947789669, -366953.421152744500432 ], [ 11450301.263639021664858, -366953.238732559839264 ], [ 11450303.533888723701239, -366907.669601003348362 ], [ 11450298.966450011357665, -366898.673368764459155 ], [ 11450298.73156588897109, -366898.479017777252011 ], [ 11450289.373604211956263, -366879.674585535714868 ], [ 11450284.973367379978299, -366871.008183493744582 ], [ 11450269.937109798192978, -366783.151446200616192 ], [ 11450289.150185996666551, -366693.412264533399139 ], [ 11450290.403977420181036, -366678.161706569080707 ], [ 11450290.551364423707128, -366676.368953287019394 ], [ 11450290.63852758705616, -366676.366165697283577 ], [ 11450290.641533212736249, -366676.328477513510734 ], [ 11450291.754950761795044, -366676.29246188380057 ], [ 11450294.632225641980767, -366673.639459151076153 ], [ 11450296.359124900773168, -366672.047189223230816 ], [ 11450299.670991072431207, -366668.953636287013069 ], [ 11450304.114642502740026, -366664.803030368639156 ], [ 11450316.919612212106586, -366652.913414063223172 ], [ 11450319.293611669912934, -366650.705756762879901 ], [ 11450324.845559952780604, -366648.964072512753773 ], [ 11450324.873612467199564, -366648.964630024274811 ], [ 11450335.966488404199481, -366649.180389243352693 ], [ 11450349.782461725175381, -366649.449112616362981 ], [ 11450391.763379409909248, -366636.67282243410591 ], [ 11450396.896098498255014, -366635.11077047715662 ], [ 11450404.996483884751797, -366636.808968164084945 ], [ 11450405.005834717303514, -366636.810975224128924 ], [ 11450404.996706521138549, -366636.843422730104066 ], [ 11450407.623512543737888, -366637.364143891027197 ], [ 11450411.765822118148208, -366638.096387120778672 ], [ 11450436.325128175318241, -366642.437439961824566 ], [ 11450446.827342893928289, -366644.293861174955964 ], [ 11450477.42239174246788, -366675.208201858797111 ], [ 11450484.551514573395252, -366682.435747367911972 ], [ 11450492.809528356418014, -366690.756027785944752 ], [ 11450495.037587968632579, -366693.007172256649937 ], [ 11450495.127868074923754, -366693.122020874812733 ], [ 11450497.384870750829577, -366695.99925765581429 ], [ 11450497.386095264926553, -366696.080097708094399 ], [ 11450498.539699146524072, -366697.532431058294605 ], [ 11450505.940552856773138, -366706.850111680978443 ], [ 11450505.924300210550427, -366706.908539527736139 ], [ 11450514.919805623590946, -366718.250567722483538 ], [ 11450517.015506353229284, -366720.911376768781338 ], [ 11450535.433427423238754, -366744.295456568012014 ], [ 11450536.192737670615315, -366745.259627919760533 ], [ 11450540.912461442872882, -366751.251941383990925 ], [ 11450542.135751329362392, -366752.80518619006034 ], [ 11450549.463690770789981, -366762.109045006160159 ], [ 11450550.619187084957957, -366763.576878219435457 ], [ 11450550.971624592319131, -366764.023673091665842 ], [ 11450551.683512730523944, -366763.969482350687031 ], [ 11450551.613604094833136, -366764.095481403404847 ], [ 11450589.980868473649025, -366765.662998856103513 ], [ 11450678.131544966250658, -366769.264341839880217 ], [ 11450674.214991319924593, -366800.08817637024913 ], [ 11450672.798116840422153, -366811.239096844568849 ], [ 11450672.144114831462502, -366816.38643927895464 ], [ 11450672.350167207419872, -366816.406398428604007 ], [ 11450772.58991776779294, -366826.109445640642662 ], [ 11450780.362912526354194, -366826.861872271401808 ], [ 11450794.203153498470783, -366828.201588642783463 ], [ 11450794.227977748960257, -366828.021064231346827 ], [ 11450815.222054472193122, -366828.25722896627849 ], [ 11450815.292408393695951, -366829.296220005839132 ], [ 11450815.341722924262285, -366830.025565405143425 ], [ 11450811.028537938371301, -366936.182670000125654 ], [ 11450810.018090918660164, -366961.050352999533061 ], [ 11450809.864470018073916, -366964.832115459546912 ], [ 11450802.53597398661077, -367031.993655774509534 ], [ 11450788.182772802188993, -367163.533495761454105 ], [ 11450788.197133017703891, -367163.532938241085503 ], [ 11450788.197021692991257, -367163.536617871897761 ], [ 11450785.804320555180311, -367260.002440483542159 ], [ 11450785.785841526463628, -367260.748960345634259 ], [ 11450785.779051033779979, -367261.022145353781525 ], [ 11450785.219670591875911, -367283.574072288465686 ], [ 11450779.547051982954144, -367320.507584751292598 ], [ 11450779.405676230788231, -367321.428162992815487 ], [ 11450777.900080112740397, -367323.12057296425337 ], [ 11450777.815254665911198, -367323.256496517860796 ], [ 11450775.968686953186989, -367330.562471659388393 ], [ 11450774.399082127958536, -367337.036068696761504 ], [ 11450774.306686952710152, -367337.120477349672001 ], [ 11450767.481688974425197, -367343.357128410774749 ], [ 11450763.873935595154762, -367346.653972255066037 ], [ 11450757.570246789604425, -367348.938358273822814 ], [ 11450757.098252149298787, -367349.10951718618162 ], [ 11450755.432244652882218, -367349.713312296720687 ], [ 11450752.200862469151616, -367350.884329164226074 ], [ 11450751.656064884737134, -367351.1530542364344 ], [ 11450742.232313388958573, -367354.505315887799952 ], [ 11450737.97378627024591, -367356.0202117000008 ], [ 11450725.114715291187167, -367362.5091978040291 ], [ 11450724.10638334415853, -367363.014088777767029 ], [ 11450724.092245766893029, -367363.025127689994406 ], [ 11450724.085789235308766, -367363.028361315315124 ], [ 11450721.866746507585049, -367364.760021394176874 ], [ 11450720.218104852363467, -367366.045999238209333 ], [ 11450713.603389389812946, -367371.201841732137837 ], [ 11450711.823390731588006, -367375.947460499708541 ], [ 11450710.087919864803553, -367380.577115097839851 ], [ 11450710.292191134765744, -367380.990572694223374 ], [ 11450710.358648870140314, -367381.125158275943249 ], [ 11450710.061203191056848, -367381.339580869593192 ], [ 11450709.277402656152844, -367381.904572689556517 ], [ 11450709.172762334346771, -367381.976269898237661 ], [ 11450704.987483436241746, -367384.844492701406125 ], [ 11450661.54315972328186, -367382.458191089215688 ], [ 11450650.82042109593749, -367380.017140965268482 ], [ 11450647.224244941025972, -367379.152648855408188 ], [ 11450647.132629, -367379.177625799609814 ], [ 11450641.803876301273704, -367380.630860121396836 ], [ 11450638.664221378043294, -367381.487212439242285 ], [ 11450638.119980389252305, -367381.635624543123413 ], [ 11450637.942982397973537, -367381.477734580403194 ], [ 11450634.444767402485013, -367378.358850412303582 ], [ 11450633.562115155160427, -367377.57185373554239 ], [ 11450631.327599020674825, -367375.579608133877628 ], [ 11450630.91170940361917, -367375.484941065777093 ], [ 11450618.413981491699815, -367372.639799877302721 ], [ 11450614.084321215748787, -367371.654214265698101 ], [ 11450600.967656930908561, -367361.482467234774958 ], [ 11450594.598178308457136, -367329.305150789907202 ], [ 11450594.520365985110402, -367329.167777671304066 ], [ 11450591.61581783182919, -367324.038809639809188 ], [ 11450578.440376857295632, -367303.663992589805275 ], [ 11450573.456491937860847, -367295.956827390356921 ], [ 11450549.145873619243503, -367299.967519239406101 ], [ 11450518.654017938300967, -367276.164512930787168 ], [ 11450508.401492839679122, -367255.383941330946982 ], [ 11450506.51629726216197, -367250.124405438196845 ], [ 11450500.759743750095367, -367239.312859224621207 ], [ 11450495.347390111535788, -367230.702627137419768 ], [ 11450492.586332777515054, -367226.572182446252555 ], [ 11450490.416159303858876, -367223.325630499224644 ], [ 11450490.144873708486557, -367222.919755761919077 ] ] ] ] } },
{ "type": "Feature", "properties": { "fid": 40367, "kdkab": "74", "kdkec": "022", "nmkab": "LUBUKLINGGAU", "nmkec": "LUBUK LINGGAU SELATAN II", "kddesa": "001", "kdprov": "16", "nmdesa": "TABA PINGIN", "nmprov": "SUMATERA SELATAN", "iddesa": "1674022001" }, "geometry": { "type": "MultiPolygon", "coordinates": [ [ [ [ 11455228.478480234742165, -364533.646228980913293 ], [ 11455190.06401639059186, -364576.626218510093167 ], [ 11455190.646217327564955, -364577.551680120988749 ], [ 11455191.60245175845921, -364579.071444190863986 ], [ 11455154.617664134129882, -364612.559779760427773 ], [ 11455145.865725766867399, -364622.543618574389257 ], [ 11455126.076571207493544, -364645.118203136371449 ], [ 11455120.795463245362043, -364651.142627516121138 ], [ 11455117.751988369971514, -364654.614783411147073 ], [ 11455092.318824306130409, -364687.756371936353389 ], [ 11455061.055413236841559, -364711.6102267531096 ], [ 11455057.332110226154327, -364714.451062835461926 ], [ 11455018.653596552088857, -364652.540075477561913 ], [ 11454957.792336631566286, -364540.416033944231458 ], [ 11454944.678789297118783, -364516.257036528550088 ], [ 11454933.398451333865523, -364492.568579880113248 ], [ 11454910.899780370295048, -364445.322026627487503 ], [ 11454880.831495352089405, -364382.179323109914549 ], [ 11454868.480486527085304, -364312.843324572429992 ], [ 11454836.922190126031637, -364225.723619524913374 ], [ 11454839.564358234405518, -364224.298636142164469 ], [ 11455024.926227217540145, -364124.325616229325533 ], [ 11455077.240710601210594, -364096.110305248643272 ], [ 11455080.809502152726054, -364096.525980676116887 ], [ 11455093.476992290467024, -364098.001360846217722 ], [ 11455127.21414508856833, -364095.844375556684099 ], [ 11455150.184031452983618, -364091.530516620841809 ], [ 11455169.564977440983057, -364086.497699979925528 ], [ 11455194.688339361920953, -364081.464772065635771 ], [ 11455209.762445569038391, -364080.745814243680798 ], [ 11455221.519008308649063, -364081.923375289305113 ], [ 11455224.118652379140258, -364082.183729898533784 ], [ 11455231.263916529715061, -364084.898442457953934 ], [ 11455251.445472296327353, -364093.45636042021215 ], [ 11455264.12943771481514, -364098.816209571203217 ], [ 11455286.920990262180567, -364105.367000380705576 ], [ 11455293.207647187635303, -364106.766337032953743 ], [ 11455294.703558504581451, -364107.099278810783289 ], [ 11455298.053161980584264, -364108.067106883274391 ], [ 11455297.646511878818274, -364107.082553670858033 ], [ 11455285.209453094750643, -364076.977306781918742 ], [ 11455230.785131402313709, -363945.23762219940545 ], [ 11455220.302508914843202, -363919.863395280146506 ], [ 11455220.37119304202497, -363919.85882374731591 ], [ 11455239.452244317159057, -363918.589164799079299 ], [ 11455239.311091201379895, -363918.238829466979951 ], [ 11455048.972684381529689, -363445.887340466084424 ], [ 11455047.266713187098503, -363443.085338696197141 ], [ 11455043.327895643189549, -363436.615758827188984 ], [ 11455038.849957812577486, -363429.260755811235867 ], [ 11455038.606613403186202, -363428.861027399951126 ], [ 11454869.156529795378447, -362899.84842876897892 ], [ 11454771.58276972360909, -362595.230247410130687 ], [ 11454664.2511883713305, -362506.837217225169297 ], [ 11454619.87890538200736, -362470.294430250010919 ], [ 11454598.280475137755275, -362352.980167050089221 ], [ 11454572.86200524866581, -362214.916609047853854 ], [ 11454563.282963067293167, -362096.213670180353802 ], [ 11454557.36299254745245, -362022.849627925897948 ], [ 11454607.61149749904871, -361917.641585065925028 ], [ 11454645.171806884929538, -361839.00042682653293 ], [ 11454677.825153117999434, -361706.814364775607828 ], [ 11454785.433252088725567, -361271.192623817769345 ], [ 11454909.868405286222696, -360854.954210151219741 ], [ 11454969.504482896998525, -360655.470503060205374 ], [ 11455012.483825096860528, -360450.856042396451812 ], [ 11455113.979370826855302, -359967.655638946220279 ], [ 11455133.372339321300387, -359665.311213862034492 ], [ 11455138.609921358525753, -359583.643381099624094 ], [ 11455136.215439110994339, -359495.477599111502059 ], [ 11455127.523613272234797, -359175.554851540073287 ], [ 11455049.906098313629627, -358469.007719664892647 ], [ 11455002.679917542263865, -358039.122592112631537 ], [ 11454995.972918223589659, -357487.141517300333362 ], [ 11454995.874957069754601, -357479.026955874054693 ], [ 11454988.269609455019236, -357310.987206794554368 ], [ 11454952.782068986445665, -357199.785158164973836 ], [ 11454944.833857346326113, -357174.878491882409435 ], [ 11454919.009961869567633, -357132.696942659735214 ], [ 11454923.333610894158483, -357131.041256126598455 ], [ 11454923.703191604465246, -357130.899658695387188 ], [ 11454923.984829911962152, -357130.212855401448905 ], [ 11454924.435673853382468, -357129.116868983313907 ], [ 11454936.627607123926282, -357099.481645546096843 ], [ 11454938.29205615259707, -357095.435750952339731 ], [ 11454945.292604964226484, -357078.418310452485457 ], [ 11454963.728114517405629, -357033.607769621303305 ], [ 11454988.412098409608006, -356973.60843304276932 ], [ 11454990.322340868413448, -356968.965827647130936 ], [ 11455006.558288602158427, -356960.834579029527958 ], [ 11455036.656518563628197, -356945.761723018891644 ], [ 11455104.077502118423581, -356911.998042202438228 ], [ 11455097.45822256244719, -356903.071512225724291 ], [ 11455095.649503475055099, -356900.63236197642982 ], [ 11455102.969984505325556, -356902.757880115823355 ], [ 11455123.815561033785343, -356908.81043371517444 ], [ 11455132.142258945852518, -356911.227619853336364 ], [ 11455291.078661926090717, -356919.556209027650766 ], [ 11455433.468535792082548, -357070.343915964127518 ], [ 11455457.623752102255821, -357095.9239832116873 ], [ 11455727.423235960304737, -357304.508277986955363 ], [ 11455777.907292956486344, -357332.232543456484564 ], [ 11455822.241504676640034, -357356.579654410190415 ], [ 11456005.286703737452626, -357457.102702682546806 ], [ 11456394.353890029713511, -357641.930399186909199 ], [ 11456483.478500749915838, -357684.977334900875576 ], [ 11456743.717866741120815, -357810.673053208796773 ], [ 11456963.195374794304371, -357892.199127033527475 ], [ 11456981.973859690129757, -357899.175356056715827 ], [ 11457077.291952919214964, -357911.368538833106868 ], [ 11457159.526221122592688, -357921.887962727691047 ], [ 11457172.674166174605489, -357923.569304566190112 ], [ 11457266.833757465705276, -357904.158058489847463 ], [ 11457403.259133016690612, -357876.034614000760484 ], [ 11457570.179369876161218, -357868.373808542499319 ], [ 11457676.854945471510291, -357868.591669313376769 ], [ 11458055.000242566689849, -357869.363882051897235 ], [ 11458082.920618014410138, -357868.31951059657149 ], [ 11458085.223484316840768, -357868.233325143286493 ], [ 11458251.581557750701904, -357862.005227839457802 ], [ 11458460.374621069058776, -357854.188330679142382 ], [ 11458635.276465421542525, -357830.540296762192156 ], [ 11458689.564754690974951, -357815.317922788788565 ], [ 11458759.071531545370817, -357795.828648900846019 ], [ 11458821.02305456623435, -357778.457777156494558 ], [ 11458859.121816331520677, -357767.775361319887452 ], [ 11458859.474810436367989, -357775.704193191369995 ], [ 11458861.337964754551649, -357783.70984545518877 ], [ 11458862.77977479621768, -357796.707450066809542 ], [ 11458862.78022007457912, -357796.711463877640199 ], [ 11458854.820987801998854, -357796.789621655072551 ], [ 11458842.81718447431922, -357797.55469824525062 ], [ 11458823.829418927431107, -357799.522022140154149 ], [ 11458796.166080186143517, -357802.582328592718113 ], [ 11458781.56964591704309, -357804.315736694377847 ], [ 11458786.371189510449767, -357853.280986411322374 ], [ 11458795.101309260353446, -357907.273780676070601 ], [ 11458877.818370087072253, -357909.459747778717428 ], [ 11458882.183429958298802, -358009.794746319646947 ], [ 11458981.269353993237019, -358008.483231791236904 ], [ 11458989.508332142606378, -358000.395168990420643 ], [ 11459007.623130243271589, -358013.948042988020461 ], [ 11459022.900728479027748, -358058.541442871326581 ], [ 11459018.153842754662037, -358090.183156553888693 ], [ 11459000.691154232248664, -358089.235672210925259 ], [ 11458919.104654150083661, -358218.164303231984377 ], [ 11458917.912645043805242, -358221.208788644929882 ], [ 11458910.084213174879551, -358241.20276237570215 ], [ 11458882.874612675979733, -358310.696471024712082 ], [ 11458779.500884497538209, -358290.80015484575415 ], [ 11458726.183969100937247, -358307.63302902970463 ], [ 11458656.830256547778845, -358329.529014824307524 ], [ 11458612.701540604233742, -358343.461123330693226 ], [ 11458502.005550282076001, -358343.461123330693226 ], [ 11458498.480395963415504, -358343.461123330693226 ], [ 11458459.190626969560981, -358386.39036253571976 ], [ 11458439.886714071035385, -358407.482370948942844 ], [ 11458438.650177164003253, -358408.83347090909956 ], [ 11458452.757918871939182, -358440.06821266451152 ], [ 11458473.097882268950343, -358485.101294456981122 ], [ 11458567.038396801799536, -358526.345668549183756 ], [ 11458605.449409738183022, -358543.210019342426676 ], [ 11458718.805935895070434, -358627.911341560946312 ], [ 11458719.670665698125958, -358628.557458033261355 ], [ 11458722.590019343420863, -358639.417790106846951 ], [ 11458732.361978208646178, -358675.770910119987093 ], [ 11458732.363202722743154, -358675.774923961958848 ], [ 11458761.370501669123769, -358772.013802843051963 ], [ 11458771.886965284124017, -358873.833013971336186 ], [ 11458772.248753631487489, -358877.336321980168577 ], [ 11458772.140217131003737, -358877.515941640769597 ], [ 11458655.719955943524837, -359070.167053396755364 ], [ 11458647.149245709180832, -359084.349895703024231 ], [ 11458640.446921810507774, -359128.463725595036522 ], [ 11458634.458044525235891, -359167.881693881121464 ], [ 11458687.036021139472723, -359285.916033532994334 ], [ 11458688.987229174003005, -359288.095894879545085 ], [ 11458781.313945043832064, -359391.239029924443457 ], [ 11458799.466814409941435, -359396.833354843896814 ], [ 11458946.300117071717978, -359442.084568691032473 ], [ 11458949.926238164305687, -359554.6713672655751 ], [ 11458951.464116927236319, -359555.156042204063851 ], [ 11458952.387400783598423, -359557.400130668655038 ], [ 11458952.471335684880614, -359557.604169124970213 ], [ 11458934.340284939855337, -359565.057816704444122 ], [ 11458928.56324864551425, -359567.432802180177532 ], [ 11458434.476252855733037, -359775.593487357313279 ], [ 11457710.949545152485371, -360080.418790929368697 ], [ 11457662.344115888699889, -360100.896543312177528 ], [ 11456769.393595973029733, -360449.921249011764303 ], [ 11456602.85473969206214, -360515.0158455792116 ], [ 11456602.851066149771214, -360515.278979363210965 ], [ 11456601.037671644240618, -360515.990667052334175 ], [ 11456599.50112871080637, -360516.000144329620525 ], [ 11456595.698343582451344, -360895.616202875040472 ], [ 11456595.295144392177463, -360935.863104012969416 ], [ 11456592.338053438812494, -361278.694328629993834 ], [ 11456591.369685186073184, -361349.010528931219596 ], [ 11456591.177213784307241, -361355.933674772270024 ], [ 11456591.014130733907223, -361355.934120766760316 ], [ 11456567.371206719428301, -362196.720411876449361 ], [ 11456567.751474102959037, -362198.83588299335679 ], [ 11456567.681899424642324, -362201.345057234517299 ], [ 11456597.471106475219131, -362370.30290475935908 ], [ 11456620.799998203292489, -362498.998591065406799 ], [ 11456658.036813154816628, -362702.800038562971167 ], [ 11456659.125072492286563, -362708.756232235522475 ], [ 11456367.579103469848633, -362865.854396863724105 ], [ 11456372.128285782411695, -362878.511396858259104 ], [ 11456496.635128730908036, -363224.924238002568018 ], [ 11456576.627756336703897, -363247.522847633867059 ], [ 11456575.519348170608282, -363254.253438272164203 ], [ 11456575.389883605763316, -363255.03984833980212 ], [ 11456575.21900818310678, -363256.077579601493198 ], [ 11456618.287628615275025, -363503.765027515531983 ], [ 11456622.153197938576341, -363525.723792858829256 ], [ 11456640.359500652179122, -363629.147551546688192 ], [ 11456640.557760663330555, -363630.273929128597956 ], [ 11456643.410990536212921, -363646.482082352798898 ], [ 11456571.629956483840942, -363687.823342442628928 ], [ 11456569.446313347667456, -363689.094336784270126 ], [ 11456569.448094459250569, -363689.045611062087119 ], [ 11456496.461025049909949, -363731.575371278042439 ], [ 11456421.617035200819373, -363775.187260956910904 ], [ 11456419.667496960610151, -363772.03001004899852 ], [ 11456414.710996635258198, -363769.783273069944698 ], [ 11456402.844338912516832, -363770.779753872484434 ], [ 11456394.450849311426282, -363774.675361703964882 ], [ 11456379.002486974000931, -363789.967669789504725 ], [ 11456374.244914576411247, -363801.092644048680086 ], [ 11456374.512415312230587, -363802.635366699134465 ], [ 11456320.122602665796876, -363834.328532133251429 ], [ 11456318.029350962489843, -363834.81835452147061 ], [ 11456317.42366161569953, -363843.783230790111702 ], [ 11456316.952223571017385, -363850.893963056441862 ], [ 11456316.279631208628416, -363861.038740848656744 ], [ 11456316.241337303072214, -363861.78111240855651 ], [ 11456316.071909038349986, -363864.375175871886313 ], [ 11456316.063782714307308, -363864.500279645144474 ], [ 11456315.970163019374013, -363865.934401499573141 ], [ 11456308.593465644866228, -363978.909409722720739 ], [ 11456310.926610849797726, -364022.326269299897831 ], [ 11456311.345617419108748, -364022.235953613417223 ], [ 11456311.12565010227263, -364028.843270874291193 ], [ 11456304.2709298171103, -364029.715096036961768 ], [ 11456245.559694539755583, -364041.906822889286559 ], [ 11456188.280584508553147, -364061.270064687298145 ], [ 11456158.767004512250423, -364063.957459019264206 ], [ 11456142.267563544213772, -364069.970032978511881 ], [ 11456122.633031761273742, -364077.125602975371294 ], [ 11456055.87506709434092, -364101.453540893795434 ], [ 11456015.889885235577822, -364116.024928568280302 ], [ 11456012.063834333792329, -364117.418690302583855 ], [ 11456008.833342710509896, -364118.094386002747342 ], [ 11455990.020571406930685, -364121.920986842305865 ], [ 11455984.516156546771526, -364123.040567828167696 ], [ 11455956.487578559666872, -364128.741611304634716 ], [ 11455886.986367676407099, -364157.831098193535581 ], [ 11455832.190461525693536, -364180.411163934390061 ], [ 11455822.540174869820476, -364184.387289752718061 ], [ 11455819.294098518788815, -364185.400833911669906 ], [ 11455812.440157467499375, -364187.541653275722638 ], [ 11455806.462300816550851, -364189.408514695765916 ], [ 11455782.970548674464226, -364196.744946988241281 ], [ 11455782.964982695877552, -364196.747177004173864 ], [ 11455766.559829339385033, -364201.870425937464461 ], [ 11455766.178560085594654, -364201.989509026752785 ], [ 11455741.684375923126936, -364209.638925544975791 ], [ 11455711.348701493814588, -364226.098709050973412 ], [ 11455649.063553957268596, -364248.228324250667356 ], [ 11455633.378303747624159, -364253.801147872232832 ], [ 11455615.322282344102859, -364260.215804946667049 ], [ 11455550.863844396546483, -364293.127584189292975 ], [ 11455547.321658197790384, -364294.71647508739261 ], [ 11455518.464306594803929, -364307.656180410471279 ], [ 11455478.192254412919283, -364325.713789778237697 ], [ 11455464.467563075944781, -364331.868095781654119 ], [ 11455429.544523743912578, -364347.527876390842721 ], [ 11455396.892735980451107, -364371.975959919684101 ], [ 11455373.115560663864017, -364389.779022411035839 ], [ 11455350.338479656726122, -364406.833133989421185 ], [ 11455324.58916823938489, -364426.112813046842348 ], [ 11455320.543372664600611, -364430.639317781489808 ], [ 11455319.660052506253123, -364431.627664890198503 ], [ 11455299.043571488931775, -364454.693931497400627 ], [ 11455283.685600582510233, -364471.877394477196503 ], [ 11455272.844863289967179, -364484.006728816370014 ], [ 11455245.331917185336351, -364514.789790443202946 ], [ 11455228.918860139325261, -364533.153504489164334 ], [ 11455228.478480234742165, -364533.646228980913293 ] ] ] ] } },
{ "type": "Feature", "properties": { "fid": 40500, "kdkab": "74", "kdkec": "041", "nmkab": "LUBUKLINGGAU", "nmkec": "LUBUK LINGGAU UTARA I", "kddesa": "007", "kdprov": "16", "nmdesa": "MARGO REJO", "nmprov": "SUMATERA SELATAN", "iddesa": "1674041007" }, "geometry": { "type": "MultiPolygon", "coordinates": [ [ [ [ 11457385.428422257304192, -355853.663061666942667 ], [ 11457386.218679325655103, -355854.371263898152392 ], [ 11457386.287697406485677, -355854.451984684157651 ], [ 11457392.73253932595253, -355861.982542835467029 ], [ 11457410.493007488548756, -355882.735257617838215 ], [ 11457411.007080895826221, -355883.335980955278501 ], [ 11457456.452372455969453, -355904.025148689455818 ], [ 11457457.014313243329525, -355903.875079324119724 ], [ 11457487.437818760052323, -355895.749481148144696 ], [ 11457528.751710055395961, -355889.542786629113834 ], [ 11457545.685742318630219, -355894.898679317964707 ], [ 11457567.999956887215376, -355901.956176003732253 ], [ 11457621.708048962056637, -355881.267120135191362 ], [ 11457622.766586005687714, -355880.451661637227517 ], [ 11457629.773813992738724, -355875.052956379833631 ], [ 11457639.055967094376683, -355867.901695903914515 ], [ 11457648.562095008790493, -355860.57795650936896 ], [ 11457655.261190645396709, -355856.743942112487275 ], [ 11457678.636502604931593, -355843.365922060795128 ], [ 11457706.401587354019284, -355827.475413988751825 ], [ 11457737.387033658102155, -355810.924090570013504 ], [ 11457740.793966675177217, -355809.218028476287145 ], [ 11457751.11183631978929, -355804.051008509180974 ], [ 11457786.963725483044982, -355786.097221430682112 ], [ 11457810.292839845642447, -355783.082346579991281 ], [ 11457823.887287382036448, -355781.325444211659487 ], [ 11457834.474661517888308, -355786.097221430682112 ], [ 11457838.844730764627457, -355789.744594628980849 ], [ 11457846.868862302973866, -355796.441740291658789 ], [ 11457846.868862302973866, -355812.993061616027262 ], [ 11457842.270142816007137, -355823.52065403223969 ], [ 11457834.126342823728919, -355842.164141340530477 ], [ 11457832.409017041325569, -355846.095599947788287 ], [ 11457832.470354083925486, -355846.402762580954004 ], [ 11457837.207666331902146, -355870.126200448081363 ], [ 11457838.606061775237322, -355877.129287109535653 ], [ 11457838.928776983171701, -355877.236989173397887 ], [ 11457859.648673800751567, -355884.154338281950913 ], [ 11457869.591508079320192, -355887.473814198980108 ], [ 11457870.645926294848323, -355887.473814198980108 ], [ 11457892.196934437379241, -355887.473814198980108 ], [ 11457904.708354648202658, -355887.473814198980108 ], [ 11457907.791125304996967, -355887.110570566961542 ], [ 11457939.272277299314737, -355883.400646793656051 ], [ 11457939.825201209634542, -355883.335980955278501 ], [ 11457942.67030475474894, -355883.335980955278501 ], [ 11457964.436493471264839, -355883.335980955278501 ], [ 11457964.505400232970715, -355883.389163033745717 ], [ 11457964.542135670781136, -355883.335980955278501 ], [ 11457964.654679674655199, -355883.173201429948676 ], [ 11457986.52762377820909, -355889.321138882485684 ], [ 11457986.536306703463197, -355889.323034259665292 ], [ 11457986.864365238696337, -355889.415238830668386 ], [ 11457997.670704806223512, -355890.861189351009671 ], [ 11458014.853090854361653, -355893.160394535749219 ], [ 11458022.898484412580729, -355894.295280094898771 ], [ 11458036.404432952404022, -355898.211020004469901 ], [ 11458053.040128970518708, -355903.034088801417965 ], [ 11458055.419805731624365, -355903.715087093005423 ], [ 11458070.680483400821686, -355910.803579330502544 ], [ 11458071.057188561186194, -355910.978511613968294 ], [ 11458085.674773536622524, -355946.047255302080885 ], [ 11458092.360399510711432, -356024.356316760298796 ], [ 11458088.903706684708595, -356064.385864656127524 ], [ 11458088.815652968361974, -356065.405914120143279 ], [ 11458088.734278419986367, -356066.348029984801542 ], [ 11458085.076319947838783, -356082.258974457741715 ], [ 11458081.506971798837185, -356097.784489729907364 ], [ 11458081.623523307964206, -356097.82072496280307 ], [ 11458081.66326436214149, -356097.833100691670552 ], [ 11458081.595470793545246, -356098.125658409204334 ], [ 11458081.539922365918756, -356098.197682907630224 ], [ 11458081.357581039890647, -356098.433936643996276 ], [ 11458080.802319418638945, -356100.849433243332896 ], [ 11458079.559771267697215, -356100.764252564811613 ], [ 11458058.479310614988208, -356128.087408141989727 ], [ 11458028.564201217144728, -356143.976174082781654 ], [ 11457998.742488868534565, -356178.111345892830286 ], [ 11457990.490486331284046, -356187.556931176397484 ], [ 11457965.14481939189136, -356211.761421226663515 ], [ 11457964.343096418306231, -356212.527044645743445 ], [ 11457951.510185521095991, -356224.782148794096429 ], [ 11457907.09081438370049, -356262.915267608244903 ], [ 11457886.037515692412853, -356277.210925831110217 ], [ 11457856.230386195704341, -356338.62128973583458 ], [ 11457877.335448455065489, -356373.546561204362661 ], [ 11457877.90540425106883, -356374.369381775090005 ], [ 11457879.633082745596766, -356376.778752074751537 ], [ 11457887.341957485303283, -356387.527822120813653 ], [ 11457894.14803115464747, -356397.019248456752393 ], [ 11457902.878818813711405, -356409.194320169393905 ], [ 11457905.297791350632906, -356412.566993653716054 ], [ 11457906.992073995992541, -356414.589482859009877 ], [ 11457916.629002315923572, -356425.956229630683083 ], [ 11457922.455464467406273, -356432.826450248889159 ], [ 11457938.076928604394197, -356451.248499557608739 ], [ 11457943.963503278791904, -356458.191192396974657 ], [ 11457946.166516004130244, -356460.735471461550333 ], [ 11457948.434094032272696, -356462.869454908417538 ], [ 11457950.493504611775279, -356464.807210023223888 ], [ 11457950.500183781608939, -356464.813899625674821 ], [ 11457973.938502570614219, -356486.964293751167133 ], [ 11457973.937389373779297, -356487.845091715164017 ], [ 11457974.278360975906253, -356488.148465292120818 ], [ 11457975.42829130962491, -356488.372344063362107 ], [ 11457989.654588274657726, -356501.817447136621922 ], [ 11457989.822680708020926, -356501.976882737071719 ], [ 11457989.934000197798014, -356502.066077479918022 ], [ 11458026.463491104543209, -356531.439024671097286 ], [ 11458047.834606947377324, -356548.63466167927254 ], [ 11458051.432452891021967, -356552.010684080829378 ], [ 11458051.522621672600508, -356552.09430419083219 ], [ 11458057.963567415252328, -356558.137250752304681 ], [ 11458058.363204387947917, -356558.394800697569735 ], [ 11458071.639166854321957, -356566.964190063532442 ], [ 11458089.601679887622595, -356578.558398744207807 ], [ 11458089.605019476264715, -356578.559513680113014 ], [ 11458131.822936356067657, -356604.165114208881278 ], [ 11458131.826275942847133, -356604.167344081099145 ], [ 11458193.913052139803767, -356641.406857116264291 ], [ 11458213.766326731070876, -356653.314816271304153 ], [ 11458218.559744004160166, -356656.189120667928364 ], [ 11458227.83265758305788, -356661.861914045002777 ], [ 11458265.339533615857363, -356684.803950980014633 ], [ 11458277.179474659264088, -356692.045460901746992 ], [ 11458333.176518114283681, -356729.466068284469657 ], [ 11458399.544085331261158, -356780.83956610574387 ], [ 11458452.729198444634676, -356825.725265934015624 ], [ 11458478.076646495610476, -356848.144430046435446 ], [ 11458497.196882234886289, -356865.054690679069608 ], [ 11458540.892008759081364, -356908.703399641206488 ], [ 11458603.987896140664816, -356975.967643735581078 ], [ 11458615.997042810544372, -356988.76937291584909 ], [ 11458674.647942924872041, -357060.010654141777195 ], [ 11458682.190951617434621, -357069.517745554971043 ], [ 11458706.797011869028211, -357100.533145570196211 ], [ 11458729.965937484055758, -357140.412330719118472 ], [ 11458747.87167757563293, -357171.618404895009007 ], [ 11458758.598423713818192, -357190.312619057367556 ], [ 11458766.21267688088119, -357203.58153263933491 ], [ 11458786.020867075771093, -357245.710705832112581 ], [ 11458786.10769627802074, -357245.89578612864716 ], [ 11458786.883593128994107, -357247.627290352538694 ], [ 11458801.902818826958537, -357281.106760360591579 ], [ 11458805.203441727906466, -357288.463147153554019 ], [ 11458812.015081368386745, -357303.647542673686985 ], [ 11458826.118815572932363, -357337.73366931459168 ], [ 11458830.595417579635978, -357348.552959763910621 ], [ 11458849.922707570716739, -357399.10558089625556 ], [ 11458872.141076058149338, -357459.569626931217499 ], [ 11458876.171843497082591, -357470.538888880691957 ], [ 11458877.381886361166835, -357473.726513073313981 ], [ 11458878.470590984448791, -357476.59191859519342 ], [ 11458884.092225266620517, -357491.901212911179755 ], [ 11458884.834726272150874, -357494.233675672963727 ], [ 11458888.837775159627199, -357506.813589182507712 ], [ 11458892.332093976438046, -357517.795789036666974 ], [ 11458901.711874268949032, -357551.364533984218724 ], [ 11458903.309308964759111, -357557.420912830391899 ], [ 11458903.835850154981017, -357564.084936833649408 ], [ 11458904.684104677289724, -357574.809589962475002 ], [ 11458904.911196434870362, -357577.681687701318879 ], [ 11458905.82290306687355, -357589.215792106988374 ], [ 11458906.201389333233237, -357594.00113571860129 ], [ 11458906.60325269587338, -357599.085284792759921 ], [ 11458906.978399381041527, -357603.823801128193736 ], [ 11458907.041851488873363, -357604.622101781482343 ], [ 11458907.031832734122872, -357604.702377825276926 ], [ 11458906.908268101513386, -357605.690219143172726 ], [ 11458906.110107352957129, -357611.298392939963378 ], [ 11458903.621003538370132, -357628.795227995025925 ], [ 11458903.614324370399117, -357628.838710864016321 ], [ 11458900.964920489117503, -357647.464988366060425 ], [ 11458900.939317002892494, -357647.642264697235078 ], [ 11458899.12035652436316, -357660.428460092749447 ], [ 11458898.12772062420845, -357667.404228930710815 ], [ 11458896.2516532484442, -357680.588908166042529 ], [ 11458895.81528084166348, -357683.656124088331126 ], [ 11458895.452379303053021, -357686.206005219486542 ], [ 11458893.826001545414329, -357694.541340699710418 ], [ 11458892.683863567188382, -357700.128334894834552 ], [ 11458889.773972079157829, -357714.359506353444885 ], [ 11458888.329045087099075, -357721.428265007387381 ], [ 11458884.545295594260097, -357739.962017116893549 ], [ 11458884.528597669675946, -357740.04452314437367 ], [ 11458878.646253136917949, -357745.667866835021414 ], [ 11458874.439378265291452, -357746.630957566900179 ], [ 11458869.751714503392577, -357748.196007894584909 ], [ 11458865.544839626178145, -357751.687239791150205 ], [ 11458862.299431197345257, -357758.549178176850546 ], [ 11458859.054134080186486, -357766.253905131656211 ], [ 11458859.121816331520677, -357767.775361319887452 ], [ 11458821.02305456623435, -357778.457777156494558 ], [ 11458759.071531545370817, -357795.828648900846019 ], [ 11458689.564754690974951, -357815.317922788788565 ], [ 11458635.276465421542525, -357830.540296762192156 ], [ 11458460.374621069058776, -357854.188330679142382 ], [ 11458251.581557750701904, -357862.005227839457802 ], [ 11458085.223484316840768, -357868.233325143286493 ], [ 11458082.920618014410138, -357868.31951059657149 ], [ 11458055.000242566689849, -357869.363882051897235 ], [ 11457676.854945471510291, -357868.591669313376769 ], [ 11457570.179369876161218, -357868.373808542499319 ], [ 11457403.259133016690612, -357876.034614000760484 ], [ 11457266.833757465705276, -357904.158058489847463 ], [ 11457172.674166174605489, -357923.569304566190112 ], [ 11457159.526221122592688, -357921.887962727691047 ], [ 11457077.291952919214964, -357911.368538833106868 ], [ 11456981.973859690129757, -357899.175356056715827 ], [ 11456963.195374794304371, -357892.199127033527475 ], [ 11456743.717866741120815, -357810.673053208796773 ], [ 11456483.478500749915838, -357684.977334900875576 ], [ 11456394.353890029713511, -357641.930399186909199 ], [ 11456005.286703737452626, -357457.102702682546806 ], [ 11455822.241504676640034, -357356.579654410190415 ], [ 11455777.907292956486344, -357332.232543456484564 ], [ 11455727.423235960304737, -357304.508277986955363 ], [ 11455457.623752102255821, -357095.9239832116873 ], [ 11455433.468535792082548, -357070.343915964127518 ], [ 11455291.078661926090717, -356919.556209027650766 ], [ 11455132.142258945852518, -356911.227619853336364 ], [ 11455123.815561033785343, -356908.81043371517444 ], [ 11455102.969984505325556, -356902.757880115823355 ], [ 11455095.649503475055099, -356900.63236197642982 ], [ 11455097.45822256244719, -356903.071512225724291 ], [ 11455104.077502118423581, -356911.998042202438228 ], [ 11455036.656518563628197, -356945.761723018891644 ], [ 11455006.558288602158427, -356960.834579029527958 ], [ 11454990.322340868413448, -356968.965827647130936 ], [ 11454988.412098409608006, -356973.60843304276932 ], [ 11454963.728114517405629, -357033.607769621303305 ], [ 11454945.292604964226484, -357078.418310452485457 ], [ 11454938.29205615259707, -357095.435750952339731 ], [ 11454936.627607123926282, -357099.481645546096843 ], [ 11454936.625603374093771, -357099.439500811975449 ], [ 11454927.506867285817862, -356911.159497123036999 ], [ 11454925.576364673674107, -356871.298231130058412 ], [ 11454916.848026040941477, -356691.07970322901383 ], [ 11454913.424729062244296, -356620.397123472590465 ], [ 11454908.102878166362643, -356611.847018470987678 ], [ 11454981.803060237318277, -356582.872082415735349 ], [ 11455140.837424371391535, -356543.194895274587907 ], [ 11455204.532210614532232, -356487.317727871006355 ], [ 11455236.534337827935815, -356383.369121523748618 ], [ 11455262.97049050219357, -356290.93674398586154 ], [ 11455284.560905739665031, -356215.445823723857757 ], [ 11455289.938750341534615, -356210.652733407740016 ], [ 11455427.878070965409279, -356087.722689927963074 ], [ 11455523.362364189699292, -356031.911526040406898 ], [ 11455546.760607961565256, -356031.959468016866595 ], [ 11455610.787126284092665, -356032.091029716655612 ], [ 11455753.909482406452298, -356000.3802039125585 ], [ 11455920.907642908394337, -355913.85502720187651 ], [ 11455973.073626086115837, -355886.826040876389015 ], [ 11455984.633598607033491, -355880.83642336318735 ], [ 11455993.349803416058421, -355880.056754065386485 ], [ 11456000.75043448805809, -355879.394821187888738 ], [ 11456001.30547346547246, -355879.345206887926906 ], [ 11456012.422728372737765, -355876.294651876494754 ], [ 11456046.162775479257107, -355867.036400217039045 ], [ 11456061.690842565149069, -355863.303844053705689 ], [ 11456085.930773008614779, -355856.580716652330011 ], [ 11456098.578782232478261, -355853.072818811226171 ], [ 11456108.855797618627548, -355850.247256957052741 ], [ 11456140.863156849518418, -355841.447242738271598 ], [ 11456156.464360846206546, -355837.157892471237574 ], [ 11456210.377503432333469, -355816.695847576076631 ], [ 11456218.307458678260446, -355812.09164269361645 ], [ 11456237.262384975329041, -355801.086193424009252 ], [ 11456257.883764047175646, -355784.404427334608044 ], [ 11456258.894656339660287, -355783.247355812753085 ], [ 11456259.169392842799425, -355782.854343951737974 ], [ 11456272.808702133595943, -355763.339216321124695 ], [ 11456285.202902918681502, -355747.822331366653088 ], [ 11456295.531347915530205, -355710.581994457752444 ], [ 11456293.631792122498155, -355692.508144463936333 ], [ 11456293.257981270551682, -355690.636183091381099 ], [ 11456283.137258449569345, -355676.444955263112206 ], [ 11456314.487944, -355657.200103842827957 ], [ 11456327.283896831795573, -355639.926667556224857 ], [ 11456337.448813492432237, -355627.004900460364297 ], [ 11456343.042395263910294, -355617.481093674025033 ], [ 11456354.89179846458137, -355594.593010284937918 ], [ 11456359.895164297893643, -355580.991366861271672 ], [ 11456363.319463154301047, -355568.742798232124187 ], [ 11456364.732218811288476, -355560.017282652144786 ], [ 11456364.732218811288476, -355519.953905946342275 ], [ 11456363.929271323606372, -355515.128623437136412 ], [ 11456358.113607162609696, -355500.566927949548699 ], [ 11456356.478546487167478, -355496.472925213922281 ], [ 11456356.377357069402933, -355496.306021023890935 ], [ 11456343.174086220562458, -355474.525639092258643 ], [ 11456338.122853005304933, -355463.901637822971679 ], [ 11456333.988892402499914, -355448.719828111468814 ], [ 11456373.819451482966542, -355429.054577181057539 ], [ 11456394.424021314829588, -355418.873873798991553 ], [ 11456416.382458787411451, -355408.024217148369644 ], [ 11456431.137634655460715, -355400.635172647656873 ], [ 11456432.651468409225345, -355399.840901123709045 ], [ 11456454.972807426005602, -355388.130636886751745 ], [ 11456457.81034124456346, -355385.857085075753275 ], [ 11456464.620422411710024, -355371.078999409626704 ], [ 11456480.510611806064844, -355344.36477246962022 ], [ 11456492.428253853693604, -355320.492489832919091 ], [ 11456495.265787674114108, -355309.124737944453955 ], [ 11456495.265787674114108, -355288.094399920897558 ], [ 11456494.698280911892653, -355287.454991900769528 ], [ 11456494.698280911892653, -355272.747939476626925 ], [ 11456494.365880908444524, -355272.581481576606166 ], [ 11456494.359201740473509, -355272.219912279804703 ], [ 11456494.744367180392146, -355272.631430093140807 ], [ 11456495.982573874294758, -355273.954285405867267 ], [ 11456535.416056336835027, -355340.232756445300765 ], [ 11456542.550745140761137, -355357.894921234576032 ], [ 11456545.855264218524098, -355366.075335462228395 ], [ 11456558.417557436972857, -355397.173781080637127 ], [ 11456559.438802447170019, -355399.70187015942065 ], [ 11456602.95169897004962, -355442.828346825728659 ], [ 11456655.529675584286451, -355463.710651319881435 ], [ 11456732.130398310720921, -355476.875564973277505 ], [ 11456772.824128724634647, -355479.226940307824407 ], [ 11456773.711901659145951, -355479.763218899897765 ], [ 11456775.688601860776544, -355479.332858118286822 ], [ 11456776.549769438803196, -355479.145327849895693 ], [ 11456782.272481821477413, -355479.840037183603272 ], [ 11456866.295097637921572, -355490.040480145951733 ], [ 11456890.043441208079457, -355503.014187274035066 ], [ 11456911.167650418356061, -355514.554437242972199 ], [ 11456926.795237135142088, -355534.708931868721265 ], [ 11456939.917801352217793, -355551.632711804588325 ], [ 11456944.255587944760919, -355557.227071155328304 ], [ 11456968.278334064409137, -355598.537728008697741 ], [ 11456968.731627026572824, -355598.310729182965588 ], [ 11456970.001225819811225, -355600.609817000338808 ], [ 11456972.204127224162221, -355604.599020458234008 ], [ 11456973.079543700441718, -355606.102163058065344 ], [ 11456992.315106427296996, -355640.187002750288229 ], [ 11456997.784900929778814, -355649.879499720584136 ], [ 11456999.933589741587639, -355653.68697195808636 ], [ 11457030.919036045670509, -355692.996259237348568 ], [ 11457031.544985542073846, -355693.153017883480061 ], [ 11457072.232927341014147, -355703.340769685048144 ], [ 11457107.093516442924738, -355706.026516130077653 ], [ 11457125.941019427031279, -355707.478596427943558 ], [ 11457160.946323864161968, -355709.426373084017541 ], [ 11457162.659419506788254, -355709.521699303237256 ], [ 11457163.123621786013246, -355709.547565604385454 ], [ 11457163.222918771207333, -355709.555258592241444 ], [ 11457216.831713866442442, -355713.685392565268558 ], [ 11457260.211249638348818, -355742.650074019329622 ], [ 11457285.583633257076144, -355763.221703008573968 ], [ 11457286.792451605200768, -355764.201723904116079 ], [ 11457303.590896727517247, -355777.821562410914339 ], [ 11457333.74946185387671, -355806.588694940321147 ], [ 11457338.638391252607107, -355811.252102254889905 ], [ 11457346.970543816685677, -355819.199751983338501 ], [ 11457385.428422257304192, -355853.663061666942667 ] ] ] ] } },
{ "type": "Feature", "properties": { "fid": 40540, "kdkab": "74", "kdkec": "042", "nmkab": "LUBUKLINGGAU", "nmkec": "LUBUK LINGGAU UTARA II", "kddesa": "001", "kdprov": "16", "nmdesa": "ULAK SURUNG", "nmprov": "SUMATERA SELATAN", "iddesa": "1674042001" }, "geometry": { "type": "MultiPolygon", "coordinates": [ [ [ [ 11450563.991218274459243, -366461.332097548816819 ], [ 11450530.094878606498241, -366462.547371849010233 ], [ 11450530.098663466051221, -366462.568557471095119 ], [ 11450489.751025350764394, -366463.958334427210502 ], [ 11450470.525036094710231, -366464.620663950743619 ], [ 11450450.707272425293922, -366461.156368374824524 ], [ 11450450.700593255460262, -366461.155253341072239 ], [ 11450383.43278532102704, -366449.396340663544834 ], [ 11450370.507813204079866, -366447.136949885461945 ], [ 11450367.853956544771791, -366446.673096284153871 ], [ 11450288.60895062983036, -366452.411054667842109 ], [ 11450274.871012270450592, -366457.146598855615593 ], [ 11450230.728492708876729, -366472.364233007887378 ], [ 11450203.99344720505178, -366481.58076124638319 ], [ 11450203.445087395608425, -366481.769870847114362 ], [ 11450203.371616531163454, -366481.728837633971125 ], [ 11450202.68277152441442, -366481.34403973154258 ], [ 11450201.417291551828384, -366480.688400305400137 ], [ 11450196.414037035778165, -366477.844062575197313 ], [ 11450189.874128270894289, -366474.193221572961193 ], [ 11450189.349813472479582, -366473.901082932017744 ], [ 11450174.460831575095654, -366465.588512488873675 ], [ 11450163.822027841582894, -366459.64984751585871 ], [ 11450139.929525531828403, -366446.311602686881088 ], [ 11450139.973942011594772, -366445.757542948180344 ], [ 11450119.505070641636848, -366434.120839469542261 ], [ 11450116.534955307841301, -366390.982913920539431 ], [ 11450134.355647310614586, -366332.969925710523967 ], [ 11450142.52360362932086, -366271.981953682086896 ], [ 11450136.961970549076796, -366266.968217169924174 ], [ 11450106.243023103103042, -366239.27553645032458 ], [ 11450080.145393, -366238.167753546440508 ], [ 11450072.6610496789217, -366237.850415833177976 ], [ 11450046.531693521887064, -366237.321779828169383 ], [ 11450031.886389994993806, -366237.025404694024473 ], [ 11449965.05851667933166, -366257.850498455401976 ], [ 11449926.508465699851513, -366289.689872954739258 ], [ 11449926.158254584297538, -366289.248432133230381 ], [ 11449923.998656459152699, -366290.976730374095496 ], [ 11449920.65127937309444, -366286.696125948044937 ], [ 11449761.615802047774196, -366083.23324442881858 ], [ 11449638.098032772541046, -365925.212332024064381 ], [ 11449592.432439936324954, -365866.790706379862968 ], [ 11449573.48363621532917, -365842.546679589198902 ], [ 11449566.938050154596567, -365834.172829866758548 ], [ 11449467.455160818994045, -365723.416182500310242 ], [ 11448876.635868992656469, -365065.646774810913485 ], [ 11448861.239270219579339, -365048.505591157998424 ], [ 11448571.959988666698337, -364663.813655533303972 ], [ 11448492.958772441372275, -364439.605579830531497 ], [ 11448488.58502964489162, -364380.710629261040594 ], [ 11448910.892215896397829, -364673.29128214775119 ], [ 11449390.025219205766916, -365005.241424801351968 ], [ 11449389.760946732014418, -365005.383812635787763 ], [ 11449425.001803211867809, -365029.473784749745391 ], [ 11449485.846921812742949, -365071.066435626591556 ], [ 11449489.915983157232404, -365073.80224607558921 ], [ 11449573.134872250258923, -365129.751457677746657 ], [ 11449574.740433264523745, -365131.179797669290565 ], [ 11449663.644631395116448, -365210.268160099978559 ], [ 11449768.979586359113455, -365286.686103114974685 ], [ 11449803.145764473825693, -365311.473024314967915 ], [ 11449941.930445315316319, -365412.158603002491873 ], [ 11449942.016272645443678, -365412.22082124958979 ], [ 11449950.844464860856533, -365418.625509690900799 ], [ 11450028.692411165684462, -365475.102523193694651 ], [ 11450038.759032718837261, -365484.526697625347879 ], [ 11450128.638389581814408, -365568.668598927208222 ], [ 11450311.630489243194461, -365739.977545134257525 ], [ 11450309.528554616495967, -365741.825700098241214 ], [ 11450171.949352545663714, -365844.402195430011488 ], [ 11450164.890917589887977, -365870.705900324974209 ], [ 11450159.35043521784246, -365892.220235286629759 ], [ 11450158.361806821078062, -365895.607018754526507 ], [ 11450155.555553777143359, -365905.220002893183846 ], [ 11450156.173488266766071, -365924.895441217522603 ], [ 11450145.990092568099499, -365934.437512135365978 ], [ 11450127.869060581550002, -365990.127688887354452 ], [ 11450141.871716687455773, -365997.552995857142378 ], [ 11450163.776498170569539, -365997.552995857142378 ], [ 11450203.822571791708469, -365997.552995857142378 ], [ 11450203.84383380971849, -365997.748348796332721 ], [ 11450240.72565090097487, -365996.707692986470647 ], [ 11450281.048242134973407, -365992.535257618059404 ], [ 11450281.058594847097993, -365993.082513429282699 ], [ 11450304.14892890304327, -365990.158240657823626 ], [ 11450304.176202181726694, -365990.620531313121319 ], [ 11450304.233086440712214, -365990.611388084071223 ], [ 11450310.809174042195082, -365989.560362581571098 ], [ 11450330.28173596598208, -365989.249938756111078 ], [ 11450327.144084801897407, -366011.698578869749326 ], [ 11450382.917264755815268, -366016.381920961779542 ], [ 11450382.896559335291386, -366016.441574982891325 ], [ 11450397.909105863422155, -366019.934401433856692 ], [ 11450402.195574169978499, -366020.343282352434471 ], [ 11450405.252963988110423, -366057.091948992339894 ], [ 11450439.043438822031021, -366047.843343110173009 ], [ 11450458.348910195752978, -366042.559333765355404 ], [ 11450488.002418786287308, -366034.952608642692212 ], [ 11450509.222362764179707, -366029.509262328618206 ], [ 11450512.699872331693769, -366028.617239527055062 ], [ 11450533.909908873960376, -366021.978137031255756 ], [ 11450551.474566048011184, -366010.35976436000783 ], [ 11450609.556846203282475, -365969.293056007300038 ], [ 11450612.600543722510338, -365973.803789987694472 ], [ 11450614.044134881347418, -365976.555679001205135 ], [ 11450629.173900827765465, -366005.398445972939953 ], [ 11450648.603604754433036, -366040.976885126437992 ], [ 11450678.658976711332798, -366086.590262431942392 ], [ 11450680.19518568739295, -366085.723884836304933 ], [ 11450681.057466462254524, -366087.883138658013195 ], [ 11450680.993346435949206, -366087.877005999500398 ], [ 11450686.558875694870949, -366101.932060122780968 ], [ 11450686.450784467160702, -366101.961385392234661 ], [ 11450688.397985005751252, -366106.497212910850067 ], [ 11450690.092045014724135, -366109.534998727787752 ], [ 11450723.95465487614274, -366170.25605500623351 ], [ 11450728.358676573261619, -366180.816503878624644 ], [ 11450728.807182798162103, -366181.891838839452248 ], [ 11450757.598967220634222, -366250.931509563582949 ], [ 11450771.072633106261492, -366306.335281730454881 ], [ 11450771.496315088123083, -366308.077518126461655 ], [ 11450771.586929149925709, -366308.092459546402097 ], [ 11450776.094366658478975, -366327.038515527150594 ], [ 11450778.046131290495396, -366337.204592620837502 ], [ 11450779.577776158228517, -366345.182086443994194 ], [ 11450782.96366979368031, -366362.818097821553238 ], [ 11450782.652977095916867, -366362.816090766456909 ], [ 11450794.432026376947761, -366411.39815063891001 ], [ 11450788.22307045571506, -366418.93108636100078 ], [ 11450785.403570394963026, -366422.352451875340194 ], [ 11450784.627784859389067, -366423.293762268440332 ], [ 11450781.667465643957257, -366426.885727890708949 ], [ 11450772.960834311321378, -366428.756640923733357 ], [ 11450717.829967809841037, -366440.603415991412476 ], [ 11450685.713292844593525, -366447.505022178520449 ], [ 11450685.444010997191072, -366447.56289237854071 ], [ 11450683.667017962783575, -366447.944791078101844 ], [ 11450683.524640336632729, -366447.975342974299565 ], [ 11450658.810822825878859, -366453.285240349825472 ], [ 11450658.762955443933606, -366453.295275640033651 ], [ 11450658.737351959571242, -366453.300850808212999 ], [ 11450643.045756535604596, -366456.672709922131617 ], [ 11450637.0884939879179, -366457.952990580990445 ], [ 11450637.047305775806308, -366457.961799335666001 ], [ 11450637.040070008486509, -366457.761873957584612 ], [ 11450632.274482605978847, -366458.978709260816686 ], [ 11450563.970846809446812, -366461.277683944907039 ], [ 11450563.991218274459243, -366461.332097548816819 ] ] ] ] } },
{ "type": "Feature", "properties": { "fid": 40590, "kdkab": "74", "kdkec": "042", "nmkab": "LUBUKLINGGAU", "nmkec": "LUBUK LINGGAU UTARA II", "kddesa": "002", "kdprov": "16", "nmdesa": "PASAR SATELIT", "nmprov": "SUMATERA SELATAN", "iddesa": "1674042002" }, "geometry": { "type": "MultiPolygon", "coordinates": [ [ [ [ 11451056.076800938695669, -366193.690641305118334 ], [ 11451056.114092966541648, -366193.730336377164349 ], [ 11451235.799558473750949, -366385.324014489189722 ], [ 11451235.135982990264893, -366385.718847343407106 ], [ 11451234.893083859235048, -366385.863355500390753 ], [ 11451229.587040329352021, -366389.020345883036498 ], [ 11451220.193901700899005, -366394.610002008208539 ], [ 11451220.184439541772008, -366394.615688675490674 ], [ 11451219.756416101008654, -366394.869804507412482 ], [ 11451218.981632445007563, -366395.330312793259509 ], [ 11451139.111010996624827, -366403.772221731313039 ], [ 11451136.796678781509399, -366404.01641379413195 ], [ 11451135.237092711031437, -366403.248156565707177 ], [ 11451051.97790596447885, -366362.19156142877182 ], [ 11451049.368577100336552, -366360.911504876858089 ], [ 11451048.284325258806348, -366360.378519664285704 ], [ 11451046.974094858393073, -366359.735146298946347 ], [ 11451048.312155136838555, -366363.526254555152263 ], [ 11451049.706988355144858, -366367.480157593847252 ], [ 11450976.966380290687084, -366327.267654503404628 ], [ 11450964.731255056336522, -366341.284716300317086 ], [ 11450917.923635568469763, -366356.882894939626567 ], [ 11450901.849991654977202, -366362.239284787676297 ], [ 11450828.847448827698827, -366386.56649473879952 ], [ 11450809.625355757772923, -366392.972019762499258 ], [ 11450808.516613626852632, -366394.310058357717935 ], [ 11450807.928846713155508, -366395.021448882762343 ], [ 11450801.079358445480466, -366403.331783987989184 ], [ 11450794.900013513863087, -366410.830376169353258 ], [ 11450794.432026376947761, -366411.39815063891001 ], [ 11450782.652977095916867, -366362.816090766456909 ], [ 11450782.96366979368031, -366362.818097821553238 ], [ 11450779.577776158228517, -366345.182086443994194 ], [ 11450778.046131290495396, -366337.204592620837502 ], [ 11450776.094366658478975, -366327.038515527150594 ], [ 11450771.586929149925709, -366308.092459546402097 ], [ 11450771.496315088123083, -366308.077518126461655 ], [ 11450771.072633106261492, -366306.335281730454881 ], [ 11450757.598967220634222, -366250.931509563582949 ], [ 11450728.807182798162103, -366181.891838839452248 ], [ 11450728.358676573261619, -366180.816503878624644 ], [ 11450723.95465487614274, -366170.25605500623351 ], [ 11450690.092045014724135, -366109.534998727787752 ], [ 11450688.397985005751252, -366106.497212910850067 ], [ 11450686.450784467160702, -366101.961385392234661 ], [ 11450686.558875694870949, -366101.932060122780968 ], [ 11450680.993346435949206, -366087.877005999500398 ], [ 11450681.057466462254524, -366087.883138658013195 ], [ 11450680.19518568739295, -366085.723884836304933 ], [ 11450678.658976711332798, -366086.590262431942392 ], [ 11450648.603604754433036, -366040.976885126437992 ], [ 11450629.173900827765465, -366005.398445972939953 ], [ 11450614.044134881347418, -365976.555679001205135 ], [ 11450612.600543722510338, -365973.803789987694472 ], [ 11450609.556846203282475, -365969.293056007300038 ], [ 11450551.474566048011184, -366010.35976436000783 ], [ 11450533.909908873960376, -366021.978137031255756 ], [ 11450512.699872331693769, -366028.617239527055062 ], [ 11450509.222362764179707, -366029.509262328618206 ], [ 11450488.002418786287308, -366034.952608642692212 ], [ 11450458.348910195752978, -366042.559333765355404 ], [ 11450439.043438822031021, -366047.843343110173009 ], [ 11450405.252963988110423, -366057.091948992339894 ], [ 11450402.195574169978499, -366020.343282352434471 ], [ 11450397.909105863422155, -366019.934401433856692 ], [ 11450382.896559335291386, -366016.441574982891325 ], [ 11450382.917264755815268, -366016.381920961779542 ], [ 11450327.144084801897407, -366011.698578869749326 ], [ 11450330.28173596598208, -365989.249938756111078 ], [ 11450310.809174042195082, -365989.560362581571098 ], [ 11450304.233086440712214, -365990.611388084071223 ], [ 11450304.176202181726694, -365990.620531313121319 ], [ 11450304.14892890304327, -365990.158240657823626 ], [ 11450281.058594847097993, -365993.082513429282699 ], [ 11450281.048242134973407, -365992.535257618059404 ], [ 11450240.72565090097487, -365996.707692986470647 ], [ 11450203.84383380971849, -365997.748348796332721 ], [ 11450203.822571791708469, -365997.552995857142378 ], [ 11450163.776498170569539, -365997.552995857142378 ], [ 11450141.871716687455773, -365997.552995857142378 ], [ 11450127.869060581550002, -365990.127688887354452 ], [ 11450145.990092568099499, -365934.437512135365978 ], [ 11450156.173488266766071, -365924.895441217522603 ], [ 11450155.555553777143359, -365905.220002893183846 ], [ 11450158.361806821078062, -365895.607018754526507 ], [ 11450159.35043521784246, -365892.220235286629759 ], [ 11450164.890917589887977, -365870.705900324974209 ], [ 11450171.949352545663714, -365844.402195430011488 ], [ 11450309.528554616495967, -365741.825700098241214 ], [ 11450311.630489243194461, -365739.977545134257525 ], [ 11450311.72377497702837, -365739.895479248953052 ], [ 11450334.929436029866338, -365728.606180050584953 ], [ 11450337.747266296297312, -365728.156601772876456 ], [ 11450338.133433613926172, -365728.095052363874856 ], [ 11450339.078758731484413, -365727.944189413334243 ], [ 11450342.030840301886201, -365727.473314154776745 ], [ 11450339.141654243692756, -365735.828311916440725 ], [ 11450333.753011651337147, -365742.822310009330977 ], [ 11450329.241121366620064, -365749.065004219533876 ], [ 11450326.05170663818717, -365753.478053020138759 ], [ 11450324.797135975211859, -365755.213925109943375 ], [ 11450327.850629607215524, -365758.680317252525128 ], [ 11450327.712816080078483, -365758.862400966405403 ], [ 11450360.990664655342698, -365788.80519626691239 ], [ 11450391.575472110882401, -365790.25539922126336 ], [ 11450394.658020131289959, -365790.401579145225696 ], [ 11450517.906730201095343, -365797.998586827132385 ], [ 11450516.944261880591512, -365792.99624494073214 ], [ 11450594.270676368847489, -365764.095663170679472 ], [ 11450602.919310245662928, -365759.557954064221121 ], [ 11450616.656692009419203, -365751.562327308522072 ], [ 11450621.763251006603241, -365749.894360339443665 ], [ 11450643.278525592759252, -365740.615674293774646 ], [ 11450660.610302390530705, -365732.035329506790731 ], [ 11450685.512138526886702, -365719.164813575451262 ], [ 11450703.939521754160523, -365708.988088713900652 ], [ 11450717.087800769135356, -365702.103922729613259 ], [ 11450733.722272278741002, -365695.618713182630017 ], [ 11450758.42495783790946, -365686.938577121472917 ], [ 11450791.594269914552569, -365676.761966706020758 ], [ 11450807.929848589003086, -365673.469521002902184 ], [ 11450817.786966860294342, -365670.883666691370308 ], [ 11450824.517788551747799, -365716.628130815341137 ], [ 11450829.398925587534904, -365749.795011547452305 ], [ 11450834.955104006454349, -365787.549230881384574 ], [ 11450839.892680021002889, -365812.920091300155036 ], [ 11450839.946224698796868, -365812.910948085773271 ], [ 11450849.572577664628625, -365849.996618802426383 ], [ 11450850.441648932173848, -365853.344486551766749 ], [ 11450851.512097155675292, -365857.468413042544853 ], [ 11450867.205696327611804, -365917.927857840724755 ], [ 11450895.880372641608119, -365975.754642907704692 ], [ 11450912.036615615710616, -366005.36477212025784 ], [ 11450913.398720908910036, -366007.661730371473823 ], [ 11450913.412079244852066, -366007.658050778962206 ], [ 11450919.833210110664368, -366018.549536151054781 ], [ 11450920.00519872829318, -366018.841227582655847 ], [ 11450921.507009979337454, -366021.388509995827917 ], [ 11450921.500887401401997, -366021.389625025214627 ], [ 11450923.465231135487556, -366024.567010075377766 ], [ 11450923.463227387517691, -366024.57080117642181 ], [ 11450957.809186479076743, -366077.15979287243681 ], [ 11451023.111092211678624, -366158.322447923303116 ], [ 11451045.313542008399963, -366186.904567986668553 ], [ 11451045.113946165889502, -366186.930882697284687 ], [ 11451051.224940931424499, -366194.412177321442869 ], [ 11451051.351511187851429, -366194.567166510212701 ], [ 11451056.076800938695669, -366193.690641305118334 ] ] ] ] } },
{ "type": "Feature", "properties": { "fid": 40736, "kdkab": "74", "kdkec": "032", "nmkab": "LUBUKLINGGAU", "nmkec": "LUBUK LINGGAU TIMUR II", "kddesa": "001", "kdprov": "16", "nmdesa": "MESAT JAYA", "nmprov": "SUMATERA SELATAN", "iddesa": "1674032001" }, "geometry": { "type": "MultiPolygon", "coordinates": [ [ [ [ 11450974.266993960365653, -367973.67471100128023 ], [ 11450950.994095930829644, -367996.209276758192573 ], [ 11450948.758800562471151, -368002.983083711704239 ], [ 11450946.581057360395789, -368002.784939619305078 ], [ 11450921.71629061549902, -368000.522172052646056 ], [ 11450921.855439983308315, -368000.441888573521283 ], [ 11450922.005721293389797, -368000.356029855087399 ], [ 11450915.292042806744576, -367999.773974637908395 ], [ 11450905.517078317701817, -367998.926537930674385 ], [ 11450905.482569279149175, -367998.686802542826626 ], [ 11450877.800751501694322, -367993.622253295732662 ], [ 11450870.712260283529758, -367992.325117674248759 ], [ 11450850.813344711437821, -367997.070874563942198 ], [ 11450849.766384897753596, -367997.320533870602958 ], [ 11450842.898306276649237, -367973.192229713429697 ], [ 11450842.332024022936821, -367971.202649517450482 ], [ 11450829.501339517533779, -367926.127734531473834 ], [ 11450829.419853651896119, -367926.096959214599337 ], [ 11450823.115719567984343, -367923.713991094147786 ], [ 11450810.115050192922354, -367874.756724563543685 ], [ 11450810.005289178341627, -367874.699522646376863 ], [ 11450782.85502196662128, -367790.980037882225588 ], [ 11450782.439911590889096, -367791.201820572197903 ], [ 11450782.422100471332669, -367791.194126758782659 ], [ 11450782.13322639092803, -367791.069464592903387 ], [ 11450782.043391562998295, -367790.851473057991825 ], [ 11450781.135358473286033, -367788.64925682451576 ], [ 11450767.23856720328331, -367797.796650057949591 ], [ 11450767.218974970281124, -367798.018544265127275 ], [ 11450762.22028455697, -367801.099863184499554 ], [ 11450760.017494475468993, -367802.457655083795544 ], [ 11450759.952817853540182, -367802.592352674517315 ], [ 11450756.605440760031343, -367809.558939303271472 ], [ 11450727.333869339898229, -367810.087248288211413 ], [ 11450687.17191213555634, -367816.468324483430479 ], [ 11450664.18376936390996, -367835.030392977583688 ], [ 11450656.496379293501377, -367829.369301286118571 ], [ 11450650.264380235224962, -367825.901394938176963 ], [ 11450650.413437033072114, -367825.777290256984998 ], [ 11450650.368575276806951, -367825.753428259573411 ], [ 11450644.445265175774693, -367822.547334949194919 ], [ 11450617.720461064949632, -367808.084178953082301 ], [ 11450603.22332377359271, -367800.23848991736304 ], [ 11450577.080497963353992, -367785.275573150138371 ], [ 11450555.412604356184602, -367773.082321195222903 ], [ 11450555.400804489850998, -367773.075742423592601 ], [ 11450543.197627948597074, -367759.575769529445097 ], [ 11450537.982643768191338, -367753.810201903339475 ], [ 11450536.467585498467088, -367752.156142929685302 ], [ 11450536.453670557588339, -367752.140755295346025 ], [ 11450536.450998893007636, -367752.134176524996292 ], [ 11450535.404261723160744, -367750.975866943888832 ], [ 11450534.710407333448529, -367750.203697724849917 ], [ 11450534.707179071381688, -367750.202694187813904 ], [ 11450532.921169159933925, -367748.227167573350016 ], [ 11450532.22063560411334, -367747.451207219914068 ], [ 11450530.103004930540919, -367745.108384584949818 ], [ 11450529.969532862305641, -367744.960083497746382 ], [ 11450529.821477934718132, -367744.791711590311024 ], [ 11450529.81914022564888, -367744.789146986964624 ], [ 11450529.703479276970029, -367744.658798143151216 ], [ 11450529.644145989790559, -367744.592118403350469 ], [ 11450529.592382421717048, -367744.539934263331816 ], [ 11450530.631995150819421, -367742.508432457165327 ], [ 11450530.695669896900654, -367742.582582999079023 ], [ 11450555.450786942616105, -367703.740975790249649 ], [ 11450555.217238647863269, -367703.454409142606892 ], [ 11450555.250300541520119, -367703.44961444765795 ], [ 11450554.967437712475657, -367703.09480702644214 ], [ 11450551.385065181180835, -367698.602624032762833 ], [ 11450551.33864494971931, -367698.544418670120649 ], [ 11450591.782017832621932, -367679.296954844438005 ], [ 11450591.803947769105434, -367679.307213258347474 ], [ 11450591.825321113690734, -367679.296954844438005 ], [ 11450591.825321113690734, -367674.268324657750782 ], [ 11450591.911816360428929, -367668.459497728734277 ], [ 11450591.809402422979474, -367665.895563351514284 ], [ 11450591.78680457174778, -367665.328339991916437 ], [ 11450591.73871454782784, -367664.12442597548943 ], [ 11450591.881982736289501, -367662.880481858330313 ], [ 11450591.998422920703888, -367661.870251173619181 ], [ 11450592.073563579469919, -367661.574095248244703 ], [ 11450592.182434041053057, -367661.145137473649811 ], [ 11450593.296742141246796, -367656.754982790153008 ], [ 11450594.41817469149828, -367652.380327404476702 ], [ 11450594.441774426028132, -367652.288224701245781 ], [ 11450597.942104494199157, -367651.203732129069977 ], [ 11450606.018667509779334, -367648.701571631187107 ], [ 11450619.63682609796524, -367644.482465299777687 ], [ 11450619.787441365420818, -367644.435856435040478 ], [ 11450610.207731267437339, -367600.027982441708446 ], [ 11450634.931790169328451, -367591.298970128584187 ], [ 11450667.983660185709596, -367562.692180503800046 ], [ 11450668.016388116404414, -367562.663858390238602 ], [ 11450668.642337612807751, -367561.967178955907002 ], [ 11450680.480386218056083, -367548.791821026999969 ], [ 11450683.250237787142396, -367536.653901266690809 ], [ 11450679.787978988140821, -367521.394641547522042 ], [ 11450677.018127419054508, -367505.441938480420504 ], [ 11450678.403053199872375, -367492.610355093376711 ], [ 11450692.187300471588969, -367482.034728351805825 ], [ 11450693.475044341757894, -367481.046688673319295 ], [ 11450702.890001595020294, -367477.909180484886747 ], [ 11450707.127934604883194, -367476.621305764536373 ], [ 11450729.703527338802814, -367469.75710101990262 ], [ 11450744.031459, -367467.865988158679102 ], [ 11450747.184026980772614, -367467.450077137968037 ], [ 11450757.689247326925397, -367458.089291980373673 ], [ 11450760.651458973065019, -367449.205745920189656 ], [ 11450761.206943236291409, -367447.540987089276314 ], [ 11450764.74467665143311, -367427.60959976084996 ], [ 11450764.533169621601701, -367425.214488396712113 ], [ 11450763.606991456821561, -367414.706328155065421 ], [ 11450756.878841429948807, -367407.903454578306992 ], [ 11450755.469536678865552, -367406.478430463175755 ], [ 11450736.849125452339649, -367397.055208090634551 ], [ 11450714.727716246619821, -367389.97022992616985 ], [ 11450710.358648870140314, -367381.125158275943249 ], [ 11450710.292191134765744, -367380.990572694223374 ], [ 11450710.087919864803553, -367380.577115097839851 ], [ 11450711.823390731588006, -367375.947460499708541 ], [ 11450713.603389389812946, -367371.201841732137837 ], [ 11450720.218104852363467, -367366.045999238209333 ], [ 11450721.866746507585049, -367364.760021394176874 ], [ 11450724.085789235308766, -367363.028361315315124 ], [ 11450724.092245766893029, -367363.025127689994406 ], [ 11450724.10638334415853, -367363.014088777767029 ], [ 11450725.114715291187167, -367362.5091978040291 ], [ 11450737.97378627024591, -367356.0202117000008 ], [ 11450742.232313388958573, -367354.505315887799952 ], [ 11450751.656064884737134, -367351.1530542364344 ], [ 11450752.200862469151616, -367350.884329164226074 ], [ 11450755.432244652882218, -367349.713312296720687 ], [ 11450757.098252149298787, -367349.10951718618162 ], [ 11450757.570246789604425, -367348.938358273822814 ], [ 11450763.873935595154762, -367346.653972255066037 ], [ 11450767.481688974425197, -367343.357128410774749 ], [ 11450774.306686952710152, -367337.120477349672001 ], [ 11450774.399082127958536, -367337.036068696761504 ], [ 11450775.968686953186989, -367330.562471659388393 ], [ 11450777.815254665911198, -367323.256496517860796 ], [ 11450777.900080112740397, -367323.12057296425337 ], [ 11450779.405676230788231, -367321.428162992815487 ], [ 11450774.579308388754725, -367352.851597390137613 ], [ 11450773.901150047779083, -367357.846204213390592 ], [ 11450773.835582869127393, -367358.329128839133773 ], [ 11450775.115757010877132, -367357.843974127899855 ], [ 11450785.739977894350886, -367353.817335091298446 ], [ 11450789.11830179952085, -367352.528235267091077 ], [ 11450793.357904611155391, -367351.466492481064051 ], [ 11450794.909586990252137, -367351.078011919860728 ], [ 11450801.022696822881699, -367349.950035663729068 ], [ 11450807.601901371032, -367349.336985707806889 ], [ 11450807.940089982002974, -367349.305430023814552 ], [ 11450808.868160575628281, -367349.452281023608521 ], [ 11450810.760814558714628, -367349.751669733435847 ], [ 11450815.70952252484858, -367355.018235123716295 ], [ 11450818.883909121155739, -367358.197888413327746 ], [ 11450824.21177127584815, -367358.64267860702239 ], [ 11450826.502615071833134, -367358.833908284665085 ], [ 11450832.534016402438283, -367357.561980048776604 ], [ 11450861.103941077366471, -367350.248643853992689 ], [ 11450870.627212194725871, -367348.976827219536062 ], [ 11450885.229657722637057, -367347.38688918936532 ], [ 11450893.549231184646487, -367346.417917919403408 ], [ 11450895.378878336399794, -367346.204833448340651 ], [ 11450898.879653679206967, -367345.797062684898265 ], [ 11450914.434437451884151, -367345.161154391418677 ], [ 11450925.227529998868704, -367345.479164292395581 ], [ 11450927.180407822132111, -367345.863407669530716 ], [ 11450928.110148210078478, -367345.921612846839707 ], [ 11450938.245008610188961, -367347.855206718784757 ], [ 11450945.966796413064003, -367349.62778859800892 ], [ 11450952.723332900553942, -367352.689358807168901 ], [ 11450958.514618093147874, -367355.5898055563448 ], [ 11450966.879943868145347, -367358.651375936518889 ], [ 11450967.274237506091595, -367358.805028701666743 ], [ 11450978.462625566869974, -367363.163281384273432 ], [ 11450988.436517985537648, -367365.257999115332495 ], [ 11450992.312328692525625, -367365.51122513244627 ], [ 11450997.92205179668963, -367365.51122513244627 ], [ 11451005.845995789393783, -367365.51122513244627 ], [ 11451008.715144345536828, -367365.51122513244627 ], [ 11451010.858712457120419, -367365.164893110981211 ], [ 11451018.555898645892739, -367363.921398374426644 ], [ 11451020.610633809119463, -367363.485193980217446 ], [ 11451029.031508011743426, -367361.695551741693635 ], [ 11451036.332730771973729, -367360.741633411264047 ], [ 11451038.569139344617724, -367360.581624902202748 ], [ 11451049.665354862809181, -367359.787826598563697 ], [ 11451060.901610305532813, -367359.251825970946811 ], [ 11451069.664346663281322, -367358.833908284665085 ], [ 11451080.774811077862978, -367358.833908284665085 ], [ 11451081.175672564655542, -367358.841156056034379 ], [ 11451086.758122390136123, -367358.946973531099502 ], [ 11451097.599304962903261, -367359.151806721813045 ], [ 11451100.142176086083055, -367359.295981630741153 ], [ 11451114.423910161480308, -367360.105725032044575 ], [ 11451123.617564264684916, -367358.772915493580513 ], [ 11451138.54951548203826, -367356.60806175385369 ], [ 11451150.746792087331414, -367355.080900470260531 ], [ 11451154.938750153407454, -367354.381100231548771 ], [ 11451168.706744775176048, -367350.566653763176873 ], [ 11451179.81720919534564, -367348.340807398373727 ], [ 11451187.118431955575943, -367338.801737141737249 ], [ 11451195.054509771987796, -367327.990739809174556 ], [ 11451195.689364828169346, -367314.635999532183632 ], [ 11451181.054302694275975, -367298.890723894175608 ], [ 11451181.116418970748782, -367298.867642543511465 ], [ 11451183.957737656310201, -367297.812144493276719 ], [ 11451184.306835576891899, -367297.682465199264698 ], [ 11451198.612392017617822, -367292.36840178607963 ], [ 11451213.618259375914931, -367283.010976538469549 ], [ 11451248.712842047214508, -367261.124952125072014 ], [ 11451241.602866169065237, -367296.596638042770792 ], [ 11451241.198776420205832, -367298.641623676288873 ], [ 11451241.45258485712111, -367302.064800369727891 ], [ 11451243.024416066706181, -367323.230516053154133 ], [ 11451244.688642453402281, -367345.655340884870384 ], [ 11451244.765452899038792, -367346.690545623656362 ], [ 11451244.60303776524961, -367346.83026035228977 ], [ 11451239.61904152110219, -367351.120495012379251 ], [ 11451190.211889285594225, -367393.650203656347003 ], [ 11451175.973235854879022, -367452.057913845288567 ], [ 11451170.219910614192486, -367476.442787373031024 ], [ 11451166.827003857120872, -367490.470587205665652 ], [ 11451151.243054382503033, -367554.900365461304318 ], [ 11451148.05519812181592, -367568.079961283307057 ], [ 11451147.69908707216382, -367569.552376844978426 ], [ 11451147.743503546342254, -367570.174125365039799 ], [ 11451145.929329806938767, -367577.40395927458303 ], [ 11451143.199553253129125, -367588.283110136864707 ], [ 11451130.396921254694462, -367639.305870264011901 ], [ 11451130.574030565097928, -367639.510480966418982 ], [ 11451130.324118310585618, -367639.675061557500158 ], [ 11451193.706987336277962, -367715.248578665836249 ], [ 11451215.841754885390401, -367741.743622603360564 ], [ 11451225.881103167310357, -367753.760470859124325 ], [ 11451244.78437721543014, -367777.428993696696125 ], [ 11451250.079177474603057, -367784.058611794898752 ], [ 11451241.927919080480933, -367793.984529921319336 ], [ 11451238.329961819574237, -367801.792975974327419 ], [ 11451236.268547490239143, -367806.149796518671792 ], [ 11451235.873251976445317, -367806.875580195221119 ], [ 11451212.639761054888368, -367826.671780610631686 ], [ 11451194.336610374972224, -367842.265707904472947 ], [ 11451170.077866945415735, -367857.455990428687073 ], [ 11451170.248185763135552, -367857.854062162165064 ], [ 11451158.56854478828609, -367853.273449680069461 ], [ 11451158.219001587480307, -367852.868687682959717 ], [ 11451149.488213926553726, -367842.780859487480484 ], [ 11451149.402497921139002, -367842.84553219814552 ], [ 11451149.319008300080895, -367842.906859772512689 ], [ 11451142.942627865821123, -367829.739273750106804 ], [ 11451139.969284268096089, -367815.525775717804208 ], [ 11451138.244945354759693, -367807.276662372110877 ], [ 11451130.426977515220642, -367801.766103357076645 ], [ 11451119.274990927428007, -367801.741572337807156 ], [ 11451113.754657384008169, -367803.673947614035569 ], [ 11451109.777211975306273, -367805.065525446727406 ], [ 11451070.031700983643532, -367862.783684519759845 ], [ 11451054.552725786343217, -367903.005664603260811 ], [ 11451049.116995053365827, -367917.132200164662208 ], [ 11451048.957808181643486, -367917.250395195675083 ], [ 11451048.127364780753851, -367917.865901404526085 ], [ 11451041.858964255079627, -367934.766677389270626 ], [ 11451038.182081473991275, -367944.678336415498052 ], [ 11451038.157591186463833, -367956.104231326607987 ], [ 11451038.129761308431625, -367969.122415949997958 ], [ 11451042.54246592707932, -367985.922845422697719 ], [ 11451042.947668870911002, -367987.466072099050507 ], [ 11451040.503092855215073, -367994.79416900605429 ], [ 11451031.480648126453161, -367996.171253614942543 ], [ 11451031.252443168312311, -367996.205820107075851 ], [ 11451024.715762671083212, -367997.203788314189296 ], [ 11451021.79117700830102, -367997.356549929652829 ], [ 11451007.247396858409047, -367998.11634383443743 ], [ 11451004.927164709195495, -367996.157427016762085 ], [ 11450984.739820335060358, -367979.114027005562093 ], [ 11450974.266993960365653, -367973.67471100128023 ] ] ] ] } },
{ "type": "Feature", "properties": { "fid": 40081, "kdkab": "74", "kdkec": "031", "nmkab": "LUBUKLINGGAU", "nmkec": "LUBUK LINGGAU TIMUR I", "kddesa": "003", "kdprov": "16", "nmdesa": "BATU URIP TABA", "nmprov": "SUMATERA SELATAN", "iddesa": "1674031003" }, "geometry": { "type": "MultiPolygon", "coordinates": [ [ [ [ 11453866.068954719230533, -365797.434941086161416 ], [ 11453864.767629871144891, -365795.711110620235559 ], [ 11453864.718649299815297, -365795.646439101896249 ], [ 11453863.981380308046937, -365794.669453180045821 ], [ 11453863.078467916697264, -365792.448209596914239 ], [ 11453816.360349301248789, -365677.513047531014308 ], [ 11453784.06322543695569, -365688.783497628523037 ], [ 11453784.065117867663503, -365688.785839181917254 ], [ 11453682.839076628908515, -365722.724978232115973 ], [ 11453677.00537871196866, -365724.680955871939659 ], [ 11453693.037166494876146, -365769.953340122825466 ], [ 11453615.002982685342431, -365794.137362698151264 ], [ 11453610.856109017506242, -365798.022002376732416 ], [ 11453588.154502617195249, -365819.288675921328831 ], [ 11453586.60927676782012, -365820.062615754664876 ], [ 11453585.247616754844785, -365818.073185646382626 ], [ 11453560.919855237007141, -365782.529049046395812 ], [ 11453582.746156480163336, -365770.920736611238681 ], [ 11453567.039532925933599, -365679.743989537877496 ], [ 11453540.25806719250977, -365524.277834023232572 ], [ 11453540.252278575673699, -365524.244494826067239 ], [ 11453498.144790627062321, -365549.008833878440782 ], [ 11453497.927828943356872, -365548.450876021641307 ], [ 11453458.580730404704809, -365447.249699208128732 ], [ 11453452.560349708423018, -365431.76526884327177 ], [ 11453395.773049186915159, -365271.958236748119816 ], [ 11453466.467493688687682, -365254.545848335430492 ], [ 11453469.364806074649096, -365253.578456336806994 ], [ 11453468.362040100619197, -365199.706799741194118 ], [ 11453468.360147669911385, -365199.704681199917104 ], [ 11453466.987912310287356, -365139.914637912472244 ], [ 11453467.168472526594996, -365139.907501786423381 ], [ 11453466.122180629521608, -365106.821752959920559 ], [ 11453465.738796301186085, -365096.672959494229872 ], [ 11453465.716087125241756, -365096.070403131016064 ], [ 11453465.781876944005489, -365096.060144955408759 ], [ 11453528.544696412980556, -365086.28432634472847 ], [ 11453570.34037846326828, -365089.055817774613388 ], [ 11453584.97176705673337, -365089.827187987917569 ], [ 11453597.363073533400893, -365090.480477682722267 ], [ 11453646.862620949745178, -365092.239754853420891 ], [ 11453679.960020637139678, -365099.38624718063511 ], [ 11453747.938380884006619, -365113.282063317776192 ], [ 11453806.007302697747946, -365114.274653542845044 ], [ 11453806.019770480692387, -365114.358726000064053 ], [ 11453805.879730561748147, -365114.354934936156496 ], [ 11453805.964333372190595, -365114.905865996552166 ], [ 11453832.304306011646986, -365115.4037221352919 ], [ 11453919.506874399259686, -365094.758360086532775 ], [ 11453962.167174940928817, -365071.019381831574719 ], [ 11454019.39340821094811, -365039.174892133567482 ], [ 11454020.522299168631434, -365037.733730609179474 ], [ 11454033.49814429320395, -365016.19057013472775 ], [ 11454044.002140123397112, -365003.882775060890708 ], [ 11454054.435782035812736, -364984.06232399615692 ], [ 11454055.517584847286344, -364981.895286441082135 ], [ 11454057.280662944540381, -364968.944687334878836 ], [ 11454057.3689392991364, -364968.944018324778881 ], [ 11454057.423708491027355, -364968.94357231608592 ], [ 11454070.642675381153822, -364968.844001218967605 ], [ 11454108.60841035656631, -364968.558110631071031 ], [ 11454108.891273183748126, -364967.88620085187722 ], [ 11454146.238851027563214, -364879.174075119721238 ], [ 11454165.399941017851233, -364895.624814130656887 ], [ 11454229.938974278047681, -364951.034490810940042 ], [ 11454277.205564027652144, -365052.824281637207605 ], [ 11454297.238285632804036, -365100.69840178033337 ], [ 11454295.972583018243313, -365101.494637006020639 ], [ 11454295.87462186999619, -365101.555963061167859 ], [ 11454284.547863682731986, -365108.677591058134567 ], [ 11454284.8116908762604, -365109.444724334287457 ], [ 11454266.267756139859557, -365118.466011350334156 ], [ 11454267.830570472404361, -365124.257979724323377 ], [ 11454298.122385025024414, -365236.521093341289088 ], [ 11454300.807522466406226, -365246.472540882823523 ], [ 11454302.335827752947807, -365245.745101398322731 ], [ 11454311.566439930349588, -365273.968954001087695 ], [ 11454317.877030540257692, -365293.264504631224554 ], [ 11454393.86605266481638, -365259.509809330920689 ], [ 11454395.132979793474078, -365262.67345788970124 ], [ 11454401.952077839523554, -365258.995561739022378 ], [ 11454402.217240866273642, -365259.728241903067101 ], [ 11454488.635006844997406, -365424.846888801432215 ], [ 11454512.612223291769624, -365454.405580484657548 ], [ 11454516.294115446507931, -365458.944615186017472 ], [ 11454515.839597962796688, -365459.181111523823347 ], [ 11454519.205788047984242, -365476.926700768992305 ], [ 11454556.298221619799733, -365561.726014370273333 ], [ 11454535.079724797978997, -365583.469761583488435 ], [ 11454534.899164581671357, -365583.658423652872443 ], [ 11454484.202598685398698, -365636.62252433761023 ], [ 11454447.241856070235372, -365672.931075461849105 ], [ 11454410.368721902370453, -365671.759518764738459 ], [ 11454365.697546076029539, -365670.339088520850055 ], [ 11454299.675069281831384, -365668.239608134957962 ], [ 11454288.321260459721088, -365663.361820353660733 ], [ 11454266.144970737397671, -365653.69868098810548 ], [ 11454215.231109194457531, -365620.373606911045499 ], [ 11454211.22516599856317, -365617.751515536219813 ], [ 11454213.977206448093057, -365616.318820716056507 ], [ 11454182.873872803524137, -365550.764661704015452 ], [ 11454145.088809367269278, -365471.508246749290265 ], [ 11454022.051606334745884, -365529.555797650420573 ], [ 11453973.548145722597837, -365511.721444167429581 ], [ 11453902.569168599322438, -365485.623099801538046 ], [ 11453901.23244415409863, -365487.028363378078211 ], [ 11453841.567534796893597, -365549.754673229123 ], [ 11453870.230522561818361, -365627.205250188068021 ], [ 11453922.380587056279182, -365768.120237547147553 ], [ 11453916.460839170962572, -365771.201946147077251 ], [ 11453866.068954719230533, -365797.434941086161416 ] ] ] ] } },
{ "type": "Feature", "properties": { "fid": 40168, "kdkab": "74", "kdkec": "011", "nmkab": "LUBUKLINGGAU", "nmkec": "LUBUK LINGGAU BARAT I", "kddesa": "006", "kdprov": "16", "nmdesa": "LUBUK AMAN", "nmprov": "SUMATERA SELATAN", "iddesa": "1674011006" }, "geometry": { "type": "MultiPolygon", "coordinates": [ [ [ [ 11449255.324182566255331, -368297.614929007890169 ], [ 11449228.146753402426839, -368325.55644578684587 ], [ 11449212.765516720712185, -368353.043808998074383 ], [ 11449211.124222150072455, -368353.717634842789266 ], [ 11449211.929396027699113, -368354.756305669841822 ], [ 11449204.948105480521917, -368370.781721032457426 ], [ 11449192.883299071341753, -368398.014194528397638 ], [ 11449192.952428471297026, -368398.039283206453547 ], [ 11449180.077216167002916, -368419.592131655255798 ], [ 11449104.879452984780073, -368399.832287358411122 ], [ 11449104.895371668040752, -368399.823924465512391 ], [ 11449050.820593181997538, -368385.752076324773952 ], [ 11449018.897948088124394, -368377.586326367163565 ], [ 11449013.238576496019959, -368376.138765720650554 ], [ 11449014.583983859047294, -368353.947224023751915 ], [ 11448991.083994073793292, -368322.950904765282758 ], [ 11448991.149561256170273, -368308.370825971011072 ], [ 11448991.173717582598329, -368303.005533190851565 ], [ 11448988.923950672149658, -368300.883701971848495 ], [ 11448965.07263658195734, -368278.388212445133831 ], [ 11448933.141308562830091, -368249.099057157931384 ], [ 11448897.98104739561677, -368260.509261291008443 ], [ 11448869.09942814707756, -368268.595276454812847 ], [ 11448868.846510263159871, -368268.415753244480584 ], [ 11448857.81664115563035, -368272.345527603232767 ], [ 11448857.812299696728587, -368272.339060312020592 ], [ 11448853.87459534779191, -368271.539568708103616 ], [ 11448853.142558380961418, -368271.390932403679471 ], [ 11448845.730461401864886, -368269.885948018112686 ], [ 11448845.714431393891573, -368269.870002785988618 ], [ 11448841.992241585627198, -368266.160005061305128 ], [ 11448828.016302151605487, -368252.186632926168386 ], [ 11448827.933591773733497, -368252.103896153275855 ], [ 11448827.836966451257467, -368252.007332743902225 ], [ 11448827.86012090742588, -368251.974438749544788 ], [ 11448827.853219103068113, -368251.962507704738528 ], [ 11448813.943292126059532, -368247.868933102115989 ], [ 11448809.862208276987076, -368246.648509994556662 ], [ 11448809.839833054691553, -368246.661333082418423 ], [ 11448809.79619581438601, -368246.648509994556662 ], [ 11448804.078604131937027, -368224.567830318294 ], [ 11448781.340707581490278, -368180.472718164965045 ], [ 11448805.14415429905057, -368167.561999499041121 ], [ 11448811.5808698926121, -368164.086054190003779 ], [ 11448811.57619447261095, -368164.0733426217339 ], [ 11448811.613931778818369, -368164.052937207801733 ], [ 11448794.390580169856548, -368116.610024551511742 ], [ 11448794.163822367787361, -368115.985262329282705 ], [ 11448793.802145337685943, -368082.900076667079702 ], [ 11448759.051873855292797, -368085.720482006086968 ], [ 11448758.609156237915158, -368085.754044986213557 ], [ 11448788.023216612637043, -368042.325898811512161 ], [ 11448778.156858826056123, -368012.138299989048392 ], [ 11448741.740802483633161, -368012.49768010166008 ], [ 11448739.610704027116299, -367976.759379956871271 ], [ 11448738.965830214321613, -367965.940180508827325 ], [ 11448738.961377438157797, -367965.864691761147697 ], [ 11448733.910923456773162, -367962.234541667799931 ], [ 11448710.176494823768735, -367945.174309660098515 ], [ 11448705.97496328689158, -367937.12745630525751 ], [ 11448702.541202273219824, -367930.550793800037354 ], [ 11448702.099597852677107, -367930.140010257251561 ], [ 11448701.198911854997277, -367929.302274998743087 ], [ 11448666.217986382544041, -367969.732012692140415 ], [ 11448649.250558277592063, -367957.577544082887471 ], [ 11448649.026249503716826, -367957.229649146902375 ], [ 11448639.332102969288826, -367950.999542306584772 ], [ 11448613.612736497074366, -367917.584017403481994 ], [ 11448613.670177353546023, -367917.572086394822691 ], [ 11448613.769696976989508, -367917.476080808090046 ], [ 11448615.664799986407161, -367915.649075525230728 ], [ 11448620.850507147610188, -367910.650094869197346 ], [ 11448623.785000242292881, -367907.821108116360847 ], [ 11448624.829733664169908, -367906.822248680342454 ], [ 11448625.275345586240292, -367905.966449825558811 ], [ 11448633.994667340070009, -367889.222788386803586 ], [ 11448636.321578657254577, -367884.846674258937128 ], [ 11448640.075494527816772, -367875.232515141076874 ], [ 11448640.392421118915081, -367874.309033174242359 ], [ 11448640.465224063023925, -367873.900591439683922 ], [ 11448640.809869205579162, -367871.96732290321961 ], [ 11448639.557524932548404, -367868.621958881791215 ], [ 11448636.134227953851223, -367865.276706471457146 ], [ 11448633.295469621196389, -367861.262314504536334 ], [ 11448632.438198221847415, -367858.170958487025928 ], [ 11448631.62567725777626, -367855.240838330530096 ], [ 11448633.71291771531105, -367848.968365450331476 ], [ 11448636.134227953851223, -367845.288599608640652 ], [ 11448642.062324801459908, -367839.016127292357851 ], [ 11448656.961659403517842, -367834.831022634869441 ], [ 11448685.124043421819806, -367805.434048265626188 ], [ 11448686.522661507129669, -367803.974118088197429 ], [ 11448706.760656252503395, -367787.784873029624578 ], [ 11448722.426536872982979, -367775.253204320790246 ], [ 11448734.614907920360565, -367765.503242126433179 ], [ 11448787.3827955853194, -367718.669092116120737 ], [ 11448788.255874350667, -367717.477220010187011 ], [ 11448786.957777764648199, -367705.951887685747351 ], [ 11448786.914140524342656, -367705.49661466840189 ], [ 11448786.90300857834518, -367705.380092432780657 ], [ 11448783.241487883031368, -367669.268797369732056 ], [ 11448783.198963837698102, -367668.849428951973096 ], [ 11448828.385214949026704, -367662.693934845912736 ], [ 11448830.500173948705196, -367662.405807239178102 ], [ 11448830.686077499762177, -367662.380495721125044 ], [ 11448841.121723167598248, -367664.101902065216564 ], [ 11448874.652600947767496, -367669.456347935891245 ], [ 11448897.082810426130891, -367673.038095481169876 ], [ 11448897.82430955208838, -367673.156513264693785 ], [ 11448903.78413244895637, -367669.895341149240267 ], [ 11448954.703893929719925, -367641.392787902150303 ], [ 11448976.888421289622784, -367610.719139039108995 ], [ 11448979.795863751322031, -367606.699069576337934 ], [ 11448995.858264399692416, -367584.490287479828112 ], [ 11449001.105753870680928, -367563.596815626369789 ], [ 11449002.747716365382075, -367557.059090334514622 ], [ 11449007.366695992648602, -367555.00272648606915 ], [ 11449007.629521308466792, -367554.885758389486 ], [ 11449015.582631010562181, -367555.770880184776615 ], [ 11449047.51451562717557, -367559.324859457672574 ], [ 11449071.33477158844471, -367557.660210475791246 ], [ 11449072.743742384016514, -367559.685130139230751 ], [ 11449083.383770629763603, -367574.27603773662122 ], [ 11449083.605853013694286, -367574.580556259199511 ], [ 11449086.78981308825314, -367578.096178626117762 ], [ 11449090.586698282510042, -367582.288409865228459 ], [ 11449109.927569253370166, -367602.131736508337781 ], [ 11449152.452171334996819, -367649.653039335913491 ], [ 11449172.364333929494023, -367671.904875234642532 ], [ 11449190.455087013542652, -367692.121312060160562 ], [ 11449190.333414811640978, -367692.809740976663306 ], [ 11449188.394563242793083, -367703.776768740674015 ], [ 11449188.489073490723968, -367703.965322907955851 ], [ 11449200.412504149600863, -367727.764072423567995 ], [ 11449207.701593086123466, -367742.23123208922334 ], [ 11449311.314324211329222, -367736.168171187979169 ], [ 11449311.331467414274812, -367736.166944638011046 ], [ 11449312.161799497902393, -367736.096027736610267 ], [ 11449318.530164925381541, -367742.519917427096516 ], [ 11449371.180833164602518, -367794.314806616224814 ], [ 11449383.558669988065958, -367806.780578241974581 ], [ 11449384.471712451428175, -367807.756466828519478 ], [ 11449389.094699583947659, -367812.697348919173237 ], [ 11449389.736901722848415, -367812.164022221695632 ], [ 11449410.331898076459765, -367795.380790827563033 ], [ 11449424.758013529703021, -367814.647565131250303 ], [ 11449434.884970245882869, -367836.919951045536436 ], [ 11449436.221138093620539, -367840.162841310724616 ], [ 11449447.983823405578732, -367875.228946990217082 ], [ 11449465.604808244854212, -367893.700260487385094 ], [ 11449465.985298266634345, -367894.531862718227785 ], [ 11449466.046301348134875, -367894.502759988594335 ], [ 11449466.133687146008015, -367894.461168728768826 ], [ 11449475.283147413283587, -367914.716338330414146 ], [ 11449480.260798444971442, -367925.735795312444679 ], [ 11449483.375740436837077, -367932.63169567019213 ], [ 11449483.415815453976393, -367932.632253194460645 ], [ 11449483.470473321154714, -367932.633033725840505 ], [ 11449493.706077858805656, -367932.780554526776541 ], [ 11449495.201543901115656, -367932.744761496025603 ], [ 11449526.162611234933138, -367932.003589341242332 ], [ 11449529.472028378397226, -367931.924420960480347 ], [ 11449529.537929516285658, -367932.03614872979233 ], [ 11449532.725006533786654, -367937.439446642179973 ], [ 11449541.663293734192848, -367952.593168657447677 ], [ 11449552.436571413651109, -367970.857988175470382 ], [ 11449569.682743525132537, -368000.44757532334188 ], [ 11449574.898506941273808, -368009.396395933115855 ], [ 11449574.955279881134629, -368009.493739656347316 ], [ 11449586.846316568553448, -368012.024788061040454 ], [ 11449587.123613424599171, -368011.917520401882939 ], [ 11449600.772384872660041, -368006.636093638837337 ], [ 11449602.044544011354446, -368006.143799784011208 ], [ 11449615.59646750241518, -368001.16120624251198 ], [ 11449617.837328851222992, -368000.337297044985462 ], [ 11449619.491759123280644, -367999.761597599484958 ], [ 11449640.001707382500172, -367992.624619631678797 ], [ 11449640.73496887087822, -367992.290662686980795 ], [ 11449632.121511947363615, -368047.246051469293889 ], [ 11449632.183739542961121, -368047.489020603941754 ], [ 11449632.463040146976709, -368090.231636541779153 ], [ 11449630.455281814560294, -368091.488520028302446 ], [ 11449628.949574379250407, -368094.505174259888008 ], [ 11449626.846749199554324, -368099.183029024396092 ], [ 11449625.550767686218023, -368103.151601095916703 ], [ 11449623.74049012362957, -368108.695292081916705 ], [ 11449619.076314778998494, -368122.351526006648783 ], [ 11449616.744282770901918, -368137.894537190906703 ], [ 11449615.129816196858883, -368150.921998112869915 ], [ 11449614.681309964507818, -368160.175908551667817 ], [ 11449614.591586453840137, -368175.000163772318047 ], [ 11449615.936993824318051, -368190.722928452014457 ], [ 11449618.269025834277272, -368203.390903364052065 ], [ 11449623.830102315172553, -368223.875383916485589 ], [ 11449630.736586164683104, -368238.609774586511776 ], [ 11449636.925504574552178, -368250.379358516423963 ], [ 11449639.885489834472537, -368255.051198598521296 ], [ 11449641.948462639003992, -368258.195753634092398 ], [ 11449647.599151313304901, -368263.586467399378307 ], [ 11449645.177395787090063, -368263.496594291296788 ], [ 11449639.167924398556352, -368264.125483035808429 ], [ 11449637.284287294372916, -368264.484863967285492 ], [ 11449628.045771434903145, -368267.898927095695399 ], [ 11449620.780504863709211, -368272.750514148967341 ], [ 11449615.398875400424004, -368277.871609270165209 ], [ 11449611.900771724060178, -368282.004434781032614 ], [ 11449608.045666437596083, -368288.412968458142132 ], [ 11449607.683544136583805, -368288.458908564236481 ], [ 11449607.601279027760029, -368289.241451513604261 ], [ 11449607.088986733928323, -368294.116567083343398 ], [ 11449607.027649696916342, -368294.123145886056591 ], [ 11449606.4790672454983, -368294.181463065906428 ], [ 11449517.608932878822088, -368303.645238158293068 ], [ 11449517.590565169230103, -368303.732992704841308 ], [ 11449517.223990082740784, -368305.487191537453327 ], [ 11449517.197050767019391, -368305.616091477742884 ], [ 11449515.962851569056511, -368311.522964868578129 ], [ 11449510.697217017412186, -368337.367853411647957 ], [ 11449505.630287757143378, -368361.423312604427338 ], [ 11449503.999791175127029, -368366.464016577636357 ], [ 11449503.677743889391422, -368367.459758025768679 ], [ 11449428.523061344400048, -368421.041030932276044 ], [ 11449423.092339986935258, -368424.912827985652257 ], [ 11449420.32538272626698, -368426.885579055291601 ], [ 11449420.318814877420664, -368426.875989602820482 ], [ 11449420.298777364194393, -368426.847109741182067 ], [ 11449411.407021719962358, -368414.006945126981009 ], [ 11449411.223121916875243, -368414.163609998649918 ], [ 11449401.468862861394882, -368400.340528216562234 ], [ 11449381.78813348710537, -368377.341237911838107 ], [ 11449373.484256070107222, -368367.637162801343948 ], [ 11449320.678742418065667, -368304.93903227330884 ], [ 11449319.366062982007861, -368305.58330896490952 ], [ 11449289.3184833843261, -368261.767150260217022 ], [ 11449288.342100135982037, -368262.928475824999623 ], [ 11449287.88335251249373, -368263.474181769299321 ], [ 11449255.324182566255331, -368297.614929007890169 ] ] ] ] } },
{ "type": "Feature", "properties": { "fid": 40399, "kdkab": "74", "kdkec": "022", "nmkab": "LUBUKLINGGAU", "nmkec": "LUBUK LINGGAU SELATAN II", "kddesa": "006", "kdprov": "16", "nmdesa": "SIMPANG PERIUK", "nmprov": "SUMATERA SELATAN", "iddesa": "1674022006" }, "geometry": { "type": "MultiPolygon", "coordinates": [ [ [ [ 11459698.336636926978827, -364517.960107973485719 ], [ 11459698.229992849752307, -364518.071386305906344 ], [ 11459698.539572356268764, -364518.347017617546953 ], [ 11459718.560271458700299, -364536.172180699184537 ], [ 11459726.15214940905571, -364542.614729318825994 ], [ 11459726.10906876809895, -364542.893259727570694 ], [ 11459711.249475214630365, -364639.074823831033427 ], [ 11459713.652863023802638, -364659.769496750494 ], [ 11459716.81734219007194, -364687.001506728003733 ], [ 11459716.826581705361605, -364687.08067279815441 ], [ 11459688.177063595503569, -364707.942606906464789 ], [ 11459674.453930728137493, -364717.935374371299986 ], [ 11459661.988374151289463, -364727.011600004567299 ], [ 11459646.215515498071909, -364737.205071981123183 ], [ 11459550.144568555057049, -364799.292501850053668 ], [ 11459490.843562619760633, -364842.459247415768914 ], [ 11459462.326848661527038, -364863.21639897453133 ], [ 11459460.373191598802805, -364865.26691495947307 ], [ 11459417.343755625188351, -364910.415071777708363 ], [ 11459414.978216441348195, -364914.702313425717875 ], [ 11459408.842508750036359, -364925.825727099901997 ], [ 11459398.595104346051812, -364922.216304124158341 ], [ 11459386.70395634137094, -364922.017831022909377 ], [ 11459366.686930784955621, -364926.385131367482245 ], [ 11459283.646375514566898, -364976.410178403486498 ], [ 11459282.401823606342077, -364977.426740291062742 ], [ 11459273.882431657984853, -364984.386013735143933 ], [ 11459263.23305257037282, -364993.085161901137326 ], [ 11459251.743322649970651, -365009.791145401482936 ], [ 11459231.321094145998359, -365013.019011932134163 ], [ 11459178.052491413429379, -365027.621293027186766 ], [ 11459149.363232241943479, -365049.189097614958882 ], [ 11459148.283989783376455, -365050.000496725435369 ], [ 11459148.229220589622855, -365050.041640917945188 ], [ 11459140.414258377626538, -365055.917120642377995 ], [ 11459138.783427840098739, -365064.037802607868798 ], [ 11459137.730345457792282, -365069.286196440807544 ], [ 11459136.195249676704407, -365076.927421219239477 ], [ 11459126.371304616332054, -365086.119638027041219 ], [ 11459120.506993839517236, -365091.606646989996079 ], [ 11459112.150239668786526, -365094.74208080797689 ], [ 11459108.016946975141764, -365094.355169159651268 ], [ 11459100.668747385963798, -365093.668317365867551 ], [ 11459095.228563871234655, -365088.491283607145306 ], [ 11459082.956703202798963, -365076.81703433545772 ], [ 11459074.046579841524363, -365056.973154919687659 ], [ 11459073.317548498511314, -365055.349576098727994 ], [ 11459067.369748102501035, -365042.104269034229219 ], [ 11459066.385683806613088, -365012.67670130438637 ], [ 11459063.697318103164434, -365009.604825842252467 ], [ 11459060.621560569852591, -365006.090288209088612 ], [ 11459045.8861995767802, -364989.250168584287167 ], [ 11459042.433068973943591, -364985.304119602427818 ], [ 11459028.51980241574347, -364985.275352136406582 ], [ 11459026.193336378782988, -364985.270557558746077 ], [ 11459026.538649437949061, -364921.614529219805263 ], [ 11459025.733252923935652, -364710.231956322095357 ], [ 11459023.558404030278325, -364427.699475808767602 ], [ 11459023.261292312294245, -364403.676868759037461 ], [ 11459022.722951252013445, -364339.507709080178756 ], [ 11459022.722951252013445, -364327.343044553301297 ], [ 11459021.629459891468287, -364261.259343577781692 ], [ 11459023.509646095335484, -364257.980988779920153 ], [ 11459030.645336771383882, -364245.539364473195747 ], [ 11459048.025871511548758, -364223.841370352020022 ], [ 11459054.839292265474796, -364217.305179236514959 ], [ 11459063.683514488860965, -364208.820842478715349 ], [ 11459064.046082070097327, -364114.404373942292295 ], [ 11459064.478780928999186, -364001.749905267148279 ], [ 11459064.487018572166562, -363999.61053897353122 ], [ 11459123.37914802134037, -363969.465180721133947 ], [ 11459136.50171223282814, -363959.556774755532388 ], [ 11459139.094231855124235, -363944.463026368932333 ], [ 11459139.614093879237771, -363941.686099789512809 ], [ 11459139.610976934432983, -363941.454735703533515 ], [ 11459139.542626760900021, -363936.392266614886466 ], [ 11459139.344923349097371, -363921.734489260939881 ], [ 11459139.693464677780867, -363921.01742797071347 ], [ 11459141.952582420781255, -363917.698608379636426 ], [ 11459148.614719985052943, -363903.543701749353204 ], [ 11459152.046811206266284, -363898.286108110682108 ], [ 11459159.516571676358581, -363886.962206930038519 ], [ 11459164.967441864311695, -363873.616130235139281 ], [ 11459172.049142595380545, -363855.882949327409733 ], [ 11459179.50309569388628, -363837.217848711297847 ], [ 11459179.860208623111248, -363825.296644730726257 ], [ 11459179.991009021177888, -363814.157061485166196 ], [ 11459182.999863538891077, -363792.30717568739783 ], [ 11459183.221166687086225, -363790.700340326002333 ], [ 11459138.592069635167718, -363754.61595988587942 ], [ 11459137.308333264663815, -363757.624803033075295 ], [ 11459130.243441781029105, -363774.183421071094926 ], [ 11459119.509905157610774, -363794.049484321847558 ], [ 11459114.954934237524867, -363800.000383939535823 ], [ 11459110.419444223865867, -363805.879477460810449 ], [ 11459091.683372046798468, -363808.099120512255467 ], [ 11459070.081713540479541, -363802.032705820689443 ], [ 11459060.794996337965131, -363802.032705820689443 ], [ 11459017.187923528254032, -363801.426142414100468 ], [ 11458986.73970508761704, -363801.778707395016681 ], [ 11458981.067420434206724, -363801.754734760557767 ], [ 11458976.611523855477571, -363804.983458408038132 ], [ 11458968.928809205070138, -363810.550127416325267 ], [ 11458968.416071629151702, -363810.92164752969984 ], [ 11458965.81742943637073, -363818.903643725148868 ], [ 11458964.697332721203566, -363822.344219090649858 ], [ 11458964.378402378410101, -363823.324086769425776 ], [ 11458962.8730289041996, -363831.078399512043688 ], [ 11458962.27535455673933, -363833.173496828705538 ], [ 11458960.916700169444084, -363837.437505009409506 ], [ 11458957.988663606345654, -363845.618643288325984 ], [ 11458957.379745990037918, -363847.320032008166891 ], [ 11458957.155325897037983, -363847.5662254904164 ], [ 11458952.744625030085444, -363852.404908700846136 ], [ 11458950.48183374479413, -363853.538090074376669 ], [ 11458949.960413245484233, -363853.799224661372136 ], [ 11458909.302972987294197, -363854.095481958473101 ], [ 11458896.887844137847424, -363854.185909008607268 ], [ 11458894.442266244441271, -363854.203749118372798 ], [ 11458894.411542061716318, -363854.237199316499755 ], [ 11458847.637763701379299, -363854.98380785662448 ], [ 11458809.233763892203569, -363855.59683858777862 ], [ 11458807.833809975534678, -363855.61913872230798 ], [ 11458807.224892357364297, -363833.419244275370147 ], [ 11458805.697143668308854, -363807.551429410930723 ], [ 11458805.868909642100334, -363807.108325900218915 ], [ 11458805.838630745187402, -363807.092158315004781 ], [ 11458803.23998855240643, -363700.376405257615261 ], [ 11458802.164085667580366, -363656.191989752580412 ], [ 11458802.361789086833596, -363652.472110792761669 ], [ 11458803.211490759626031, -363636.483166608493775 ], [ 11458814.855064215138555, -363635.111041945638135 ], [ 11458818.133979817852378, -363635.111041945638135 ], [ 11458872.87222246825695, -363635.111041945638135 ], [ 11458881.969362575560808, -363632.721029627136886 ], [ 11458983.467357335612178, -363606.055364050029311 ], [ 11459063.240908190608025, -363596.975438380672131 ], [ 11459065.848233306780457, -363590.346181033703033 ], [ 11459067.604966191574931, -363585.879586010996718 ], [ 11459071.435247227549553, -363576.140806104289368 ], [ 11459086.81036133877933, -363537.047992009960581 ], [ 11459102.805525010451674, -363503.225700427428819 ], [ 11459103.12768361531198, -363502.544433430419303 ], [ 11459103.557042894884944, -363502.290324184810743 ], [ 11459136.088494287803769, -363483.035891872539651 ], [ 11459143.014459045603871, -363478.936694628675468 ], [ 11459146.143649933859706, -363478.606765227217693 ], [ 11459177.462164150550961, -363475.304683794325683 ], [ 11459185.960182761773467, -363471.376193787727971 ], [ 11459197.559339743107557, -363466.014033170416951 ], [ 11459213.401884393766522, -363458.690248297119979 ], [ 11459224.601070445030928, -363453.51295575191034 ], [ 11459228.424894949421287, -363450.01597257272806 ], [ 11459266.300906416028738, -363415.377302500011865 ], [ 11459296.452681055292487, -363441.802974118210841 ], [ 11459309.813802937045693, -363453.51295575191034 ], [ 11459349.700578363612294, -363473.488678414956667 ], [ 11459353.620471591129899, -363474.916439748718403 ], [ 11459378.112429359927773, -363483.837133081804495 ], [ 11459389.58735379204154, -363488.016610730264802 ], [ 11459393.46082679182291, -363488.201366747147404 ], [ 11459427.661068672314286, -363489.832504839752801 ], [ 11459432.875162299722433, -363491.324713561043609 ], [ 11459438.752052178606391, -363493.006584339542314 ], [ 11459438.015562426298857, -363491.604913852293976 ], [ 11459439.483755191788077, -363491.709947155148257 ], [ 11459439.749697452411056, -363491.729013704112731 ], [ 11459439.483755191788077, -363490.963229537766892 ], [ 11459426.622457820922136, -363453.927067786979023 ], [ 11459425.848008126020432, -363451.696950732031837 ], [ 11459426.622457820922136, -363451.530703815980814 ], [ 11459426.716968068853021, -363451.510410770948511 ], [ 11459527.378062894567847, -363429.905227280862164 ], [ 11459570.525274889543653, -363409.958725444274023 ], [ 11459574.516969189047813, -363408.113396568514872 ], [ 11459574.667361818253994, -363408.144616633246187 ], [ 11459575.444149231538177, -363408.305622972548008 ], [ 11459576.142456397414207, -363407.498584282991942 ], [ 11459577.415172135457397, -363406.027561726106796 ], [ 11459580.409332478418946, -363405.389445903012529 ], [ 11459603.981123330071568, -363406.027561726106796 ], [ 11459660.433018228039145, -363407.555783905903809 ], [ 11459679.895227439701557, -363408.082622506364714 ], [ 11459681.032801315188408, -363408.113396568514872 ], [ 11459693.685708601027727, -363387.939438178902492 ], [ 11459699.236209729686379, -363379.089555102807935 ], [ 11459699.562041880562901, -363379.096468118426856 ], [ 11459699.56760785356164, -363379.096468118426856 ], [ 11459704.904264243319631, -363371.074028697621543 ], [ 11459710.462557734921575, -363362.717758287326433 ], [ 11459710.750763898715377, -363362.284468556987122 ], [ 11459713.508147684857249, -363360.022129770775791 ], [ 11459747.809022381901741, -363331.887291515129618 ], [ 11459813.360617730766535, -363327.580040515167639 ], [ 11459843.08180857822299, -363325.627672847942449 ], [ 11459922.725338269025087, -363320.396085876214784 ], [ 11459953.534120535477996, -363323.11780447117053 ], [ 11459979.90771166048944, -363325.448269107029773 ], [ 11459981.572160683572292, -363325.59533780394122 ], [ 11460035.427417136728764, -363305.390397229115479 ], [ 11460052.668579867109656, -363303.423534932837356 ], [ 11460065.179777441546321, -363301.996333295246586 ], [ 11460079.160392288118601, -363300.400766470760573 ], [ 11460094.847534934058785, -363302.58728396956576 ], [ 11460116.146293101832271, -363305.556532423244789 ], [ 11460169.04420193657279, -363333.0803432019311 ], [ 11460173.429076677188277, -363335.362751476583071 ], [ 11460174.943021750077605, -363336.149942612333689 ], [ 11460205.168489890173078, -363345.782441991788801 ], [ 11460328.402505787089467, -363385.053924196225125 ], [ 11460326.936428094282746, -363448.55108197114896 ], [ 11460324.661057699471712, -363547.115137105982285 ], [ 11460309.086236421018839, -363812.018033276079223 ], [ 11460309.082785522565246, -363812.077128609002102 ], [ 11460289.784104634076357, -363824.963815291062929 ], [ 11460289.845886956900358, -363825.198747157293838 ], [ 11460193.382872762158513, -363897.110667514440138 ], [ 11460192.282479595392942, -363897.930978317395784 ], [ 11460186.167922606691718, -363902.489350879215635 ], [ 11460185.893074784427881, -363902.959437942947261 ], [ 11460127.061837093904614, -364003.588665383751504 ], [ 11460121.756906758993864, -364012.662602990167215 ], [ 11460121.282129133120179, -364014.009087080892641 ], [ 11460120.459923375397921, -364016.340904103417415 ], [ 11460102.929107323288918, -364066.061926766764373 ], [ 11460095.794307202100754, -364103.580421030463185 ], [ 11460095.562428699806333, -364103.822155042318627 ], [ 11460047.712970096617937, -364153.708684039651416 ], [ 11459994.658546064049006, -364209.021878834755626 ], [ 11459850.791907832026482, -364359.01383541605901 ], [ 11459698.336636926978827, -364517.960107973485719 ] ] ] ] } },
{ "type": "Feature", "properties": { "fid": 40568, "kdkab": "74", "kdkec": "042", "nmkab": "LUBUKLINGGAU", "nmkec": "LUBUK LINGGAU UTARA II", "kddesa": "009", "kdprov": "16", "nmdesa": "PUNCAK KEMUNING", "nmprov": "SUMATERA SELATAN", "iddesa": "1674042009" }, "geometry": { "type": "MultiPolygon", "coordinates": [ [ [ [ 11450857.920426283031702, -364948.940487557207234 ], [ 11450820.503051117062569, -364976.840463839529548 ], [ 11450793.255935952067375, -364997.898472299159039 ], [ 11450747.945229656994343, -365011.354289572278503 ], [ 11450747.897362276911736, -365011.312476383696776 ], [ 11450747.784484310075641, -365011.394207224191632 ], [ 11450747.662812108173966, -365011.482405172369909 ], [ 11450743.156933078542352, -365010.718840628862381 ], [ 11450729.137913007289171, -365007.067936228588223 ], [ 11450726.257966462522745, -365005.847325725015253 ], [ 11450725.570345969870687, -365005.555971453664824 ], [ 11450725.378319846466184, -365005.474575119384099 ], [ 11450725.327780796214938, -365005.453055266407318 ], [ 11450724.545984014868736, -365000.457439065852668 ], [ 11450724.550882071256638, -365000.455432035319973 ], [ 11450724.463607588782907, -364999.77315239032032 ], [ 11450724.435443758964539, -364999.751521037833299 ], [ 11450724.227276310324669, -364998.421081323933322 ], [ 11450719.90106694214046, -364971.39538519521011 ], [ 11450719.916317708790302, -364971.386130549246445 ], [ 11450700.464015929028392, -364849.984717921703123 ], [ 11450697.82941753976047, -364833.542125254578423 ], [ 11450694.748427994549274, -364814.314112624793779 ], [ 11450694.798187805339694, -364814.309541061869822 ], [ 11450681.983310665935278, -364709.871917876822408 ], [ 11450675.242247581481934, -364654.934458146104589 ], [ 11450671.70295569114387, -364626.090925559517927 ], [ 11450667.715825486928225, -364598.285478637495544 ], [ 11450669.479682819917798, -364592.175424022541847 ], [ 11450669.403206329792738, -364591.607435822777916 ], [ 11450641.192843610420823, -364381.984753507305868 ], [ 11450614.112039767205715, -364180.755256027914584 ], [ 11450613.943724699318409, -364180.755479033919983 ], [ 11450581.648159304633737, -364033.828139553021174 ], [ 11450570.112231796607375, -364002.114066962618381 ], [ 11450557.896030874922872, -363968.529689077520743 ], [ 11450539.934408400207758, -363919.150571035919711 ], [ 11450538.84214155189693, -363916.147744586516637 ], [ 11450538.756091585382819, -363916.482358303037472 ], [ 11450537.504971828311682, -363913.649124551971909 ], [ 11450355.434040958061814, -363501.340787400200497 ], [ 11450180.778212677687407, -363091.327074916916899 ], [ 11450179.642308596521616, -363091.32462191930972 ], [ 11450118.095543248578906, -362983.443262420478277 ], [ 11449806.26515925116837, -362680.630588767293375 ], [ 11449671.701713496819139, -362549.958813837787602 ], [ 11449672.003166677430272, -362549.846645462093875 ], [ 11449671.716741627082229, -362549.546600634173956 ], [ 11449543.997886089608073, -362415.743744789331686 ], [ 11449537.664586303755641, -362409.54494431061903 ], [ 11449529.051685977727175, -362401.114933005010244 ], [ 11449529.002037484198809, -362401.114933005010244 ], [ 11449519.408857733011246, -362391.755910799140111 ], [ 11449517.82945679500699, -362390.214991542685311 ], [ 11449529.559080217033625, -362401.597501684038434 ], [ 11449530.433272177353501, -362401.532943626400083 ], [ 11449528.283247534185648, -362399.280547641974408 ], [ 11449943.405985165387392, -362371.028430072765332 ], [ 11450008.240237718448043, -362366.239427910535596 ], [ 11450037.756155420094728, -362364.059172611043323 ], [ 11450151.023403344675899, -362368.945624977932312 ], [ 11450310.887209003791213, -362375.842296759190504 ], [ 11450375.549472942948341, -362371.202703321934678 ], [ 11450698.96376315318048, -362348.000836553866975 ], [ 11451141.599001614376903, -362250.803698372270446 ], [ 11451168.106398763135076, -362244.98233136307681 ], [ 11451178.189718240872025, -362237.072587059054058 ], [ 11451194.190781846642494, -362224.521137449715752 ], [ 11451194.217498520389199, -362224.715145811904222 ], [ 11451194.711757058277726, -362228.249666000367142 ], [ 11451211.601150205358863, -362349.092413535690866 ], [ 11451250.836817927658558, -362589.215076568827499 ], [ 11451305.967795746400952, -362829.37281786382664 ], [ 11451379.887277217581868, -362965.353423044260126 ], [ 11451480.150516182184219, -363149.797647270141169 ], [ 11451610.372056514024734, -363316.115595353941899 ], [ 11451630.75799486041069, -363342.151996478030924 ], [ 11451665.108963333070278, -363388.463600678718649 ], [ 11451933.75740365870297, -363750.661480450769886 ], [ 11451938.817097153514624, -363757.483531794976443 ], [ 11451938.832236602902412, -363757.503936400928069 ], [ 11451939.855485362932086, -363758.883533099782653 ], [ 11451957.609942272305489, -363800.831844089319929 ], [ 11451960.744587814435363, -363808.238161799905356 ], [ 11451978.443273654207587, -363850.05759650003165 ], [ 11451978.449952822178602, -363850.074321601598058 ], [ 11452008.651041993871331, -363921.433548752276693 ], [ 11452010.143613724038005, -363922.443968502804637 ], [ 11452010.535458331927657, -363923.357382612302899 ], [ 11452073.16525100544095, -363965.415249015437439 ], [ 11451979.541663065552711, -364093.539540104742628 ], [ 11451967.426985526457429, -364110.118612520047463 ], [ 11451967.933377888053656, -364110.810029799991753 ], [ 11451864.960511196404696, -364258.464122959121596 ], [ 11451833.783261405304074, -364303.536771256360225 ], [ 11451730.997522776946425, -364452.132970211328939 ], [ 11451685.846448633819818, -364517.407507337804418 ], [ 11451685.660322446376085, -364517.67656006879406 ], [ 11451683.919730886816978, -364518.477139680355322 ], [ 11451683.00602050870657, -364518.907646358304191 ], [ 11451649.221445607021451, -364534.824352298222948 ], [ 11451584.14184489659965, -364565.487229431048036 ], [ 11451567.025471311062574, -364573.551456009154208 ], [ 11451438.015643643215299, -364473.96860125020612 ], [ 11451437.657306201756001, -364476.370562181691639 ], [ 11451437.431550275534391, -364477.884192305034958 ], [ 11451423.180429060012102, -364573.41308277763892 ], [ 11451406.515010733157396, -364632.739645553228911 ], [ 11451403.338954344391823, -364644.045670535648242 ], [ 11451407.899268599227071, -364646.434923958091531 ], [ 11451389.095736816525459, -364659.111526513181161 ], [ 11451344.16006588190794, -364677.928294887184165 ], [ 11451309.334987701848149, -364688.319677560590208 ], [ 11451296.135167764499784, -364692.532427663623821 ], [ 11451275.352375427260995, -364702.923811702465173 ], [ 11451254.00797626376152, -364721.178842683730181 ], [ 11451234.348620230332017, -364738.029737508157268 ], [ 11451213.846686972305179, -364755.723140786925796 ], [ 11451196.153233144432306, -364771.169789772422519 ], [ 11451168.63015696592629, -364791.390828319359571 ], [ 11451148.970800932496786, -364809.926857875543647 ], [ 11451140.559834167361259, -364817.425677299615927 ], [ 11451125.660388240590692, -364830.709537265531253 ], [ 11451107.124468510970473, -364853.17745680664666 ], [ 11451106.702678959816694, -364859.293881301942747 ], [ 11451103.872492225840688, -364860.609266630955972 ], [ 11451107.613606352359056, -364881.764148133341223 ], [ 11451064.704952025786042, -364900.72222671052441 ], [ 11451004.660331889986992, -364914.601292850682512 ], [ 11450998.301985211670399, -364915.928163509292062 ], [ 11450923.052013190463185, -364958.777731617097743 ], [ 11450909.130175033584237, -364937.279856103879865 ], [ 11450909.018521580845118, -364937.334826472389977 ], [ 11450894.578825157135725, -364944.455217461276334 ], [ 11450857.920426283031702, -364948.940487557207234 ] ] ] ] } },
{ "type": "Feature", "properties": { "fid": 40100, "kdkab": "74", "kdkec": "031", "nmkab": "LUBUKLINGGAU", "nmkec": "LUBUK LINGGAU TIMUR I", "kddesa": "006", "kdprov": "16", "nmdesa": "AIR KUTI", "nmprov": "SUMATERA SELATAN", "iddesa": "1674031006" }, "geometry": { "type": "MultiPolygon", "coordinates": [ [ [ [ 11455956.944099789485335, -366236.087775478023104 ], [ 11455923.432368962094188, -366238.537943700794131 ], [ 11455922.970281751826406, -366098.31535135791637 ], [ 11455989.517518626525998, -366090.23573857313022 ], [ 11455992.038237176835537, -366052.867551011731848 ], [ 11455996.323480976745486, -366050.595122459635604 ], [ 11456002.121111374348402, -366047.312812460644636 ], [ 11456004.641829924657941, -366043.272952092986088 ], [ 11456007.414687119424343, -366037.213217576732859 ], [ 11456009.683267025277019, -366025.093861023487989 ], [ 11456009.536102658137679, -366012.11771801795112 ], [ 11456009.179101049900055, -365980.655971466214396 ], [ 11456008.67504639737308, -365910.716975932067726 ], [ 11456007.743524897843599, -365830.241023309703451 ], [ 11456007.666714452207088, -365823.608734307053965 ], [ 11455993.802762424573302, -365802.652260225731879 ], [ 11455909.862523034214973, -365812.246838400606066 ], [ 11455859.814615802839398, -365816.713856981892604 ], [ 11455858.943874748423696, -365816.791574322502129 ], [ 11455817.855962013825774, -365819.06399810698349 ], [ 11455811.554165640845895, -365817.801565219124313 ], [ 11455799.454738868400455, -365812.751833830319811 ], [ 11455757.588368935510516, -365798.393529098131694 ], [ 11455753.073361705988646, -365796.845092237403151 ], [ 11455753.060782605782151, -365796.712961631885264 ], [ 11455740.721796290948987, -365667.319155090255663 ], [ 11455782.061736350879073, -365621.114094628079329 ], [ 11455750.264993596822023, -365539.683891089691315 ], [ 11455737.667412100359797, -365507.422137315094005 ], [ 11455738.079850813373923, -365505.912841814220883 ], [ 11455742.409065814688802, -365490.025991453963798 ], [ 11455864.804845936596394, -365336.662473809148651 ], [ 11455867.937376411631703, -365332.736482925887685 ], [ 11455859.430229604244232, -365327.16951505409088 ], [ 11455808.023779310286045, -365043.693393596215174 ], [ 11455798.381952933967113, -365053.919007032178342 ], [ 11455743.256095815449953, -365102.302356928063091 ], [ 11455657.413628967478871, -364982.915862445428502 ], [ 11455640.524124503135681, -364959.426448969286866 ], [ 11455651.446570299565792, -364961.933343520388007 ], [ 11455655.416223337873816, -364963.423007348901592 ], [ 11455666.653925940394402, -364967.64000490156468 ], [ 11455686.366381365805864, -364975.058219127298798 ], [ 11455698.341909548267722, -364981.582077881961595 ], [ 11455699.55785234645009, -364982.244510089221876 ], [ 11455701.004894403740764, -364983.032827836403158 ], [ 11455712.823684746399522, -364991.569406256137881 ], [ 11455724.642475081607699, -365000.105985328904353 ], [ 11455735.910233937203884, -365002.967122080444824 ], [ 11455739.461325695738196, -365002.973812195064966 ], [ 11455747.182445576414466, -365002.990537462988868 ], [ 11455755.643840068951249, -365000.170656379195862 ], [ 11455766.936089219525456, -364991.115593882568646 ], [ 11455767.546120027080178, -364990.928270836127922 ], [ 11455774.267590884119272, -364988.861027270322666 ], [ 11455782.362744253128767, -364990.640596162644215 ], [ 11455795.113278726115823, -364993.444866751786321 ], [ 11455821.588393222540617, -365001.444007182726637 ], [ 11455822.372082438319921, -365001.729451845865697 ], [ 11455823.074508426710963, -365001.984791019116528 ], [ 11455841.118284687399864, -365008.548903513874393 ], [ 11455843.555068340152502, -365009.435343059012666 ], [ 11455866.66833421587944, -365007.780655912356451 ], [ 11455883.590010007843375, -365002.142008593364153 ], [ 11455897.699755471199751, -364993.092521019105334 ], [ 11455910.114105081185699, -364986.30986589594977 ], [ 11455925.846888715401292, -364981.747212047863286 ], [ 11455927.597944302484393, -364981.238763832370751 ], [ 11455943.94521152973175, -364980.705785222409759 ], [ 11455974.36771516688168, -364988.146300670749042 ], [ 11455998.005295842885971, -365005.219458945735823 ], [ 11456003.984265692532063, -365016.681847230705898 ], [ 11456008.673042643815279, -365025.670010698377155 ], [ 11456011.934703728184104, -365050.456873885996174 ], [ 11456011.936930114403367, -365050.47582920017885 ], [ 11456011.942496092990041, -365050.519314932753332 ], [ 11456012.62332609295845, -365050.054129128460772 ], [ 11456012.666629379615188, -365049.831125387921929 ], [ 11456025.414603503420949, -364984.163121626654174 ], [ 11456015.892779543995857, -364889.470477064489387 ], [ 11455988.007469737902284, -364891.514191929541994 ], [ 11455983.926719844341278, -364804.315315446408931 ], [ 11455970.732911152765155, -364769.074228868354112 ], [ 11455969.853709816932678, -364766.725782408553641 ], [ 11455969.644095217809081, -364766.165821432659868 ], [ 11455973.983106326311827, -364722.161282774060965 ], [ 11455974.068822337314487, -364722.135525917517953 ], [ 11455979.298166733235121, -364579.663962635502685 ], [ 11455981.696322523057461, -364514.329289923713077 ], [ 11455982.542239336296916, -364491.281631724559702 ], [ 11455981.59813873283565, -364491.309395549353212 ], [ 11455984.516156546771526, -364123.040567828167696 ], [ 11455990.020571406930685, -364121.920986842305865 ], [ 11456008.833342710509896, -364118.094386002747342 ], [ 11456012.063834333792329, -364117.418690302583855 ], [ 11456015.889885235577822, -364116.024928568280302 ], [ 11456055.87506709434092, -364101.453540893795434 ], [ 11456122.633031761273742, -364077.125602975371294 ], [ 11456142.267563544213772, -364069.970032978511881 ], [ 11456158.767004512250423, -364063.957459019264206 ], [ 11456188.280584508553147, -364061.270064687298145 ], [ 11456245.559694539755583, -364041.906822889286559 ], [ 11456304.2709298171103, -364029.715096036961768 ], [ 11456311.12565010227263, -364028.843270874291193 ], [ 11456341.317165797576308, -364025.003181619569659 ], [ 11456343.506708860397339, -364024.724652500997763 ], [ 11456343.425668273121119, -364023.972244782140478 ], [ 11456411.916543453931808, -364023.179027765872888 ], [ 11456414.379041913896799, -364023.150483546953183 ], [ 11456420.045649271458387, -364023.084921052097343 ], [ 11456432.408457962796092, -364022.941753965627868 ], [ 11456466.800280684605241, -364022.543584449274931 ], [ 11456556.952258985489607, -364025.730613146908581 ], [ 11456557.826896220445633, -364025.761498884763569 ], [ 11456588.518904348835349, -364026.846513642871287 ], [ 11456669.425798937678337, -364039.038128689280711 ], [ 11456770.857002, -364085.54001867712941 ], [ 11456776.762055709958076, -364088.247260753531009 ], [ 11456799.191374629735947, -364374.106636247248389 ], [ 11456802.154142878949642, -364411.866076550155412 ], [ 11456803.638699607923627, -364430.786945443658624 ], [ 11456809.302635300904512, -364502.97365997324232 ], [ 11456812.119908971711993, -364538.879656695644371 ], [ 11456816.082994166761637, -364589.388780733395834 ], [ 11456817.096335487440228, -364589.412865036807489 ], [ 11456817.885813320055604, -364602.85458389116684 ], [ 11456817.964850157499313, -364604.201075097313151 ], [ 11456819.089177014306188, -364604.201075097313151 ], [ 11456818.416362009942532, -364607.345972846669611 ], [ 11456819.424693962559104, -364707.834896427753847 ], [ 11456820.93708056025207, -364867.910396964754909 ], [ 11456827.509160658344626, -364878.752710196946282 ], [ 11456829.507568158209324, -364882.049592490249779 ], [ 11456838.582110408693552, -364901.743470982008148 ], [ 11456849.673316551372409, -364941.131126890773885 ], [ 11456855.218919625505805, -364976.47908651427133 ], [ 11456866.104407353326678, -365069.156631246092729 ], [ 11456867.318457720801234, -365079.49319141235901 ], [ 11456878.409663865342736, -365125.445586947898846 ], [ 11456903.963052978739142, -365184.634738167980686 ], [ 11456908.543293423950672, -365248.961824554484338 ], [ 11456908.657841181382537, -365250.571245435217861 ], [ 11456911.220304537564516, -365286.560105735319667 ], [ 11456911.221417732536793, -365286.580176111427136 ], [ 11456912.524968972429633, -365304.887485587620176 ], [ 11456950.626291083171964, -365840.009994017891586 ], [ 11456950.794383514672518, -365847.305055857519619 ], [ 11456951.073795437812805, -365859.427069111028686 ], [ 11456961.012399574741721, -366291.130604671954643 ], [ 11456961.012399574741721, -366291.135064793750644 ], [ 11456970.85304256528616, -366718.642168159538414 ], [ 11456944.434701010584831, -366692.988551169866696 ], [ 11456924.408324612304568, -366694.198364326148294 ], [ 11456910.795064087957144, -366695.021260289591737 ], [ 11456891.567961633205414, -366709.846769100171514 ], [ 11456883.422714492306113, -366716.127763313241303 ], [ 11456843.387772822752595, -366760.486110325320624 ], [ 11456784.456347592175007, -366794.223754924139939 ], [ 11456740.291452817618847, -366802.596561922226101 ], [ 11456723.413191622123122, -366832.189628345600795 ], [ 11456725.632902272045612, -366838.563177516509313 ], [ 11456735.951105870306492, -366868.19416477472987 ], [ 11456760.277754191309214, -366885.904297653061803 ], [ 11456788.427113827317953, -366906.39868147613015 ], [ 11456834.623589314520359, -366931.891782366670668 ], [ 11456851.443964371457696, -366945.80633700027829 ], [ 11456857.70902531594038, -366950.987917326623574 ], [ 11456858.174340790137649, -366952.976029661658686 ], [ 11456862.079428525641561, -366969.640270473144483 ], [ 11456860.738028660416603, -366969.255582382495049 ], [ 11456860.50091814622283, -366969.187565064872615 ], [ 11456867.649855844676495, -366984.598505481320899 ], [ 11456871.892241638153791, -366993.741818225360475 ], [ 11456883.835709806531668, -367053.098661812604405 ], [ 11456884.91884845122695, -367079.811649122508243 ], [ 11456885.835007861256599, -367102.394537299405783 ], [ 11456872.979833060875535, -367110.529864164593164 ], [ 11456872.358670301735401, -367110.924588100984693 ], [ 11456866.999750016257167, -367112.977375586284325 ], [ 11456838.972841821610928, -367123.715205368353054 ], [ 11456818.348679758608341, -367143.678874216217082 ], [ 11456810.564664367586374, -367144.07850444392534 ], [ 11456780.352554567158222, -367145.629524672753178 ], [ 11456738.138533866032958, -367147.796715877833776 ], [ 11456711.371539663523436, -367149.204565054154955 ], [ 11456699.236824613064528, -367149.842813808121718 ], [ 11456684.466954572126269, -367150.619996514811646 ], [ 11456672.834067787975073, -367151.232153349614237 ], [ 11456630.951222566887736, -367154.716652680013794 ], [ 11456616.409557484090328, -367162.809611864970066 ], [ 11456605.37111677788198, -367168.952366756857373 ], [ 11456591.814629193395376, -367170.823403803340625 ], [ 11456569.855746438726783, -367173.854082471458241 ], [ 11456550.066480562090874, -367143.82828953943681 ], [ 11456534.510694917291403, -367113.785779143450782 ], [ 11456525.642316360026598, -367108.349627725896426 ], [ 11456520.43456794694066, -367105.157381655764766 ], [ 11456511.118017118424177, -367099.446373489976395 ], [ 11456506.83555630967021, -367099.226710761722643 ], [ 11456452.924640115350485, -367096.464758581365459 ], [ 11456414.033951489254832, -367094.277832191204652 ], [ 11456396.808484805747867, -367093.309197641036008 ], [ 11456386.925540413707495, -367092.753908130980562 ], [ 11456341.8611841481179, -367067.419105815002695 ], [ 11456341.744855282828212, -367067.136443441791926 ], [ 11456340.620083145797253, -367064.403148567362223 ], [ 11456317.775319883599877, -367000.33180559676839 ], [ 11456269.443959206342697, -366931.172806145390496 ], [ 11456270.862726116552949, -366930.297278664715122 ], [ 11456271.886865433305502, -366929.66616741445614 ], [ 11456297.435690442100167, -366913.90912701835623 ], [ 11456109.213133189827204, -366762.069684238405898 ], [ 11456107.906687641516328, -366759.597872777201701 ], [ 11456096.405491814017296, -366737.837393102410715 ], [ 11456052.290134208276868, -366598.14559613057645 ], [ 11456041.425240587443113, -366531.859285058279056 ], [ 11456037.872033761814237, -366510.181473974545952 ], [ 11456039.210539320483804, -366510.184261553687975 ], [ 11456020.982417980208993, -366419.967285988735966 ], [ 11456018.621888179332018, -366380.559928539500106 ], [ 11456017.457041027024388, -366361.112545113544911 ], [ 11456017.267241295427084, -366361.112099105550442 ], [ 11456021.809855757281184, -366229.157303120766301 ], [ 11455956.944099789485335, -366236.087775478023104 ] ] ] ] } },
{ "type": "Feature", "properties": { "fid": 40728, "kdkab": "74", "kdkec": "032", "nmkab": "LUBUKLINGGAU", "nmkec": "LUBUK LINGGAU TIMUR II", "kddesa": "007", "kdprov": "16", "nmdesa": "DEMPO", "nmprov": "SUMATERA SELATAN", "iddesa": "1674032007" }, "geometry": { "type": "MultiPolygon", "coordinates": [ [ [ [ 11450861.103941077366471, -367350.248643853992689 ], [ 11450832.534016402438283, -367357.561980048776604 ], [ 11450826.502615071833134, -367358.833908284665085 ], [ 11450824.21177127584815, -367358.64267860702239 ], [ 11450818.883909121155739, -367358.197888413327746 ], [ 11450815.70952252484858, -367355.018235123716295 ], [ 11450810.760814558714628, -367349.751669733435847 ], [ 11450808.868160575628281, -367349.452281023608521 ], [ 11450807.940089982002974, -367349.305430023814552 ], [ 11450807.601901371032, -367349.336985707806889 ], [ 11450801.022696822881699, -367349.950035663729068 ], [ 11450794.909586990252137, -367351.078011919860728 ], [ 11450793.357904611155391, -367351.466492481064051 ], [ 11450789.11830179952085, -367352.528235267091077 ], [ 11450785.739977894350886, -367353.817335091298446 ], [ 11450775.115757010877132, -367357.843974127899855 ], [ 11450773.835582869127393, -367358.329128839133773 ], [ 11450773.901150047779083, -367357.846204213390592 ], [ 11450774.579308388754725, -367352.851597390137613 ], [ 11450779.405676230788231, -367321.428162992815487 ], [ 11450779.547051982954144, -367320.507584751292598 ], [ 11450785.219670591875911, -367283.574072288465686 ], [ 11450785.779051033779979, -367261.022145353781525 ], [ 11450785.785841526463628, -367260.748960345634259 ], [ 11450785.804320555180311, -367260.002440483542159 ], [ 11450788.197021692991257, -367163.536617871897761 ], [ 11450788.208932878449559, -367163.536394859896973 ], [ 11450800.789148533716798, -367163.216935931530315 ], [ 11450800.78937117010355, -367163.231431455234997 ], [ 11450818.752106847241521, -367161.99061506963335 ], [ 11450830.644479366019368, -367155.14114833221538 ], [ 11450844.39800245501101, -367147.219794318603817 ], [ 11450847.867274384945631, -367145.331140045425855 ], [ 11450891.99009039439261, -367121.311626262729988 ], [ 11450892.071464942768216, -367121.267359201330692 ], [ 11450892.088162865489721, -367121.857103576941881 ], [ 11450955.957498073577881, -367099.05410268669948 ], [ 11451048.461211934685707, -367077.184728655556682 ], [ 11451056.522078901529312, -367075.279015474545304 ], [ 11451059.182058131322265, -367074.650133479677606 ], [ 11451084.181855419650674, -367064.182147856918164 ], [ 11451127.601020928472281, -367046.00144019263098 ], [ 11451132.099218906834722, -367044.117916823364794 ], [ 11451128.411538137122989, -367038.94101530557964 ], [ 11451130.298960100859404, -367038.282027468667366 ], [ 11451137.885939996689558, -367034.259079660347197 ], [ 11451196.294052304700017, -366975.065933728008531 ], [ 11451233.584077965468168, -366926.414606482780073 ], [ 11451309.158657632768154, -366993.208606964384671 ], [ 11451326.970444075763226, -366983.131115362397395 ], [ 11451332.979470182210207, -366979.116978349687997 ], [ 11451350.031167143955827, -367001.386966302001383 ], [ 11451351.439581343904138, -367003.226333434286062 ], [ 11451363.203045893460512, -367018.587436360772699 ], [ 11451364.855361092835665, -367020.745035753352568 ], [ 11451364.863376101478934, -367020.741244624718092 ], [ 11451370.602341126650572, -367018.058685137482826 ], [ 11451370.797595517709851, -367017.944059188710526 ], [ 11451381.615512309595942, -367012.891374165774323 ], [ 11451395.81119641661644, -367011.669180608238094 ], [ 11451409.932407779619098, -367010.491700098325964 ], [ 11451410.081130621954799, -367010.517791998689063 ], [ 11451412.720961028710008, -367010.297460417903494 ], [ 11451420.338331140577793, -367009.661665550549515 ], [ 11451430.94184660166502, -367008.776548114605248 ], [ 11451430.958099246025085, -367008.762721639650408 ], [ 11451431.74679783731699, -367008.688237080583349 ], [ 11451455.11186839826405, -367034.591138153453358 ], [ 11451455.852699607610703, -367035.412475589837413 ], [ 11451449.424444293603301, -367040.435501606902108 ], [ 11451400.930668478831649, -367078.093039444822352 ], [ 11451400.825805518776178, -367078.174437295470852 ], [ 11451401.673503438010812, -367078.955968156922609 ], [ 11451419.00450100377202, -367094.933809748792555 ], [ 11451436.62415000423789, -367111.351313666033093 ], [ 11451436.746490128338337, -367113.558422607544344 ], [ 11451436.797140488401055, -367114.560174003127031 ], [ 11451435.704873651266098, -367118.178922929510009 ], [ 11451431.899305541068316, -367126.495779380376916 ], [ 11451431.592954302206635, -367127.062330966116861 ], [ 11451427.372053164988756, -367133.918486206384841 ], [ 11451425.912988601252437, -367136.768304437748156 ], [ 11451422.713666437193751, -367140.208536238467786 ], [ 11451422.341302741318941, -367140.315134030592162 ], [ 11451419.727187138050795, -367141.854669299325906 ], [ 11451359.456031836569309, -367177.350624944258016 ], [ 11451358.058081666007638, -367178.097478758427314 ], [ 11451357.840340748429298, -367178.302200105972588 ], [ 11451351.950537806376815, -367183.837035996140912 ], [ 11451345.296971840783954, -367190.090181026956998 ], [ 11451330.888890145346522, -367194.321758513571694 ], [ 11451309.95971268415451, -367200.470090350194369 ], [ 11451308.273222401738167, -367201.91964270430617 ], [ 11451304.326946444809437, -367205.309365201392211 ], [ 11451280.822949163615704, -367225.503862120851409 ], [ 11451277.333639722317457, -367229.001632766390685 ], [ 11451265.42456927895546, -367240.939369038853329 ], [ 11451265.41622031852603, -367240.947731844207738 ], [ 11451249.595605608075857, -367256.806398905522656 ], [ 11451249.423060392960906, -367257.650484820769634 ], [ 11451248.712842047214508, -367261.124952125072014 ], [ 11451213.618259375914931, -367283.010976538469549 ], [ 11451198.612392017617822, -367292.36840178607963 ], [ 11451184.306835576891899, -367297.682465199264698 ], [ 11451183.957737656310201, -367297.812144493276719 ], [ 11451181.116418970748782, -367298.867642543511465 ], [ 11451181.054302694275975, -367298.890723894175608 ], [ 11451195.689364828169346, -367314.635999532183632 ], [ 11451195.054509771987796, -367327.990739809174556 ], [ 11451187.118431955575943, -367338.801737141737249 ], [ 11451179.81720919534564, -367348.340807398373727 ], [ 11451168.706744775176048, -367350.566653763176873 ], [ 11451154.938750153407454, -367354.381100231548771 ], [ 11451150.746792087331414, -367355.080900470260531 ], [ 11451138.54951548203826, -367356.60806175385369 ], [ 11451123.617564264684916, -367358.772915493580513 ], [ 11451114.423910161480308, -367360.105725032044575 ], [ 11451100.142176086083055, -367359.295981630741153 ], [ 11451097.599304962903261, -367359.151806721813045 ], [ 11451086.758122390136123, -367358.946973531099502 ], [ 11451081.175672564655542, -367358.841156056034379 ], [ 11451080.774811077862978, -367358.833908284665085 ], [ 11451069.664346663281322, -367358.833908284665085 ], [ 11451060.901610305532813, -367359.251825970946811 ], [ 11451049.665354862809181, -367359.787826598563697 ], [ 11451038.569139344617724, -367360.581624902202748 ], [ 11451036.332730771973729, -367360.741633411264047 ], [ 11451029.031508011743426, -367361.695551741693635 ], [ 11451020.610633809119463, -367363.485193980217446 ], [ 11451018.555898645892739, -367363.921398374426644 ], [ 11451010.858712457120419, -367365.164893110981211 ], [ 11451008.715144345536828, -367365.51122513244627 ], [ 11451005.845995789393783, -367365.51122513244627 ], [ 11450997.92205179668963, -367365.51122513244627 ], [ 11450992.312328692525625, -367365.51122513244627 ], [ 11450988.436517985537648, -367365.257999115332495 ], [ 11450978.462625566869974, -367363.163281384273432 ], [ 11450967.274237506091595, -367358.805028701666743 ], [ 11450966.879943868145347, -367358.651375936518889 ], [ 11450958.514618093147874, -367355.5898055563448 ], [ 11450952.723332900553942, -367352.689358807168901 ], [ 11450945.966796413064003, -367349.62778859800892 ], [ 11450938.245008610188961, -367347.855206718784757 ], [ 11450928.110148210078478, -367345.921612846839707 ], [ 11450927.180407822132111, -367345.863407669530716 ], [ 11450925.227529998868704, -367345.479164292395581 ], [ 11450914.434437451884151, -367345.161154391418677 ], [ 11450898.879653679206967, -367345.797062684898265 ], [ 11450895.378878336399794, -367346.204833448340651 ], [ 11450893.549231184646487, -367346.417917919403408 ], [ 11450885.229657722637057, -367347.38688918936532 ], [ 11450870.627212194725871, -367348.976827219536062 ], [ 11450861.103941077366471, -367350.248643853992689 ] ] ] ] } },
{ "type": "Feature", "properties": { "fid": 40487, "kdkab": "74", "kdkec": "041", "nmkab": "LUBUKLINGGAU", "nmkec": "LUBUK LINGGAU UTARA I", "kddesa": "005", "kdprov": "16", "nmdesa": "BELALAU II", "nmprov": "SUMATERA SELATAN", "iddesa": "1674041005" }, "geometry": { "type": "MultiPolygon", "coordinates": [ [ [ [ 11448612.704035492613912, -356926.445413296518382 ], [ 11448588.403658570721745, -356808.311393977433909 ], [ 11448586.617426017299294, -356799.62792841886403 ], [ 11448583.46485804207623, -356784.300888053956442 ], [ 11448545.286725478246808, -356598.708621130383108 ], [ 11448494.623555423691869, -356278.23086570185842 ], [ 11448494.619659245014191, -356278.206448687415104 ], [ 11448499.325913354754448, -356277.199107549327891 ], [ 11448519.736675951629877, -356272.830246283498127 ], [ 11448530.071577474474907, -356270.619336078932974 ], [ 11448593.667289374396205, -356262.752376050921157 ], [ 11448696.881608039140701, -356310.975422396499198 ], [ 11448899.528722273185849, -356261.670892080292106 ], [ 11449022.88964238576591, -356231.655813608202152 ], [ 11449197.906145811080933, -356201.125644735293463 ], [ 11449476.055704679340124, -356152.603843260847498 ], [ 11449937.020810494199395, -356145.573089451005217 ], [ 11450301.977308278903365, -356125.738472323922906 ], [ 11450362.256812544539571, -356122.462806263123639 ], [ 11450942.384980473667383, -356139.680680347781163 ], [ 11451340.285813642665744, -356168.141743813932408 ], [ 11451403.271049451082945, -356172.646957150427625 ], [ 11451713.205662520602345, -356181.295477699197363 ], [ 11451739.103028863668442, -356178.091165637713857 ], [ 11451776.80248761177063, -356173.427408892370295 ], [ 11451963.831477293744683, -356045.802435851248447 ], [ 11452027.280247457325459, -355999.16270103410352 ], [ 11452068.077727641910315, -355969.174449764424935 ], [ 11452075.746527357026935, -355973.607407853356563 ], [ 11452089.746066519990563, -355981.699563681904692 ], [ 11452099.976327728480101, -355991.008107931353152 ], [ 11452107.310055777430534, -355997.679844987229444 ], [ 11452114.245260056108236, -356006.695164089207537 ], [ 11452118.675775784999132, -356012.454889726650435 ], [ 11452123.472087368369102, -356044.276654399640393 ], [ 11452134.07682734169066, -356114.635993933887221 ], [ 11452149.897553371265531, -356178.909525079594459 ], [ 11452153.811546670272946, -356215.054482776438817 ], [ 11452169.67346091195941, -356259.252604757726658 ], [ 11452162.350864805281162, -356290.901066152029671 ], [ 11452157.60197532735765, -356311.423625225957949 ], [ 11452157.428316922858357, -356395.740420028450899 ], [ 11452166.213651139289141, -356407.95451427786611 ], [ 11452189.243427393957973, -356439.972059898485895 ], [ 11452217.078866064548492, -356480.181034733250272 ], [ 11452256.912319453433156, -356504.355037561792415 ], [ 11452261.186876581981778, -356536.406950190896168 ], [ 11452262.759932305663824, -356548.202067004807759 ], [ 11452263.692789638414979, -356555.194937804364599 ], [ 11452265.579655010253191, -356569.345691048773006 ], [ 11452268.695487555116415, -356592.711384761903901 ], [ 11452288.317774197086692, -356621.572599897393957 ], [ 11452312.435141880065203, -356657.044276412692852 ], [ 11452320.278713198378682, -356721.302503575279843 ], [ 11452316.714263102039695, -356780.230253037938382 ], [ 11452313.569598810747266, -356832.217435304424725 ], [ 11452312.022146571427584, -356857.798675589205232 ], [ 11452268.059853265061975, -356901.873288163042162 ], [ 11452212.024961184710264, -356998.11813703738153 ], [ 11452206.115009419620037, -357007.74229190684855 ], [ 11452188.861490217968822, -357035.836868117505219 ], [ 11452185.190284734591842, -357041.814839318511076 ], [ 11452180.01170201972127, -357050.248242346104234 ], [ 11452146.997680637985468, -357058.920243101310916 ], [ 11452104.191996840760112, -357070.16552559036063 ], [ 11452070.905242703855038, -357082.973954987945035 ], [ 11452052.302642596885562, -357090.132984615280293 ], [ 11452056.114221965894103, -357125.331646394508425 ], [ 11452056.216635897755623, -357126.277115827077068 ], [ 11452057.150829061865807, -357127.326386209344491 ], [ 11452055.528124844655395, -357197.212543122645002 ], [ 11452064.522294424474239, -357197.212543122645002 ], [ 11452075.765117712318897, -357189.330244550714269 ], [ 11452099.021317817270756, -357193.621095021720976 ], [ 11452099.100354654714465, -357193.861922285228502 ], [ 11452099.672648154199123, -357195.631222219788469 ], [ 11452102.384390950202942, -357204.261758222361095 ], [ 11452104.316118076443672, -357214.258543849689886 ], [ 11452104.848002605140209, -357217.226405949390028 ], [ 11452106.655497170984745, -357226.665945023298264 ], [ 11452108.269295828416944, -357234.877042406995315 ], [ 11452108.462991744279861, -357236.28331804118352 ], [ 11452108.462991744279861, -357241.32095808989834 ], [ 11452108.333861133083701, -357250.458684475568589 ], [ 11452108.393751019611955, -357260.902788755483925 ], [ 11452104.977689806371927, -357278.580636561149731 ], [ 11452104.202460875734687, -357282.333307930617593 ], [ 11452102.243015198037028, -357292.652653129014652 ], [ 11452096.441043334081769, -357302.614548822049983 ], [ 11452096.323378637433052, -357302.816576329176314 ], [ 11452086.603739939630032, -357319.504919369821437 ], [ 11452080.576123468577862, -357329.854259876708966 ], [ 11452078.034254217520356, -357333.107327250763774 ], [ 11452061.98487794958055, -357353.647020869306289 ], [ 11452061.77927084825933, -357353.947386403451674 ], [ 11452037.266718974336982, -357389.75076320185326 ], [ 11452037.196476379409432, -357389.853449445101433 ], [ 11452038.084137996658683, -357402.744866531225853 ], [ 11452039.262232167646289, -357419.853111826174427 ], [ 11452059.919122161343694, -357450.887115229561459 ], [ 11452065.290732868015766, -357462.415743572870269 ], [ 11452067.133293077349663, -357466.370337306521833 ], [ 11452067.149100448936224, -357466.40423159772763 ], [ 11452061.943801056593657, -357476.483434563910123 ], [ 11452057.661228926852345, -357484.77616383851273 ], [ 11452052.366428667679429, -357494.852135095105041 ], [ 11452051.265367584303021, -357496.857250361004844 ], [ 11452032.032253880053759, -357519.162264656508341 ], [ 11452023.769453357905149, -357547.092958580993582 ], [ 11452023.773460863158107, -357547.248270347306971 ], [ 11452024.802275594323874, -357587.4373435145244 ], [ 11452040.295054402202368, -357606.057816534477752 ], [ 11452045.17563483864069, -357607.086910832847934 ], [ 11452045.258679181337357, -357607.18023173121037 ], [ 11452071.118976125493646, -357636.227453526749741 ], [ 11452109.582086589187384, -357668.044653718883637 ], [ 11452114.915403392165899, -357672.455378883110825 ], [ 11452154.053109962493181, -357662.036211650818586 ], [ 11452165.507885564118624, -357662.828937985876109 ], [ 11452176.272480325773358, -357663.574836610991042 ], [ 11452200.308584781363606, -357659.355882431613281 ], [ 11452205.326867420226336, -357658.475075419759378 ], [ 11452222.89976223744452, -357647.638919858145528 ], [ 11452227.56404890678823, -357644.762360582360998 ], [ 11452236.732322163879871, -357640.17101533227833 ], [ 11452265.188923599198461, -357625.92201402731007 ], [ 11452291.822111768648028, -357620.394115565461107 ], [ 11452306.209042755886912, -357617.40829233994009 ], [ 11452336.151759395375848, -357622.231545278627891 ], [ 11452371.108305890113115, -357627.863133740436751 ], [ 11452398.881405647844076, -357632.29058152862126 ], [ 11452425.761723093688488, -357636.576431423076428 ], [ 11452494.109664041548967, -357631.560292342503089 ], [ 11452496.003208588808775, -357631.468866823997814 ], [ 11452528.281408136710525, -357629.911288231494837 ], [ 11452570.940150201320648, -357655.799206063966267 ], [ 11452606.158742785453796, -357684.284284566703718 ], [ 11452613.579967960715294, -357690.286707101389766 ], [ 11452626.734592188149691, -357706.655228890944272 ], [ 11452635.437549978494644, -357717.484700387285557 ], [ 11452635.732546627521515, -357717.851517672708724 ], [ 11452652.757749546319246, -357747.126662755035795 ], [ 11452654.974120607599616, -357749.647556695330422 ], [ 11452680.028798399493098, -357778.142247228941415 ], [ 11452716.253273900598288, -357802.564043465361465 ], [ 11452726.092803696170449, -357809.196863300574478 ], [ 11452785.845766767859459, -357829.960524189518765 ], [ 11452843.91891872137785, -357836.961278232338373 ], [ 11452878.095115592703223, -357833.593022411514539 ], [ 11452879.226121617481112, -357834.43592256528791 ], [ 11452885.732745854184031, -357839.283713541459292 ], [ 11452910.505785338580608, -357857.739438509976026 ], [ 11452941.208814088255167, -357881.88251488894457 ], [ 11452951.146305037662387, -357893.268362042668741 ], [ 11452966.775561539456248, -357911.174426376237534 ], [ 11452976.621770502999425, -357935.389985729649197 ], [ 11452978.674501914530993, -357940.438471702160314 ], [ 11453005.917720893397927, -357985.213690917473286 ], [ 11453024.490264739841223, -358009.356794343795627 ], [ 11453029.772374577820301, -358016.222650593088474 ], [ 11453053.661537302657962, -358030.031295822176617 ], [ 11453065.183104595169425, -358029.411384060920682 ], [ 11453065.918926430866122, -358032.542161491699517 ], [ 11453066.041377872228622, -358033.062842790561263 ], [ 11453067.407268026843667, -358033.935848050517961 ], [ 11453099.132209703326225, -358029.686776513408404 ], [ 11453199.564654299989343, -358010.371397952898405 ], [ 11453256.936493463814259, -358001.830888735945337 ], [ 11453268.035046696662903, -358000.177419467072468 ], [ 11453350.177698951214552, -357999.200724210706539 ], [ 11453402.531255474314094, -358011.362587641517166 ], [ 11453429.997113432735205, -358017.742326198553201 ], [ 11453475.559067824855447, -358040.553072083566803 ], [ 11453538.26533698476851, -358071.947819419030566 ], [ 11453550.045165505260229, -358082.603393524652347 ], [ 11453581.536336254328489, -358111.08590299327625 ], [ 11453604.426963144913316, -358121.988999692373909 ], [ 11453620.286650998517871, -358129.542787009500898 ], [ 11453600.73449563421309, -358206.450962453091051 ], [ 11453574.989636996760964, -358289.004190538544208 ], [ 11453573.172902908176184, -358294.828698671597522 ], [ 11453572.921320861205459, -358296.080789565050509 ], [ 11453566.256622944027185, -358329.269565457419958 ], [ 11453564.81392234377563, -358342.458335238858126 ], [ 11453563.885517794638872, -358350.929742998210713 ], [ 11453563.857687920331955, -358386.688500888645649 ], [ 11453567.967603521421552, -358409.478136698890012 ], [ 11453572.292365739122033, -358433.459662013221532 ], [ 11453560.935551283881068, -358476.920545097615104 ], [ 11453528.233224475756288, -358602.058546481886879 ], [ 11453526.682543972507119, -358607.992336241470184 ], [ 11453524.227949196472764, -358617.38583156367531 ], [ 11453522.701758971437812, -358616.94765425811056 ], [ 11453215.235099017620087, -358528.778163907059934 ], [ 11453158.847324149683118, -358512.609100544068497 ], [ 11453115.77224718593061, -358499.662255993287545 ], [ 11452837.162938823923469, -358415.923679826082662 ], [ 11452750.703316716477275, -358409.739035685081035 ], [ 11452606.713781768456101, -358399.439100867602974 ], [ 11452300.197790257632732, -358345.113036655937321 ], [ 11452241.253006689250469, -358334.665934008779004 ], [ 11451947.207024538889527, -358326.048468732042238 ], [ 11451864.954165982082486, -358335.50214816420339 ], [ 11451605.376037765294313, -358365.337158380250912 ], [ 11451354.893825141713023, -358428.819226993597113 ], [ 11451132.211428957059979, -358500.359102131158579 ], [ 11451124.688457768410444, -358500.343492777668871 ], [ 11451089.050635987892747, -358500.268790875095874 ], [ 11451089.033938063308597, -358500.268790875095874 ], [ 11450901.731102438643575, -358499.874097217107192 ], [ 11450689.719458676874638, -358508.70575832168106 ], [ 11450687.25963188894093, -358508.808222586638294 ], [ 11450353.296706728637218, -358522.720618383318651 ], [ 11450113.162753971293569, -358519.152765477774665 ], [ 11449725.457005048170686, -358513.391798220924102 ], [ 11449415.53575031273067, -358496.733272328856401 ], [ 11449453.31201951391995, -358767.006198827410117 ], [ 11449454.687928423285484, -358776.850149752513971 ], [ 11449454.201462248340249, -359008.877304159395862 ], [ 11449441.925148801878095, -359017.078941579267848 ], [ 11449382.572935892269015, -359056.731347088585608 ], [ 11449280.868109524250031, -359060.307021607877687 ], [ 11449167.972334738820791, -359064.276276898570359 ], [ 11449049.992598807439208, -359056.11365963780554 ], [ 11449049.512811809778214, -359056.077980943839066 ], [ 11449048.775876777246594, -359056.022232979536057 ], [ 11449047.841906249523163, -359051.169930250733159 ], [ 11449046.958029493689537, -359046.582988019508775 ], [ 11448995.207824608311057, -358777.878139691136312 ], [ 11448970.15648640319705, -358647.805152379325591 ], [ 11448943.823860855773091, -358531.170855457079597 ], [ 11448943.822747660800815, -358531.165280681976583 ], [ 11448912.341595666483045, -358391.729202230519149 ], [ 11448894.856643246486783, -358314.280149700352922 ], [ 11448894.855530051514506, -358314.275689895148389 ], [ 11448889.754091745242476, -358291.680409276974387 ], [ 11448859.914568284526467, -358159.514882073912304 ], [ 11448820.550883138552308, -357961.018190029833931 ], [ 11448820.549769951030612, -357961.013730238424614 ], [ 11448760.805378476157784, -357659.744998440146446 ], [ 11448759.219409689307213, -357651.747493998787832 ], [ 11448708.768859865143895, -357397.346646771125961 ], [ 11448708.414418607950211, -357395.559393122501206 ], [ 11448708.511934483423829, -357395.565302321338095 ], [ 11448695.825297392904758, -357331.602712504740339 ], [ 11448696.213357133790851, -357331.621443535084836 ], [ 11448654.813415871933103, -357130.848371433618013 ], [ 11448654.740724246948957, -357130.797195671068039 ], [ 11448645.585586683824658, -357086.290901380765717 ], [ 11448618.979449145495892, -356956.952027871797327 ], [ 11448612.704035492613912, -356926.445413296518382 ] ] ] ] } }
]
}
